[2026-03-11T11:16:10.793+0000] {processor.py:161} INFO - Started process (PID=168) to work on /opt/airflow/dags/setup_data_warehouse.py
[2026-03-11T11:16:10.795+0000] {processor.py:830} INFO - Processing file /opt/airflow/dags/setup_data_warehouse.py for tasks to queue
[2026-03-11T11:16:10.799+0000] {logging_mixin.py:188} INFO - [2026-03-11T11:16:10.798+0000] {dagbag.py:538} INFO - Filling up the DagBag from /opt/airflow/dags/setup_data_warehouse.py
[2026-03-11T11:16:10.894+0000] {logging_mixin.py:188} INFO - [2026-03-11T11:16:10.890+0000] {templater.py:95} ERROR - Failed to resolve template field 'sql'
Traceback (most recent call last):
  File "/home/airflow/.local/lib/python3.11/site-packages/airflow/template/templater.py", line 93, in resolve_template_files
    setattr(self, field, env.loader.get_source(env, content)[0])  # type: ignore
                         ^^^^^^^^^^^^^^^^^^^^^^^^^^^^^^^^^^^
  File "/home/airflow/.local/lib/python3.11/site-packages/jinja2/loaders.py", line 218, in get_source
    raise TemplateNotFound(template)
jinja2.exceptions.TemplateNotFound: /sql/01_create_schemas.sql
[2026-03-11T11:16:10.898+0000] {logging_mixin.py:188} INFO - [2026-03-11T11:16:10.896+0000] {templater.py:95} ERROR - Failed to resolve template field 'sql'
Traceback (most recent call last):
  File "/home/airflow/.local/lib/python3.11/site-packages/airflow/template/templater.py", line 93, in resolve_template_files
    setattr(self, field, env.loader.get_source(env, content)[0])  # type: ignore
                         ^^^^^^^^^^^^^^^^^^^^^^^^^^^^^^^^^^^
  File "/home/airflow/.local/lib/python3.11/site-packages/jinja2/loaders.py", line 218, in get_source
    raise TemplateNotFound(template)
jinja2.exceptions.TemplateNotFound: /sql/02_create_staging_tables.sql
[2026-03-11T11:16:10.905+0000] {logging_mixin.py:188} INFO - [2026-03-11T11:16:10.903+0000] {templater.py:95} ERROR - Failed to resolve template field 'sql'
Traceback (most recent call last):
  File "/home/airflow/.local/lib/python3.11/site-packages/airflow/template/templater.py", line 93, in resolve_template_files
    setattr(self, field, env.loader.get_source(env, content)[0])  # type: ignore
                         ^^^^^^^^^^^^^^^^^^^^^^^^^^^^^^^^^^^
  File "/home/airflow/.local/lib/python3.11/site-packages/jinja2/loaders.py", line 218, in get_source
    raise TemplateNotFound(template)
jinja2.exceptions.TemplateNotFound: /sql/03_create_core_tables.sql
[2026-03-11T11:16:10.910+0000] {logging_mixin.py:188} INFO - [2026-03-11T11:16:10.907+0000] {templater.py:95} ERROR - Failed to resolve template field 'sql'
Traceback (most recent call last):
  File "/home/airflow/.local/lib/python3.11/site-packages/airflow/template/templater.py", line 93, in resolve_template_files
    setattr(self, field, env.loader.get_source(env, content)[0])  # type: ignore
                         ^^^^^^^^^^^^^^^^^^^^^^^^^^^^^^^^^^^
  File "/home/airflow/.local/lib/python3.11/site-packages/jinja2/loaders.py", line 218, in get_source
    raise TemplateNotFound(template)
jinja2.exceptions.TemplateNotFound: /sql/04_create_analytics_tables.sql
[2026-03-11T11:16:10.988+0000] {processor.py:840} INFO - DAG(s) 'setup_data_warehouse' retrieved from /opt/airflow/dags/setup_data_warehouse.py
[2026-03-11T11:16:11.129+0000] {logging_mixin.py:188} INFO - [2026-03-11T11:16:11.128+0000] {dag.py:3033} INFO - Sync 1 DAGs
[2026-03-11T11:16:11.198+0000] {logging_mixin.py:188} INFO - [2026-03-11T11:16:11.198+0000] {dag.py:3820} INFO - Setting next_dagrun for setup_data_warehouse to None, run_after=None
[2026-03-11T11:16:11.269+0000] {processor.py:183} INFO - Processing /opt/airflow/dags/setup_data_warehouse.py took 0.486 seconds
[2026-03-11T11:16:42.787+0000] {processor.py:161} INFO - Started process (PID=200) to work on /opt/airflow/dags/setup_data_warehouse.py
[2026-03-11T11:16:42.791+0000] {processor.py:830} INFO - Processing file /opt/airflow/dags/setup_data_warehouse.py for tasks to queue
[2026-03-11T11:16:42.809+0000] {logging_mixin.py:188} INFO - [2026-03-11T11:16:42.807+0000] {dagbag.py:538} INFO - Filling up the DagBag from /opt/airflow/dags/setup_data_warehouse.py
[2026-03-11T11:16:42.897+0000] {logging_mixin.py:188} INFO - [2026-03-11T11:16:42.890+0000] {templater.py:95} ERROR - Failed to resolve template field 'sql'
Traceback (most recent call last):
  File "/home/airflow/.local/lib/python3.11/site-packages/airflow/template/templater.py", line 93, in resolve_template_files
    setattr(self, field, env.loader.get_source(env, content)[0])  # type: ignore
                         ^^^^^^^^^^^^^^^^^^^^^^^^^^^^^^^^^^^
  File "/home/airflow/.local/lib/python3.11/site-packages/jinja2/loaders.py", line 218, in get_source
    raise TemplateNotFound(template)
jinja2.exceptions.TemplateNotFound: /sql/01_create_schemas.sql
[2026-03-11T11:16:42.904+0000] {logging_mixin.py:188} INFO - [2026-03-11T11:16:42.900+0000] {templater.py:95} ERROR - Failed to resolve template field 'sql'
Traceback (most recent call last):
  File "/home/airflow/.local/lib/python3.11/site-packages/airflow/template/templater.py", line 93, in resolve_template_files
    setattr(self, field, env.loader.get_source(env, content)[0])  # type: ignore
                         ^^^^^^^^^^^^^^^^^^^^^^^^^^^^^^^^^^^
  File "/home/airflow/.local/lib/python3.11/site-packages/jinja2/loaders.py", line 218, in get_source
    raise TemplateNotFound(template)
jinja2.exceptions.TemplateNotFound: /sql/02_create_staging_tables.sql
[2026-03-11T11:16:42.907+0000] {logging_mixin.py:188} INFO - [2026-03-11T11:16:42.907+0000] {templater.py:95} ERROR - Failed to resolve template field 'sql'
Traceback (most recent call last):
  File "/home/airflow/.local/lib/python3.11/site-packages/airflow/template/templater.py", line 93, in resolve_template_files
    setattr(self, field, env.loader.get_source(env, content)[0])  # type: ignore
                         ^^^^^^^^^^^^^^^^^^^^^^^^^^^^^^^^^^^
  File "/home/airflow/.local/lib/python3.11/site-packages/jinja2/loaders.py", line 218, in get_source
    raise TemplateNotFound(template)
jinja2.exceptions.TemplateNotFound: /sql/03_create_core_tables.sql
[2026-03-11T11:16:42.913+0000] {logging_mixin.py:188} INFO - [2026-03-11T11:16:42.912+0000] {templater.py:95} ERROR - Failed to resolve template field 'sql'
Traceback (most recent call last):
  File "/home/airflow/.local/lib/python3.11/site-packages/airflow/template/templater.py", line 93, in resolve_template_files
    setattr(self, field, env.loader.get_source(env, content)[0])  # type: ignore
                         ^^^^^^^^^^^^^^^^^^^^^^^^^^^^^^^^^^^
  File "/home/airflow/.local/lib/python3.11/site-packages/jinja2/loaders.py", line 218, in get_source
    raise TemplateNotFound(template)
jinja2.exceptions.TemplateNotFound: /sql/04_create_analytics_tables.sql
[2026-03-11T11:16:42.932+0000] {processor.py:840} INFO - DAG(s) 'setup_data_warehouse' retrieved from /opt/airflow/dags/setup_data_warehouse.py
[2026-03-11T11:16:43.791+0000] {logging_mixin.py:188} INFO - [2026-03-11T11:16:43.790+0000] {dag.py:3033} INFO - Sync 1 DAGs
[2026-03-11T11:16:43.850+0000] {logging_mixin.py:188} INFO - [2026-03-11T11:16:43.850+0000] {dag.py:3820} INFO - Setting next_dagrun for setup_data_warehouse to None, run_after=None
[2026-03-11T11:16:43.949+0000] {processor.py:183} INFO - Processing /opt/airflow/dags/setup_data_warehouse.py took 1.183 seconds
[2026-03-11T11:17:14.069+0000] {processor.py:161} INFO - Started process (PID=232) to work on /opt/airflow/dags/setup_data_warehouse.py
[2026-03-11T11:17:14.072+0000] {processor.py:830} INFO - Processing file /opt/airflow/dags/setup_data_warehouse.py for tasks to queue
[2026-03-11T11:17:14.081+0000] {logging_mixin.py:188} INFO - [2026-03-11T11:17:14.080+0000] {dagbag.py:538} INFO - Filling up the DagBag from /opt/airflow/dags/setup_data_warehouse.py
[2026-03-11T11:17:14.126+0000] {logging_mixin.py:188} INFO - [2026-03-11T11:17:14.121+0000] {templater.py:95} ERROR - Failed to resolve template field 'sql'
Traceback (most recent call last):
  File "/home/airflow/.local/lib/python3.11/site-packages/airflow/template/templater.py", line 93, in resolve_template_files
    setattr(self, field, env.loader.get_source(env, content)[0])  # type: ignore
                         ^^^^^^^^^^^^^^^^^^^^^^^^^^^^^^^^^^^
  File "/home/airflow/.local/lib/python3.11/site-packages/jinja2/loaders.py", line 218, in get_source
    raise TemplateNotFound(template)
jinja2.exceptions.TemplateNotFound: /sql/01_create_schemas.sql
[2026-03-11T11:17:14.131+0000] {logging_mixin.py:188} INFO - [2026-03-11T11:17:14.129+0000] {templater.py:95} ERROR - Failed to resolve template field 'sql'
Traceback (most recent call last):
  File "/home/airflow/.local/lib/python3.11/site-packages/airflow/template/templater.py", line 93, in resolve_template_files
    setattr(self, field, env.loader.get_source(env, content)[0])  # type: ignore
                         ^^^^^^^^^^^^^^^^^^^^^^^^^^^^^^^^^^^
  File "/home/airflow/.local/lib/python3.11/site-packages/jinja2/loaders.py", line 218, in get_source
    raise TemplateNotFound(template)
jinja2.exceptions.TemplateNotFound: /sql/02_create_staging_tables.sql
[2026-03-11T11:17:14.134+0000] {logging_mixin.py:188} INFO - [2026-03-11T11:17:14.133+0000] {templater.py:95} ERROR - Failed to resolve template field 'sql'
Traceback (most recent call last):
  File "/home/airflow/.local/lib/python3.11/site-packages/airflow/template/templater.py", line 93, in resolve_template_files
    setattr(self, field, env.loader.get_source(env, content)[0])  # type: ignore
                         ^^^^^^^^^^^^^^^^^^^^^^^^^^^^^^^^^^^
  File "/home/airflow/.local/lib/python3.11/site-packages/jinja2/loaders.py", line 218, in get_source
    raise TemplateNotFound(template)
jinja2.exceptions.TemplateNotFound: /sql/03_create_core_tables.sql
[2026-03-11T11:17:14.138+0000] {logging_mixin.py:188} INFO - [2026-03-11T11:17:14.136+0000] {templater.py:95} ERROR - Failed to resolve template field 'sql'
Traceback (most recent call last):
  File "/home/airflow/.local/lib/python3.11/site-packages/airflow/template/templater.py", line 93, in resolve_template_files
    setattr(self, field, env.loader.get_source(env, content)[0])  # type: ignore
                         ^^^^^^^^^^^^^^^^^^^^^^^^^^^^^^^^^^^
  File "/home/airflow/.local/lib/python3.11/site-packages/jinja2/loaders.py", line 218, in get_source
    raise TemplateNotFound(template)
jinja2.exceptions.TemplateNotFound: /sql/04_create_analytics_tables.sql
[2026-03-11T11:17:14.156+0000] {processor.py:840} INFO - DAG(s) 'setup_data_warehouse' retrieved from /opt/airflow/dags/setup_data_warehouse.py
[2026-03-11T11:17:14.275+0000] {logging_mixin.py:188} INFO - [2026-03-11T11:17:14.272+0000] {dag.py:3033} INFO - Sync 1 DAGs
[2026-03-11T11:17:14.353+0000] {logging_mixin.py:188} INFO - [2026-03-11T11:17:14.352+0000] {dag.py:3820} INFO - Setting next_dagrun for setup_data_warehouse to None, run_after=None
[2026-03-11T11:17:14.420+0000] {processor.py:183} INFO - Processing /opt/airflow/dags/setup_data_warehouse.py took 0.362 seconds
[2026-03-11T11:17:45.012+0000] {processor.py:161} INFO - Started process (PID=264) to work on /opt/airflow/dags/setup_data_warehouse.py
[2026-03-11T11:17:45.016+0000] {processor.py:830} INFO - Processing file /opt/airflow/dags/setup_data_warehouse.py for tasks to queue
[2026-03-11T11:17:45.026+0000] {logging_mixin.py:188} INFO - [2026-03-11T11:17:45.025+0000] {dagbag.py:538} INFO - Filling up the DagBag from /opt/airflow/dags/setup_data_warehouse.py
[2026-03-11T11:17:45.077+0000] {logging_mixin.py:188} INFO - [2026-03-11T11:17:45.070+0000] {templater.py:95} ERROR - Failed to resolve template field 'sql'
Traceback (most recent call last):
  File "/home/airflow/.local/lib/python3.11/site-packages/airflow/template/templater.py", line 93, in resolve_template_files
    setattr(self, field, env.loader.get_source(env, content)[0])  # type: ignore
                         ^^^^^^^^^^^^^^^^^^^^^^^^^^^^^^^^^^^
  File "/home/airflow/.local/lib/python3.11/site-packages/jinja2/loaders.py", line 218, in get_source
    raise TemplateNotFound(template)
jinja2.exceptions.TemplateNotFound: /sql/01_create_schemas.sql
[2026-03-11T11:17:45.083+0000] {logging_mixin.py:188} INFO - [2026-03-11T11:17:45.081+0000] {templater.py:95} ERROR - Failed to resolve template field 'sql'
Traceback (most recent call last):
  File "/home/airflow/.local/lib/python3.11/site-packages/airflow/template/templater.py", line 93, in resolve_template_files
    setattr(self, field, env.loader.get_source(env, content)[0])  # type: ignore
                         ^^^^^^^^^^^^^^^^^^^^^^^^^^^^^^^^^^^
  File "/home/airflow/.local/lib/python3.11/site-packages/jinja2/loaders.py", line 218, in get_source
    raise TemplateNotFound(template)
jinja2.exceptions.TemplateNotFound: /sql/02_create_staging_tables.sql
[2026-03-11T11:17:45.094+0000] {logging_mixin.py:188} INFO - [2026-03-11T11:17:45.092+0000] {templater.py:95} ERROR - Failed to resolve template field 'sql'
Traceback (most recent call last):
  File "/home/airflow/.local/lib/python3.11/site-packages/airflow/template/templater.py", line 93, in resolve_template_files
    setattr(self, field, env.loader.get_source(env, content)[0])  # type: ignore
                         ^^^^^^^^^^^^^^^^^^^^^^^^^^^^^^^^^^^
  File "/home/airflow/.local/lib/python3.11/site-packages/jinja2/loaders.py", line 218, in get_source
    raise TemplateNotFound(template)
jinja2.exceptions.TemplateNotFound: /sql/03_create_core_tables.sql
[2026-03-11T11:17:45.098+0000] {logging_mixin.py:188} INFO - [2026-03-11T11:17:45.096+0000] {templater.py:95} ERROR - Failed to resolve template field 'sql'
Traceback (most recent call last):
  File "/home/airflow/.local/lib/python3.11/site-packages/airflow/template/templater.py", line 93, in resolve_template_files
    setattr(self, field, env.loader.get_source(env, content)[0])  # type: ignore
                         ^^^^^^^^^^^^^^^^^^^^^^^^^^^^^^^^^^^
  File "/home/airflow/.local/lib/python3.11/site-packages/jinja2/loaders.py", line 218, in get_source
    raise TemplateNotFound(template)
jinja2.exceptions.TemplateNotFound: /sql/04_create_analytics_tables.sql
[2026-03-11T11:17:45.114+0000] {processor.py:840} INFO - DAG(s) 'setup_data_warehouse' retrieved from /opt/airflow/dags/setup_data_warehouse.py
[2026-03-11T11:17:45.229+0000] {logging_mixin.py:188} INFO - [2026-03-11T11:17:45.226+0000] {dag.py:3033} INFO - Sync 1 DAGs
[2026-03-11T11:17:45.302+0000] {logging_mixin.py:188} INFO - [2026-03-11T11:17:45.301+0000] {dag.py:3820} INFO - Setting next_dagrun for setup_data_warehouse to None, run_after=None
[2026-03-11T11:17:45.439+0000] {processor.py:183} INFO - Processing /opt/airflow/dags/setup_data_warehouse.py took 0.440 seconds
[2026-03-11T11:18:15.621+0000] {processor.py:161} INFO - Started process (PID=296) to work on /opt/airflow/dags/setup_data_warehouse.py
[2026-03-11T11:18:15.624+0000] {processor.py:830} INFO - Processing file /opt/airflow/dags/setup_data_warehouse.py for tasks to queue
[2026-03-11T11:18:15.633+0000] {logging_mixin.py:188} INFO - [2026-03-11T11:18:15.632+0000] {dagbag.py:538} INFO - Filling up the DagBag from /opt/airflow/dags/setup_data_warehouse.py
[2026-03-11T11:18:15.686+0000] {logging_mixin.py:188} INFO - [2026-03-11T11:18:15.676+0000] {templater.py:95} ERROR - Failed to resolve template field 'sql'
Traceback (most recent call last):
  File "/home/airflow/.local/lib/python3.11/site-packages/airflow/template/templater.py", line 93, in resolve_template_files
    setattr(self, field, env.loader.get_source(env, content)[0])  # type: ignore
                         ^^^^^^^^^^^^^^^^^^^^^^^^^^^^^^^^^^^
  File "/home/airflow/.local/lib/python3.11/site-packages/jinja2/loaders.py", line 218, in get_source
    raise TemplateNotFound(template)
jinja2.exceptions.TemplateNotFound: /sql/01_create_schemas.sql
[2026-03-11T11:18:15.693+0000] {logging_mixin.py:188} INFO - [2026-03-11T11:18:15.691+0000] {templater.py:95} ERROR - Failed to resolve template field 'sql'
Traceback (most recent call last):
  File "/home/airflow/.local/lib/python3.11/site-packages/airflow/template/templater.py", line 93, in resolve_template_files
    setattr(self, field, env.loader.get_source(env, content)[0])  # type: ignore
                         ^^^^^^^^^^^^^^^^^^^^^^^^^^^^^^^^^^^
  File "/home/airflow/.local/lib/python3.11/site-packages/jinja2/loaders.py", line 218, in get_source
    raise TemplateNotFound(template)
jinja2.exceptions.TemplateNotFound: /sql/02_create_staging_tables.sql
[2026-03-11T11:18:15.700+0000] {logging_mixin.py:188} INFO - [2026-03-11T11:18:15.697+0000] {templater.py:95} ERROR - Failed to resolve template field 'sql'
Traceback (most recent call last):
  File "/home/airflow/.local/lib/python3.11/site-packages/airflow/template/templater.py", line 93, in resolve_template_files
    setattr(self, field, env.loader.get_source(env, content)[0])  # type: ignore
                         ^^^^^^^^^^^^^^^^^^^^^^^^^^^^^^^^^^^
  File "/home/airflow/.local/lib/python3.11/site-packages/jinja2/loaders.py", line 218, in get_source
    raise TemplateNotFound(template)
jinja2.exceptions.TemplateNotFound: /sql/03_create_core_tables.sql
[2026-03-11T11:18:15.704+0000] {logging_mixin.py:188} INFO - [2026-03-11T11:18:15.702+0000] {templater.py:95} ERROR - Failed to resolve template field 'sql'
Traceback (most recent call last):
  File "/home/airflow/.local/lib/python3.11/site-packages/airflow/template/templater.py", line 93, in resolve_template_files
    setattr(self, field, env.loader.get_source(env, content)[0])  # type: ignore
                         ^^^^^^^^^^^^^^^^^^^^^^^^^^^^^^^^^^^
  File "/home/airflow/.local/lib/python3.11/site-packages/jinja2/loaders.py", line 218, in get_source
    raise TemplateNotFound(template)
jinja2.exceptions.TemplateNotFound: /sql/04_create_analytics_tables.sql
[2026-03-11T11:18:15.727+0000] {processor.py:840} INFO - DAG(s) 'setup_data_warehouse' retrieved from /opt/airflow/dags/setup_data_warehouse.py
[2026-03-11T11:18:15.863+0000] {logging_mixin.py:188} INFO - [2026-03-11T11:18:15.860+0000] {dag.py:3033} INFO - Sync 1 DAGs
[2026-03-11T11:18:15.924+0000] {logging_mixin.py:188} INFO - [2026-03-11T11:18:15.923+0000] {dag.py:3820} INFO - Setting next_dagrun for setup_data_warehouse to None, run_after=None
[2026-03-11T11:18:16.055+0000] {processor.py:183} INFO - Processing /opt/airflow/dags/setup_data_warehouse.py took 0.443 seconds
[2026-03-11T11:18:46.597+0000] {processor.py:161} INFO - Started process (PID=328) to work on /opt/airflow/dags/setup_data_warehouse.py
[2026-03-11T11:18:46.599+0000] {processor.py:830} INFO - Processing file /opt/airflow/dags/setup_data_warehouse.py for tasks to queue
[2026-03-11T11:18:46.604+0000] {logging_mixin.py:188} INFO - [2026-03-11T11:18:46.604+0000] {dagbag.py:538} INFO - Filling up the DagBag from /opt/airflow/dags/setup_data_warehouse.py
[2026-03-11T11:18:46.638+0000] {logging_mixin.py:188} INFO - [2026-03-11T11:18:46.635+0000] {templater.py:95} ERROR - Failed to resolve template field 'sql'
Traceback (most recent call last):
  File "/home/airflow/.local/lib/python3.11/site-packages/airflow/template/templater.py", line 93, in resolve_template_files
    setattr(self, field, env.loader.get_source(env, content)[0])  # type: ignore
                         ^^^^^^^^^^^^^^^^^^^^^^^^^^^^^^^^^^^
  File "/home/airflow/.local/lib/python3.11/site-packages/jinja2/loaders.py", line 218, in get_source
    raise TemplateNotFound(template)
jinja2.exceptions.TemplateNotFound: /sql/01_create_schemas.sql
[2026-03-11T11:18:46.642+0000] {logging_mixin.py:188} INFO - [2026-03-11T11:18:46.641+0000] {templater.py:95} ERROR - Failed to resolve template field 'sql'
Traceback (most recent call last):
  File "/home/airflow/.local/lib/python3.11/site-packages/airflow/template/templater.py", line 93, in resolve_template_files
    setattr(self, field, env.loader.get_source(env, content)[0])  # type: ignore
                         ^^^^^^^^^^^^^^^^^^^^^^^^^^^^^^^^^^^
  File "/home/airflow/.local/lib/python3.11/site-packages/jinja2/loaders.py", line 218, in get_source
    raise TemplateNotFound(template)
jinja2.exceptions.TemplateNotFound: /sql/02_create_staging_tables.sql
[2026-03-11T11:18:46.645+0000] {logging_mixin.py:188} INFO - [2026-03-11T11:18:46.644+0000] {templater.py:95} ERROR - Failed to resolve template field 'sql'
Traceback (most recent call last):
  File "/home/airflow/.local/lib/python3.11/site-packages/airflow/template/templater.py", line 93, in resolve_template_files
    setattr(self, field, env.loader.get_source(env, content)[0])  # type: ignore
                         ^^^^^^^^^^^^^^^^^^^^^^^^^^^^^^^^^^^
  File "/home/airflow/.local/lib/python3.11/site-packages/jinja2/loaders.py", line 218, in get_source
    raise TemplateNotFound(template)
jinja2.exceptions.TemplateNotFound: /sql/03_create_core_tables.sql
[2026-03-11T11:18:46.648+0000] {logging_mixin.py:188} INFO - [2026-03-11T11:18:46.647+0000] {templater.py:95} ERROR - Failed to resolve template field 'sql'
Traceback (most recent call last):
  File "/home/airflow/.local/lib/python3.11/site-packages/airflow/template/templater.py", line 93, in resolve_template_files
    setattr(self, field, env.loader.get_source(env, content)[0])  # type: ignore
                         ^^^^^^^^^^^^^^^^^^^^^^^^^^^^^^^^^^^
  File "/home/airflow/.local/lib/python3.11/site-packages/jinja2/loaders.py", line 218, in get_source
    raise TemplateNotFound(template)
jinja2.exceptions.TemplateNotFound: /sql/04_create_analytics_tables.sql
[2026-03-11T11:18:46.662+0000] {processor.py:840} INFO - DAG(s) 'setup_data_warehouse' retrieved from /opt/airflow/dags/setup_data_warehouse.py
[2026-03-11T11:18:46.792+0000] {logging_mixin.py:188} INFO - [2026-03-11T11:18:46.789+0000] {dag.py:3033} INFO - Sync 1 DAGs
[2026-03-11T11:18:46.850+0000] {logging_mixin.py:188} INFO - [2026-03-11T11:18:46.849+0000] {dag.py:3820} INFO - Setting next_dagrun for setup_data_warehouse to None, run_after=None
[2026-03-11T11:18:46.948+0000] {processor.py:183} INFO - Processing /opt/airflow/dags/setup_data_warehouse.py took 0.362 seconds
[2026-03-11T11:19:17.377+0000] {processor.py:161} INFO - Started process (PID=368) to work on /opt/airflow/dags/setup_data_warehouse.py
[2026-03-11T11:19:17.380+0000] {processor.py:830} INFO - Processing file /opt/airflow/dags/setup_data_warehouse.py for tasks to queue
[2026-03-11T11:19:17.387+0000] {logging_mixin.py:188} INFO - [2026-03-11T11:19:17.386+0000] {dagbag.py:538} INFO - Filling up the DagBag from /opt/airflow/dags/setup_data_warehouse.py
[2026-03-11T11:19:17.437+0000] {logging_mixin.py:188} INFO - [2026-03-11T11:19:17.433+0000] {templater.py:95} ERROR - Failed to resolve template field 'sql'
Traceback (most recent call last):
  File "/home/airflow/.local/lib/python3.11/site-packages/airflow/template/templater.py", line 93, in resolve_template_files
    setattr(self, field, env.loader.get_source(env, content)[0])  # type: ignore
                         ^^^^^^^^^^^^^^^^^^^^^^^^^^^^^^^^^^^
  File "/home/airflow/.local/lib/python3.11/site-packages/jinja2/loaders.py", line 218, in get_source
    raise TemplateNotFound(template)
jinja2.exceptions.TemplateNotFound: /sql/01_create_schemas.sql
[2026-03-11T11:19:17.440+0000] {logging_mixin.py:188} INFO - [2026-03-11T11:19:17.439+0000] {templater.py:95} ERROR - Failed to resolve template field 'sql'
Traceback (most recent call last):
  File "/home/airflow/.local/lib/python3.11/site-packages/airflow/template/templater.py", line 93, in resolve_template_files
    setattr(self, field, env.loader.get_source(env, content)[0])  # type: ignore
                         ^^^^^^^^^^^^^^^^^^^^^^^^^^^^^^^^^^^
  File "/home/airflow/.local/lib/python3.11/site-packages/jinja2/loaders.py", line 218, in get_source
    raise TemplateNotFound(template)
jinja2.exceptions.TemplateNotFound: /sql/02_create_staging_tables.sql
[2026-03-11T11:19:17.444+0000] {logging_mixin.py:188} INFO - [2026-03-11T11:19:17.442+0000] {templater.py:95} ERROR - Failed to resolve template field 'sql'
Traceback (most recent call last):
  File "/home/airflow/.local/lib/python3.11/site-packages/airflow/template/templater.py", line 93, in resolve_template_files
    setattr(self, field, env.loader.get_source(env, content)[0])  # type: ignore
                         ^^^^^^^^^^^^^^^^^^^^^^^^^^^^^^^^^^^
  File "/home/airflow/.local/lib/python3.11/site-packages/jinja2/loaders.py", line 218, in get_source
    raise TemplateNotFound(template)
jinja2.exceptions.TemplateNotFound: /sql/03_create_core_tables.sql
[2026-03-11T11:19:17.447+0000] {logging_mixin.py:188} INFO - [2026-03-11T11:19:17.446+0000] {templater.py:95} ERROR - Failed to resolve template field 'sql'
Traceback (most recent call last):
  File "/home/airflow/.local/lib/python3.11/site-packages/airflow/template/templater.py", line 93, in resolve_template_files
    setattr(self, field, env.loader.get_source(env, content)[0])  # type: ignore
                         ^^^^^^^^^^^^^^^^^^^^^^^^^^^^^^^^^^^
  File "/home/airflow/.local/lib/python3.11/site-packages/jinja2/loaders.py", line 218, in get_source
    raise TemplateNotFound(template)
jinja2.exceptions.TemplateNotFound: /sql/04_create_analytics_tables.sql
[2026-03-11T11:19:17.460+0000] {processor.py:840} INFO - DAG(s) 'setup_data_warehouse' retrieved from /opt/airflow/dags/setup_data_warehouse.py
[2026-03-11T11:19:17.571+0000] {logging_mixin.py:188} INFO - [2026-03-11T11:19:17.570+0000] {dag.py:3033} INFO - Sync 1 DAGs
[2026-03-11T11:19:17.619+0000] {logging_mixin.py:188} INFO - [2026-03-11T11:19:17.618+0000] {dag.py:3820} INFO - Setting next_dagrun for setup_data_warehouse to None, run_after=None
[2026-03-11T11:19:17.681+0000] {processor.py:183} INFO - Processing /opt/airflow/dags/setup_data_warehouse.py took 0.315 seconds
[2026-03-11T11:19:48.040+0000] {processor.py:161} INFO - Started process (PID=400) to work on /opt/airflow/dags/setup_data_warehouse.py
[2026-03-11T11:19:48.043+0000] {processor.py:830} INFO - Processing file /opt/airflow/dags/setup_data_warehouse.py for tasks to queue
[2026-03-11T11:19:48.051+0000] {logging_mixin.py:188} INFO - [2026-03-11T11:19:48.050+0000] {dagbag.py:538} INFO - Filling up the DagBag from /opt/airflow/dags/setup_data_warehouse.py
[2026-03-11T11:19:48.151+0000] {logging_mixin.py:188} INFO - [2026-03-11T11:19:48.143+0000] {templater.py:95} ERROR - Failed to resolve template field 'sql'
Traceback (most recent call last):
  File "/home/airflow/.local/lib/python3.11/site-packages/airflow/template/templater.py", line 93, in resolve_template_files
    setattr(self, field, env.loader.get_source(env, content)[0])  # type: ignore
                         ^^^^^^^^^^^^^^^^^^^^^^^^^^^^^^^^^^^
  File "/home/airflow/.local/lib/python3.11/site-packages/jinja2/loaders.py", line 218, in get_source
    raise TemplateNotFound(template)
jinja2.exceptions.TemplateNotFound: /sql/01_create_schemas.sql
[2026-03-11T11:19:48.158+0000] {logging_mixin.py:188} INFO - [2026-03-11T11:19:48.156+0000] {templater.py:95} ERROR - Failed to resolve template field 'sql'
Traceback (most recent call last):
  File "/home/airflow/.local/lib/python3.11/site-packages/airflow/template/templater.py", line 93, in resolve_template_files
    setattr(self, field, env.loader.get_source(env, content)[0])  # type: ignore
                         ^^^^^^^^^^^^^^^^^^^^^^^^^^^^^^^^^^^
  File "/home/airflow/.local/lib/python3.11/site-packages/jinja2/loaders.py", line 218, in get_source
    raise TemplateNotFound(template)
jinja2.exceptions.TemplateNotFound: /sql/02_create_staging_tables.sql
[2026-03-11T11:19:48.162+0000] {logging_mixin.py:188} INFO - [2026-03-11T11:19:48.160+0000] {templater.py:95} ERROR - Failed to resolve template field 'sql'
Traceback (most recent call last):
  File "/home/airflow/.local/lib/python3.11/site-packages/airflow/template/templater.py", line 93, in resolve_template_files
    setattr(self, field, env.loader.get_source(env, content)[0])  # type: ignore
                         ^^^^^^^^^^^^^^^^^^^^^^^^^^^^^^^^^^^
  File "/home/airflow/.local/lib/python3.11/site-packages/jinja2/loaders.py", line 218, in get_source
    raise TemplateNotFound(template)
jinja2.exceptions.TemplateNotFound: /sql/03_create_core_tables.sql
[2026-03-11T11:19:48.165+0000] {logging_mixin.py:188} INFO - [2026-03-11T11:19:48.164+0000] {templater.py:95} ERROR - Failed to resolve template field 'sql'
Traceback (most recent call last):
  File "/home/airflow/.local/lib/python3.11/site-packages/airflow/template/templater.py", line 93, in resolve_template_files
    setattr(self, field, env.loader.get_source(env, content)[0])  # type: ignore
                         ^^^^^^^^^^^^^^^^^^^^^^^^^^^^^^^^^^^
  File "/home/airflow/.local/lib/python3.11/site-packages/jinja2/loaders.py", line 218, in get_source
    raise TemplateNotFound(template)
jinja2.exceptions.TemplateNotFound: /sql/04_create_analytics_tables.sql
[2026-03-11T11:19:48.184+0000] {processor.py:840} INFO - DAG(s) 'setup_data_warehouse' retrieved from /opt/airflow/dags/setup_data_warehouse.py
[2026-03-11T11:19:48.441+0000] {logging_mixin.py:188} INFO - [2026-03-11T11:19:48.439+0000] {dag.py:3033} INFO - Sync 1 DAGs
[2026-03-11T11:19:48.508+0000] {logging_mixin.py:188} INFO - [2026-03-11T11:19:48.508+0000] {dag.py:3820} INFO - Setting next_dagrun for setup_data_warehouse to None, run_after=None
[2026-03-11T11:19:48.641+0000] {processor.py:183} INFO - Processing /opt/airflow/dags/setup_data_warehouse.py took 0.610 seconds
[2026-03-11T11:20:18.925+0000] {processor.py:161} INFO - Started process (PID=432) to work on /opt/airflow/dags/setup_data_warehouse.py
[2026-03-11T11:20:18.928+0000] {processor.py:830} INFO - Processing file /opt/airflow/dags/setup_data_warehouse.py for tasks to queue
[2026-03-11T11:20:18.935+0000] {logging_mixin.py:188} INFO - [2026-03-11T11:20:18.934+0000] {dagbag.py:538} INFO - Filling up the DagBag from /opt/airflow/dags/setup_data_warehouse.py
[2026-03-11T11:20:18.985+0000] {logging_mixin.py:188} INFO - [2026-03-11T11:20:18.979+0000] {templater.py:95} ERROR - Failed to resolve template field 'sql'
Traceback (most recent call last):
  File "/home/airflow/.local/lib/python3.11/site-packages/airflow/template/templater.py", line 93, in resolve_template_files
    setattr(self, field, env.loader.get_source(env, content)[0])  # type: ignore
                         ^^^^^^^^^^^^^^^^^^^^^^^^^^^^^^^^^^^
  File "/home/airflow/.local/lib/python3.11/site-packages/jinja2/loaders.py", line 218, in get_source
    raise TemplateNotFound(template)
jinja2.exceptions.TemplateNotFound: /sql/01_create_schemas.sql
[2026-03-11T11:20:18.990+0000] {logging_mixin.py:188} INFO - [2026-03-11T11:20:18.988+0000] {templater.py:95} ERROR - Failed to resolve template field 'sql'
Traceback (most recent call last):
  File "/home/airflow/.local/lib/python3.11/site-packages/airflow/template/templater.py", line 93, in resolve_template_files
    setattr(self, field, env.loader.get_source(env, content)[0])  # type: ignore
                         ^^^^^^^^^^^^^^^^^^^^^^^^^^^^^^^^^^^
  File "/home/airflow/.local/lib/python3.11/site-packages/jinja2/loaders.py", line 218, in get_source
    raise TemplateNotFound(template)
jinja2.exceptions.TemplateNotFound: /sql/02_create_staging_tables.sql
[2026-03-11T11:20:18.995+0000] {logging_mixin.py:188} INFO - [2026-03-11T11:20:18.993+0000] {templater.py:95} ERROR - Failed to resolve template field 'sql'
Traceback (most recent call last):
  File "/home/airflow/.local/lib/python3.11/site-packages/airflow/template/templater.py", line 93, in resolve_template_files
    setattr(self, field, env.loader.get_source(env, content)[0])  # type: ignore
                         ^^^^^^^^^^^^^^^^^^^^^^^^^^^^^^^^^^^
  File "/home/airflow/.local/lib/python3.11/site-packages/jinja2/loaders.py", line 218, in get_source
    raise TemplateNotFound(template)
jinja2.exceptions.TemplateNotFound: /sql/03_create_core_tables.sql
[2026-03-11T11:20:18.999+0000] {logging_mixin.py:188} INFO - [2026-03-11T11:20:18.997+0000] {templater.py:95} ERROR - Failed to resolve template field 'sql'
Traceback (most recent call last):
  File "/home/airflow/.local/lib/python3.11/site-packages/airflow/template/templater.py", line 93, in resolve_template_files
    setattr(self, field, env.loader.get_source(env, content)[0])  # type: ignore
                         ^^^^^^^^^^^^^^^^^^^^^^^^^^^^^^^^^^^
  File "/home/airflow/.local/lib/python3.11/site-packages/jinja2/loaders.py", line 218, in get_source
    raise TemplateNotFound(template)
jinja2.exceptions.TemplateNotFound: /sql/04_create_analytics_tables.sql
[2026-03-11T11:20:19.019+0000] {processor.py:840} INFO - DAG(s) 'setup_data_warehouse' retrieved from /opt/airflow/dags/setup_data_warehouse.py
[2026-03-11T11:20:19.172+0000] {logging_mixin.py:188} INFO - [2026-03-11T11:20:19.170+0000] {dag.py:3033} INFO - Sync 1 DAGs
[2026-03-11T11:20:19.226+0000] {logging_mixin.py:188} INFO - [2026-03-11T11:20:19.225+0000] {dag.py:3820} INFO - Setting next_dagrun for setup_data_warehouse to None, run_after=None
[2026-03-11T11:20:19.389+0000] {processor.py:183} INFO - Processing /opt/airflow/dags/setup_data_warehouse.py took 0.473 seconds
[2026-03-11T11:20:49.806+0000] {processor.py:161} INFO - Started process (PID=478) to work on /opt/airflow/dags/setup_data_warehouse.py
[2026-03-11T11:20:49.812+0000] {processor.py:830} INFO - Processing file /opt/airflow/dags/setup_data_warehouse.py for tasks to queue
[2026-03-11T11:20:49.824+0000] {logging_mixin.py:188} INFO - [2026-03-11T11:20:49.821+0000] {dagbag.py:538} INFO - Filling up the DagBag from /opt/airflow/dags/setup_data_warehouse.py
[2026-03-11T11:20:49.904+0000] {logging_mixin.py:188} INFO - [2026-03-11T11:20:49.899+0000] {templater.py:95} ERROR - Failed to resolve template field 'sql'
Traceback (most recent call last):
  File "/home/airflow/.local/lib/python3.11/site-packages/airflow/template/templater.py", line 93, in resolve_template_files
    setattr(self, field, env.loader.get_source(env, content)[0])  # type: ignore
                         ^^^^^^^^^^^^^^^^^^^^^^^^^^^^^^^^^^^
  File "/home/airflow/.local/lib/python3.11/site-packages/jinja2/loaders.py", line 218, in get_source
    raise TemplateNotFound(template)
jinja2.exceptions.TemplateNotFound: /sql/01_create_schemas.sql
[2026-03-11T11:20:49.909+0000] {logging_mixin.py:188} INFO - [2026-03-11T11:20:49.907+0000] {templater.py:95} ERROR - Failed to resolve template field 'sql'
Traceback (most recent call last):
  File "/home/airflow/.local/lib/python3.11/site-packages/airflow/template/templater.py", line 93, in resolve_template_files
    setattr(self, field, env.loader.get_source(env, content)[0])  # type: ignore
                         ^^^^^^^^^^^^^^^^^^^^^^^^^^^^^^^^^^^
  File "/home/airflow/.local/lib/python3.11/site-packages/jinja2/loaders.py", line 218, in get_source
    raise TemplateNotFound(template)
jinja2.exceptions.TemplateNotFound: /sql/02_create_staging_tables.sql
[2026-03-11T11:20:49.914+0000] {logging_mixin.py:188} INFO - [2026-03-11T11:20:49.913+0000] {templater.py:95} ERROR - Failed to resolve template field 'sql'
Traceback (most recent call last):
  File "/home/airflow/.local/lib/python3.11/site-packages/airflow/template/templater.py", line 93, in resolve_template_files
    setattr(self, field, env.loader.get_source(env, content)[0])  # type: ignore
                         ^^^^^^^^^^^^^^^^^^^^^^^^^^^^^^^^^^^
  File "/home/airflow/.local/lib/python3.11/site-packages/jinja2/loaders.py", line 218, in get_source
    raise TemplateNotFound(template)
jinja2.exceptions.TemplateNotFound: /sql/03_create_core_tables.sql
[2026-03-11T11:20:49.918+0000] {logging_mixin.py:188} INFO - [2026-03-11T11:20:49.916+0000] {templater.py:95} ERROR - Failed to resolve template field 'sql'
Traceback (most recent call last):
  File "/home/airflow/.local/lib/python3.11/site-packages/airflow/template/templater.py", line 93, in resolve_template_files
    setattr(self, field, env.loader.get_source(env, content)[0])  # type: ignore
                         ^^^^^^^^^^^^^^^^^^^^^^^^^^^^^^^^^^^
  File "/home/airflow/.local/lib/python3.11/site-packages/jinja2/loaders.py", line 218, in get_source
    raise TemplateNotFound(template)
jinja2.exceptions.TemplateNotFound: /sql/04_create_analytics_tables.sql
[2026-03-11T11:20:49.938+0000] {processor.py:840} INFO - DAG(s) 'setup_data_warehouse' retrieved from /opt/airflow/dags/setup_data_warehouse.py
[2026-03-11T11:20:50.206+0000] {logging_mixin.py:188} INFO - [2026-03-11T11:20:50.203+0000] {dag.py:3033} INFO - Sync 1 DAGs
[2026-03-11T11:20:50.299+0000] {logging_mixin.py:188} INFO - [2026-03-11T11:20:50.298+0000] {dag.py:3820} INFO - Setting next_dagrun for setup_data_warehouse to None, run_after=None
[2026-03-11T11:20:50.521+0000] {processor.py:183} INFO - Processing /opt/airflow/dags/setup_data_warehouse.py took 0.741 seconds
[2026-03-11T11:21:20.874+0000] {processor.py:161} INFO - Started process (PID=530) to work on /opt/airflow/dags/setup_data_warehouse.py
[2026-03-11T11:21:20.882+0000] {processor.py:830} INFO - Processing file /opt/airflow/dags/setup_data_warehouse.py for tasks to queue
[2026-03-11T11:21:20.889+0000] {logging_mixin.py:188} INFO - [2026-03-11T11:21:20.888+0000] {dagbag.py:538} INFO - Filling up the DagBag from /opt/airflow/dags/setup_data_warehouse.py
[2026-03-11T11:21:20.953+0000] {logging_mixin.py:188} INFO - [2026-03-11T11:21:20.950+0000] {templater.py:95} ERROR - Failed to resolve template field 'sql'
Traceback (most recent call last):
  File "/home/airflow/.local/lib/python3.11/site-packages/airflow/template/templater.py", line 93, in resolve_template_files
    setattr(self, field, env.loader.get_source(env, content)[0])  # type: ignore
                         ^^^^^^^^^^^^^^^^^^^^^^^^^^^^^^^^^^^
  File "/home/airflow/.local/lib/python3.11/site-packages/jinja2/loaders.py", line 218, in get_source
    raise TemplateNotFound(template)
jinja2.exceptions.TemplateNotFound: /sql/01_create_schemas.sql
[2026-03-11T11:21:20.963+0000] {logging_mixin.py:188} INFO - [2026-03-11T11:21:20.962+0000] {templater.py:95} ERROR - Failed to resolve template field 'sql'
Traceback (most recent call last):
  File "/home/airflow/.local/lib/python3.11/site-packages/airflow/template/templater.py", line 93, in resolve_template_files
    setattr(self, field, env.loader.get_source(env, content)[0])  # type: ignore
                         ^^^^^^^^^^^^^^^^^^^^^^^^^^^^^^^^^^^
  File "/home/airflow/.local/lib/python3.11/site-packages/jinja2/loaders.py", line 218, in get_source
    raise TemplateNotFound(template)
jinja2.exceptions.TemplateNotFound: /sql/02_create_staging_tables.sql
[2026-03-11T11:21:20.965+0000] {logging_mixin.py:188} INFO - [2026-03-11T11:21:20.964+0000] {templater.py:95} ERROR - Failed to resolve template field 'sql'
Traceback (most recent call last):
  File "/home/airflow/.local/lib/python3.11/site-packages/airflow/template/templater.py", line 93, in resolve_template_files
    setattr(self, field, env.loader.get_source(env, content)[0])  # type: ignore
                         ^^^^^^^^^^^^^^^^^^^^^^^^^^^^^^^^^^^
  File "/home/airflow/.local/lib/python3.11/site-packages/jinja2/loaders.py", line 218, in get_source
    raise TemplateNotFound(template)
jinja2.exceptions.TemplateNotFound: /sql/03_create_core_tables.sql
[2026-03-11T11:21:20.968+0000] {logging_mixin.py:188} INFO - [2026-03-11T11:21:20.966+0000] {templater.py:95} ERROR - Failed to resolve template field 'sql'
Traceback (most recent call last):
  File "/home/airflow/.local/lib/python3.11/site-packages/airflow/template/templater.py", line 93, in resolve_template_files
    setattr(self, field, env.loader.get_source(env, content)[0])  # type: ignore
                         ^^^^^^^^^^^^^^^^^^^^^^^^^^^^^^^^^^^
  File "/home/airflow/.local/lib/python3.11/site-packages/jinja2/loaders.py", line 218, in get_source
    raise TemplateNotFound(template)
jinja2.exceptions.TemplateNotFound: /sql/04_create_analytics_tables.sql
[2026-03-11T11:21:20.982+0000] {processor.py:840} INFO - DAG(s) 'setup_data_warehouse' retrieved from /opt/airflow/dags/setup_data_warehouse.py
[2026-03-11T11:21:21.092+0000] {logging_mixin.py:188} INFO - [2026-03-11T11:21:21.090+0000] {dag.py:3033} INFO - Sync 1 DAGs
[2026-03-11T11:21:21.151+0000] {logging_mixin.py:188} INFO - [2026-03-11T11:21:21.151+0000] {dag.py:3820} INFO - Setting next_dagrun for setup_data_warehouse to None, run_after=None
[2026-03-11T11:21:21.231+0000] {processor.py:183} INFO - Processing /opt/airflow/dags/setup_data_warehouse.py took 0.371 seconds
[2026-03-11T11:21:51.691+0000] {processor.py:161} INFO - Started process (PID=566) to work on /opt/airflow/dags/setup_data_warehouse.py
[2026-03-11T11:21:51.694+0000] {processor.py:830} INFO - Processing file /opt/airflow/dags/setup_data_warehouse.py for tasks to queue
[2026-03-11T11:21:51.707+0000] {logging_mixin.py:188} INFO - [2026-03-11T11:21:51.706+0000] {dagbag.py:538} INFO - Filling up the DagBag from /opt/airflow/dags/setup_data_warehouse.py
[2026-03-11T11:21:51.753+0000] {logging_mixin.py:188} INFO - [2026-03-11T11:21:51.749+0000] {templater.py:95} ERROR - Failed to resolve template field 'sql'
Traceback (most recent call last):
  File "/home/airflow/.local/lib/python3.11/site-packages/airflow/template/templater.py", line 93, in resolve_template_files
    setattr(self, field, env.loader.get_source(env, content)[0])  # type: ignore
                         ^^^^^^^^^^^^^^^^^^^^^^^^^^^^^^^^^^^
  File "/home/airflow/.local/lib/python3.11/site-packages/jinja2/loaders.py", line 218, in get_source
    raise TemplateNotFound(template)
jinja2.exceptions.TemplateNotFound: /sql/01_create_schemas.sql
[2026-03-11T11:21:51.756+0000] {logging_mixin.py:188} INFO - [2026-03-11T11:21:51.755+0000] {templater.py:95} ERROR - Failed to resolve template field 'sql'
Traceback (most recent call last):
  File "/home/airflow/.local/lib/python3.11/site-packages/airflow/template/templater.py", line 93, in resolve_template_files
    setattr(self, field, env.loader.get_source(env, content)[0])  # type: ignore
                         ^^^^^^^^^^^^^^^^^^^^^^^^^^^^^^^^^^^
  File "/home/airflow/.local/lib/python3.11/site-packages/jinja2/loaders.py", line 218, in get_source
    raise TemplateNotFound(template)
jinja2.exceptions.TemplateNotFound: /sql/02_create_staging_tables.sql
[2026-03-11T11:21:51.759+0000] {logging_mixin.py:188} INFO - [2026-03-11T11:21:51.758+0000] {templater.py:95} ERROR - Failed to resolve template field 'sql'
Traceback (most recent call last):
  File "/home/airflow/.local/lib/python3.11/site-packages/airflow/template/templater.py", line 93, in resolve_template_files
    setattr(self, field, env.loader.get_source(env, content)[0])  # type: ignore
                         ^^^^^^^^^^^^^^^^^^^^^^^^^^^^^^^^^^^
  File "/home/airflow/.local/lib/python3.11/site-packages/jinja2/loaders.py", line 218, in get_source
    raise TemplateNotFound(template)
jinja2.exceptions.TemplateNotFound: /sql/03_create_core_tables.sql
[2026-03-11T11:21:51.764+0000] {logging_mixin.py:188} INFO - [2026-03-11T11:21:51.761+0000] {templater.py:95} ERROR - Failed to resolve template field 'sql'
Traceback (most recent call last):
  File "/home/airflow/.local/lib/python3.11/site-packages/airflow/template/templater.py", line 93, in resolve_template_files
    setattr(self, field, env.loader.get_source(env, content)[0])  # type: ignore
                         ^^^^^^^^^^^^^^^^^^^^^^^^^^^^^^^^^^^
  File "/home/airflow/.local/lib/python3.11/site-packages/jinja2/loaders.py", line 218, in get_source
    raise TemplateNotFound(template)
jinja2.exceptions.TemplateNotFound: /sql/04_create_analytics_tables.sql
[2026-03-11T11:21:51.778+0000] {processor.py:840} INFO - DAG(s) 'setup_data_warehouse' retrieved from /opt/airflow/dags/setup_data_warehouse.py
[2026-03-11T11:21:51.890+0000] {logging_mixin.py:188} INFO - [2026-03-11T11:21:51.887+0000] {dag.py:3033} INFO - Sync 1 DAGs
[2026-03-11T11:21:51.956+0000] {logging_mixin.py:188} INFO - [2026-03-11T11:21:51.955+0000] {dag.py:3820} INFO - Setting next_dagrun for setup_data_warehouse to None, run_after=None
[2026-03-11T11:21:52.020+0000] {processor.py:183} INFO - Processing /opt/airflow/dags/setup_data_warehouse.py took 0.350 seconds
[2026-03-11T11:22:22.431+0000] {processor.py:161} INFO - Started process (PID=598) to work on /opt/airflow/dags/setup_data_warehouse.py
[2026-03-11T11:22:22.433+0000] {processor.py:830} INFO - Processing file /opt/airflow/dags/setup_data_warehouse.py for tasks to queue
[2026-03-11T11:22:22.444+0000] {logging_mixin.py:188} INFO - [2026-03-11T11:22:22.440+0000] {dagbag.py:538} INFO - Filling up the DagBag from /opt/airflow/dags/setup_data_warehouse.py
[2026-03-11T11:22:22.487+0000] {logging_mixin.py:188} INFO - [2026-03-11T11:22:22.483+0000] {templater.py:95} ERROR - Failed to resolve template field 'sql'
Traceback (most recent call last):
  File "/home/airflow/.local/lib/python3.11/site-packages/airflow/template/templater.py", line 93, in resolve_template_files
    setattr(self, field, env.loader.get_source(env, content)[0])  # type: ignore
                         ^^^^^^^^^^^^^^^^^^^^^^^^^^^^^^^^^^^
  File "/home/airflow/.local/lib/python3.11/site-packages/jinja2/loaders.py", line 218, in get_source
    raise TemplateNotFound(template)
jinja2.exceptions.TemplateNotFound: /sql/01_create_schemas.sql
[2026-03-11T11:22:22.491+0000] {logging_mixin.py:188} INFO - [2026-03-11T11:22:22.489+0000] {templater.py:95} ERROR - Failed to resolve template field 'sql'
Traceback (most recent call last):
  File "/home/airflow/.local/lib/python3.11/site-packages/airflow/template/templater.py", line 93, in resolve_template_files
    setattr(self, field, env.loader.get_source(env, content)[0])  # type: ignore
                         ^^^^^^^^^^^^^^^^^^^^^^^^^^^^^^^^^^^
  File "/home/airflow/.local/lib/python3.11/site-packages/jinja2/loaders.py", line 218, in get_source
    raise TemplateNotFound(template)
jinja2.exceptions.TemplateNotFound: /sql/02_create_staging_tables.sql
[2026-03-11T11:22:22.494+0000] {logging_mixin.py:188} INFO - [2026-03-11T11:22:22.493+0000] {templater.py:95} ERROR - Failed to resolve template field 'sql'
Traceback (most recent call last):
  File "/home/airflow/.local/lib/python3.11/site-packages/airflow/template/templater.py", line 93, in resolve_template_files
    setattr(self, field, env.loader.get_source(env, content)[0])  # type: ignore
                         ^^^^^^^^^^^^^^^^^^^^^^^^^^^^^^^^^^^
  File "/home/airflow/.local/lib/python3.11/site-packages/jinja2/loaders.py", line 218, in get_source
    raise TemplateNotFound(template)
jinja2.exceptions.TemplateNotFound: /sql/03_create_core_tables.sql
[2026-03-11T11:22:22.500+0000] {logging_mixin.py:188} INFO - [2026-03-11T11:22:22.499+0000] {templater.py:95} ERROR - Failed to resolve template field 'sql'
Traceback (most recent call last):
  File "/home/airflow/.local/lib/python3.11/site-packages/airflow/template/templater.py", line 93, in resolve_template_files
    setattr(self, field, env.loader.get_source(env, content)[0])  # type: ignore
                         ^^^^^^^^^^^^^^^^^^^^^^^^^^^^^^^^^^^
  File "/home/airflow/.local/lib/python3.11/site-packages/jinja2/loaders.py", line 218, in get_source
    raise TemplateNotFound(template)
jinja2.exceptions.TemplateNotFound: /sql/04_create_analytics_tables.sql
[2026-03-11T11:22:22.517+0000] {processor.py:840} INFO - DAG(s) 'setup_data_warehouse' retrieved from /opt/airflow/dags/setup_data_warehouse.py
[2026-03-11T11:22:22.627+0000] {logging_mixin.py:188} INFO - [2026-03-11T11:22:22.625+0000] {dag.py:3033} INFO - Sync 1 DAGs
[2026-03-11T11:22:22.690+0000] {logging_mixin.py:188} INFO - [2026-03-11T11:22:22.690+0000] {dag.py:3820} INFO - Setting next_dagrun for setup_data_warehouse to None, run_after=None
[2026-03-11T11:22:22.784+0000] {processor.py:183} INFO - Processing /opt/airflow/dags/setup_data_warehouse.py took 0.362 seconds
[2026-03-11T11:22:53.079+0000] {processor.py:161} INFO - Started process (PID=630) to work on /opt/airflow/dags/setup_data_warehouse.py
[2026-03-11T11:22:53.081+0000] {processor.py:830} INFO - Processing file /opt/airflow/dags/setup_data_warehouse.py for tasks to queue
[2026-03-11T11:22:53.088+0000] {logging_mixin.py:188} INFO - [2026-03-11T11:22:53.087+0000] {dagbag.py:538} INFO - Filling up the DagBag from /opt/airflow/dags/setup_data_warehouse.py
[2026-03-11T11:22:53.122+0000] {logging_mixin.py:188} INFO - [2026-03-11T11:22:53.120+0000] {templater.py:95} ERROR - Failed to resolve template field 'sql'
Traceback (most recent call last):
  File "/home/airflow/.local/lib/python3.11/site-packages/airflow/template/templater.py", line 93, in resolve_template_files
    setattr(self, field, env.loader.get_source(env, content)[0])  # type: ignore
                         ^^^^^^^^^^^^^^^^^^^^^^^^^^^^^^^^^^^
  File "/home/airflow/.local/lib/python3.11/site-packages/jinja2/loaders.py", line 218, in get_source
    raise TemplateNotFound(template)
jinja2.exceptions.TemplateNotFound: /sql/01_create_schemas.sql
[2026-03-11T11:22:53.126+0000] {logging_mixin.py:188} INFO - [2026-03-11T11:22:53.125+0000] {templater.py:95} ERROR - Failed to resolve template field 'sql'
Traceback (most recent call last):
  File "/home/airflow/.local/lib/python3.11/site-packages/airflow/template/templater.py", line 93, in resolve_template_files
    setattr(self, field, env.loader.get_source(env, content)[0])  # type: ignore
                         ^^^^^^^^^^^^^^^^^^^^^^^^^^^^^^^^^^^
  File "/home/airflow/.local/lib/python3.11/site-packages/jinja2/loaders.py", line 218, in get_source
    raise TemplateNotFound(template)
jinja2.exceptions.TemplateNotFound: /sql/02_create_staging_tables.sql
[2026-03-11T11:22:53.128+0000] {logging_mixin.py:188} INFO - [2026-03-11T11:22:53.127+0000] {templater.py:95} ERROR - Failed to resolve template field 'sql'
Traceback (most recent call last):
  File "/home/airflow/.local/lib/python3.11/site-packages/airflow/template/templater.py", line 93, in resolve_template_files
    setattr(self, field, env.loader.get_source(env, content)[0])  # type: ignore
                         ^^^^^^^^^^^^^^^^^^^^^^^^^^^^^^^^^^^
  File "/home/airflow/.local/lib/python3.11/site-packages/jinja2/loaders.py", line 218, in get_source
    raise TemplateNotFound(template)
jinja2.exceptions.TemplateNotFound: /sql/03_create_core_tables.sql
[2026-03-11T11:22:53.131+0000] {logging_mixin.py:188} INFO - [2026-03-11T11:22:53.130+0000] {templater.py:95} ERROR - Failed to resolve template field 'sql'
Traceback (most recent call last):
  File "/home/airflow/.local/lib/python3.11/site-packages/airflow/template/templater.py", line 93, in resolve_template_files
    setattr(self, field, env.loader.get_source(env, content)[0])  # type: ignore
                         ^^^^^^^^^^^^^^^^^^^^^^^^^^^^^^^^^^^
  File "/home/airflow/.local/lib/python3.11/site-packages/jinja2/loaders.py", line 218, in get_source
    raise TemplateNotFound(template)
jinja2.exceptions.TemplateNotFound: /sql/04_create_analytics_tables.sql
[2026-03-11T11:22:53.141+0000] {processor.py:840} INFO - DAG(s) 'setup_data_warehouse' retrieved from /opt/airflow/dags/setup_data_warehouse.py
[2026-03-11T11:22:53.247+0000] {logging_mixin.py:188} INFO - [2026-03-11T11:22:53.242+0000] {dag.py:3033} INFO - Sync 1 DAGs
[2026-03-11T11:22:53.328+0000] {logging_mixin.py:188} INFO - [2026-03-11T11:22:53.328+0000] {dag.py:3820} INFO - Setting next_dagrun for setup_data_warehouse to None, run_after=None
[2026-03-11T11:22:53.407+0000] {processor.py:183} INFO - Processing /opt/airflow/dags/setup_data_warehouse.py took 0.336 seconds
[2026-03-11T11:23:23.953+0000] {processor.py:161} INFO - Started process (PID=662) to work on /opt/airflow/dags/setup_data_warehouse.py
[2026-03-11T11:23:23.955+0000] {processor.py:830} INFO - Processing file /opt/airflow/dags/setup_data_warehouse.py for tasks to queue
[2026-03-11T11:23:23.962+0000] {logging_mixin.py:188} INFO - [2026-03-11T11:23:23.961+0000] {dagbag.py:538} INFO - Filling up the DagBag from /opt/airflow/dags/setup_data_warehouse.py
[2026-03-11T11:23:24.029+0000] {logging_mixin.py:188} INFO - [2026-03-11T11:23:24.023+0000] {templater.py:95} ERROR - Failed to resolve template field 'sql'
Traceback (most recent call last):
  File "/home/airflow/.local/lib/python3.11/site-packages/airflow/template/templater.py", line 93, in resolve_template_files
    setattr(self, field, env.loader.get_source(env, content)[0])  # type: ignore
                         ^^^^^^^^^^^^^^^^^^^^^^^^^^^^^^^^^^^
  File "/home/airflow/.local/lib/python3.11/site-packages/jinja2/loaders.py", line 218, in get_source
    raise TemplateNotFound(template)
jinja2.exceptions.TemplateNotFound: /sql/01_create_schemas.sql
[2026-03-11T11:23:24.033+0000] {logging_mixin.py:188} INFO - [2026-03-11T11:23:24.032+0000] {templater.py:95} ERROR - Failed to resolve template field 'sql'
Traceback (most recent call last):
  File "/home/airflow/.local/lib/python3.11/site-packages/airflow/template/templater.py", line 93, in resolve_template_files
    setattr(self, field, env.loader.get_source(env, content)[0])  # type: ignore
                         ^^^^^^^^^^^^^^^^^^^^^^^^^^^^^^^^^^^
  File "/home/airflow/.local/lib/python3.11/site-packages/jinja2/loaders.py", line 218, in get_source
    raise TemplateNotFound(template)
jinja2.exceptions.TemplateNotFound: /sql/02_create_staging_tables.sql
[2026-03-11T11:23:24.038+0000] {logging_mixin.py:188} INFO - [2026-03-11T11:23:24.036+0000] {templater.py:95} ERROR - Failed to resolve template field 'sql'
Traceback (most recent call last):
  File "/home/airflow/.local/lib/python3.11/site-packages/airflow/template/templater.py", line 93, in resolve_template_files
    setattr(self, field, env.loader.get_source(env, content)[0])  # type: ignore
                         ^^^^^^^^^^^^^^^^^^^^^^^^^^^^^^^^^^^
  File "/home/airflow/.local/lib/python3.11/site-packages/jinja2/loaders.py", line 218, in get_source
    raise TemplateNotFound(template)
jinja2.exceptions.TemplateNotFound: /sql/03_create_core_tables.sql
[2026-03-11T11:23:24.044+0000] {logging_mixin.py:188} INFO - [2026-03-11T11:23:24.041+0000] {templater.py:95} ERROR - Failed to resolve template field 'sql'
Traceback (most recent call last):
  File "/home/airflow/.local/lib/python3.11/site-packages/airflow/template/templater.py", line 93, in resolve_template_files
    setattr(self, field, env.loader.get_source(env, content)[0])  # type: ignore
                         ^^^^^^^^^^^^^^^^^^^^^^^^^^^^^^^^^^^
  File "/home/airflow/.local/lib/python3.11/site-packages/jinja2/loaders.py", line 218, in get_source
    raise TemplateNotFound(template)
jinja2.exceptions.TemplateNotFound: /sql/04_create_analytics_tables.sql
[2026-03-11T11:23:24.069+0000] {processor.py:840} INFO - DAG(s) 'setup_data_warehouse' retrieved from /opt/airflow/dags/setup_data_warehouse.py
[2026-03-11T11:23:24.212+0000] {logging_mixin.py:188} INFO - [2026-03-11T11:23:24.210+0000] {dag.py:3033} INFO - Sync 1 DAGs
[2026-03-11T11:23:24.290+0000] {logging_mixin.py:188} INFO - [2026-03-11T11:23:24.289+0000] {dag.py:3820} INFO - Setting next_dagrun for setup_data_warehouse to None, run_after=None
[2026-03-11T11:23:24.386+0000] {processor.py:183} INFO - Processing /opt/airflow/dags/setup_data_warehouse.py took 0.444 seconds
[2026-03-11T11:23:55.006+0000] {processor.py:161} INFO - Started process (PID=694) to work on /opt/airflow/dags/setup_data_warehouse.py
[2026-03-11T11:23:55.012+0000] {processor.py:830} INFO - Processing file /opt/airflow/dags/setup_data_warehouse.py for tasks to queue
[2026-03-11T11:23:55.027+0000] {logging_mixin.py:188} INFO - [2026-03-11T11:23:55.025+0000] {dagbag.py:538} INFO - Filling up the DagBag from /opt/airflow/dags/setup_data_warehouse.py
[2026-03-11T11:23:55.128+0000] {logging_mixin.py:188} INFO - [2026-03-11T11:23:55.116+0000] {templater.py:95} ERROR - Failed to resolve template field 'sql'
Traceback (most recent call last):
  File "/home/airflow/.local/lib/python3.11/site-packages/airflow/template/templater.py", line 93, in resolve_template_files
    setattr(self, field, env.loader.get_source(env, content)[0])  # type: ignore
                         ^^^^^^^^^^^^^^^^^^^^^^^^^^^^^^^^^^^
  File "/home/airflow/.local/lib/python3.11/site-packages/jinja2/loaders.py", line 218, in get_source
    raise TemplateNotFound(template)
jinja2.exceptions.TemplateNotFound: /sql/01_create_schemas.sql
[2026-03-11T11:23:55.132+0000] {logging_mixin.py:188} INFO - [2026-03-11T11:23:55.130+0000] {templater.py:95} ERROR - Failed to resolve template field 'sql'
Traceback (most recent call last):
  File "/home/airflow/.local/lib/python3.11/site-packages/airflow/template/templater.py", line 93, in resolve_template_files
    setattr(self, field, env.loader.get_source(env, content)[0])  # type: ignore
                         ^^^^^^^^^^^^^^^^^^^^^^^^^^^^^^^^^^^
  File "/home/airflow/.local/lib/python3.11/site-packages/jinja2/loaders.py", line 218, in get_source
    raise TemplateNotFound(template)
jinja2.exceptions.TemplateNotFound: /sql/02_create_staging_tables.sql
[2026-03-11T11:23:55.137+0000] {logging_mixin.py:188} INFO - [2026-03-11T11:23:55.136+0000] {templater.py:95} ERROR - Failed to resolve template field 'sql'
Traceback (most recent call last):
  File "/home/airflow/.local/lib/python3.11/site-packages/airflow/template/templater.py", line 93, in resolve_template_files
    setattr(self, field, env.loader.get_source(env, content)[0])  # type: ignore
                         ^^^^^^^^^^^^^^^^^^^^^^^^^^^^^^^^^^^
  File "/home/airflow/.local/lib/python3.11/site-packages/jinja2/loaders.py", line 218, in get_source
    raise TemplateNotFound(template)
jinja2.exceptions.TemplateNotFound: /sql/03_create_core_tables.sql
[2026-03-11T11:23:55.143+0000] {logging_mixin.py:188} INFO - [2026-03-11T11:23:55.141+0000] {templater.py:95} ERROR - Failed to resolve template field 'sql'
Traceback (most recent call last):
  File "/home/airflow/.local/lib/python3.11/site-packages/airflow/template/templater.py", line 93, in resolve_template_files
    setattr(self, field, env.loader.get_source(env, content)[0])  # type: ignore
                         ^^^^^^^^^^^^^^^^^^^^^^^^^^^^^^^^^^^
  File "/home/airflow/.local/lib/python3.11/site-packages/jinja2/loaders.py", line 218, in get_source
    raise TemplateNotFound(template)
jinja2.exceptions.TemplateNotFound: /sql/04_create_analytics_tables.sql
[2026-03-11T11:23:55.164+0000] {processor.py:840} INFO - DAG(s) 'setup_data_warehouse' retrieved from /opt/airflow/dags/setup_data_warehouse.py
[2026-03-11T11:23:55.296+0000] {logging_mixin.py:188} INFO - [2026-03-11T11:23:55.294+0000] {dag.py:3033} INFO - Sync 1 DAGs
[2026-03-11T11:23:55.372+0000] {logging_mixin.py:188} INFO - [2026-03-11T11:23:55.372+0000] {dag.py:3820} INFO - Setting next_dagrun for setup_data_warehouse to None, run_after=None
[2026-03-11T11:23:55.450+0000] {processor.py:183} INFO - Processing /opt/airflow/dags/setup_data_warehouse.py took 0.467 seconds
[2026-03-11T11:24:25.914+0000] {processor.py:161} INFO - Started process (PID=729) to work on /opt/airflow/dags/setup_data_warehouse.py
[2026-03-11T11:24:25.918+0000] {processor.py:830} INFO - Processing file /opt/airflow/dags/setup_data_warehouse.py for tasks to queue
[2026-03-11T11:24:25.929+0000] {logging_mixin.py:188} INFO - [2026-03-11T11:24:25.926+0000] {dagbag.py:538} INFO - Filling up the DagBag from /opt/airflow/dags/setup_data_warehouse.py
[2026-03-11T11:24:25.981+0000] {logging_mixin.py:188} INFO - [2026-03-11T11:24:25.976+0000] {templater.py:95} ERROR - Failed to resolve template field 'sql'
Traceback (most recent call last):
  File "/home/airflow/.local/lib/python3.11/site-packages/airflow/template/templater.py", line 93, in resolve_template_files
    setattr(self, field, env.loader.get_source(env, content)[0])  # type: ignore
                         ^^^^^^^^^^^^^^^^^^^^^^^^^^^^^^^^^^^
  File "/home/airflow/.local/lib/python3.11/site-packages/jinja2/loaders.py", line 218, in get_source
    raise TemplateNotFound(template)
jinja2.exceptions.TemplateNotFound: /sql/01_create_schemas.sql
[2026-03-11T11:24:25.986+0000] {logging_mixin.py:188} INFO - [2026-03-11T11:24:25.984+0000] {templater.py:95} ERROR - Failed to resolve template field 'sql'
Traceback (most recent call last):
  File "/home/airflow/.local/lib/python3.11/site-packages/airflow/template/templater.py", line 93, in resolve_template_files
    setattr(self, field, env.loader.get_source(env, content)[0])  # type: ignore
                         ^^^^^^^^^^^^^^^^^^^^^^^^^^^^^^^^^^^
  File "/home/airflow/.local/lib/python3.11/site-packages/jinja2/loaders.py", line 218, in get_source
    raise TemplateNotFound(template)
jinja2.exceptions.TemplateNotFound: /sql/02_create_staging_tables.sql
[2026-03-11T11:24:25.995+0000] {logging_mixin.py:188} INFO - [2026-03-11T11:24:25.991+0000] {templater.py:95} ERROR - Failed to resolve template field 'sql'
Traceback (most recent call last):
  File "/home/airflow/.local/lib/python3.11/site-packages/airflow/template/templater.py", line 93, in resolve_template_files
    setattr(self, field, env.loader.get_source(env, content)[0])  # type: ignore
                         ^^^^^^^^^^^^^^^^^^^^^^^^^^^^^^^^^^^
  File "/home/airflow/.local/lib/python3.11/site-packages/jinja2/loaders.py", line 218, in get_source
    raise TemplateNotFound(template)
jinja2.exceptions.TemplateNotFound: /sql/03_create_core_tables.sql
[2026-03-11T11:24:26.001+0000] {logging_mixin.py:188} INFO - [2026-03-11T11:24:25.999+0000] {templater.py:95} ERROR - Failed to resolve template field 'sql'
Traceback (most recent call last):
  File "/home/airflow/.local/lib/python3.11/site-packages/airflow/template/templater.py", line 93, in resolve_template_files
    setattr(self, field, env.loader.get_source(env, content)[0])  # type: ignore
                         ^^^^^^^^^^^^^^^^^^^^^^^^^^^^^^^^^^^
  File "/home/airflow/.local/lib/python3.11/site-packages/jinja2/loaders.py", line 218, in get_source
    raise TemplateNotFound(template)
jinja2.exceptions.TemplateNotFound: /sql/04_create_analytics_tables.sql
[2026-03-11T11:24:26.046+0000] {processor.py:840} INFO - DAG(s) 'setup_data_warehouse' retrieved from /opt/airflow/dags/setup_data_warehouse.py
[2026-03-11T11:24:26.239+0000] {logging_mixin.py:188} INFO - [2026-03-11T11:24:26.237+0000] {dag.py:3033} INFO - Sync 1 DAGs
[2026-03-11T11:24:26.370+0000] {logging_mixin.py:188} INFO - [2026-03-11T11:24:26.370+0000] {dag.py:3820} INFO - Setting next_dagrun for setup_data_warehouse to None, run_after=None
[2026-03-11T11:24:26.475+0000] {processor.py:183} INFO - Processing /opt/airflow/dags/setup_data_warehouse.py took 0.575 seconds
[2026-03-11T11:24:57.556+0000] {processor.py:161} INFO - Started process (PID=759) to work on /opt/airflow/dags/setup_data_warehouse.py
[2026-03-11T11:24:57.560+0000] {processor.py:830} INFO - Processing file /opt/airflow/dags/setup_data_warehouse.py for tasks to queue
[2026-03-11T11:24:57.574+0000] {logging_mixin.py:188} INFO - [2026-03-11T11:24:57.573+0000] {dagbag.py:538} INFO - Filling up the DagBag from /opt/airflow/dags/setup_data_warehouse.py
[2026-03-11T11:24:57.628+0000] {logging_mixin.py:188} INFO - [2026-03-11T11:24:57.625+0000] {templater.py:95} ERROR - Failed to resolve template field 'sql'
Traceback (most recent call last):
  File "/home/airflow/.local/lib/python3.11/site-packages/airflow/template/templater.py", line 93, in resolve_template_files
    setattr(self, field, env.loader.get_source(env, content)[0])  # type: ignore
                         ^^^^^^^^^^^^^^^^^^^^^^^^^^^^^^^^^^^
  File "/home/airflow/.local/lib/python3.11/site-packages/jinja2/loaders.py", line 218, in get_source
    raise TemplateNotFound(template)
jinja2.exceptions.TemplateNotFound: /sql/01_create_schemas.sql
[2026-03-11T11:24:57.634+0000] {logging_mixin.py:188} INFO - [2026-03-11T11:24:57.632+0000] {templater.py:95} ERROR - Failed to resolve template field 'sql'
Traceback (most recent call last):
  File "/home/airflow/.local/lib/python3.11/site-packages/airflow/template/templater.py", line 93, in resolve_template_files
    setattr(self, field, env.loader.get_source(env, content)[0])  # type: ignore
                         ^^^^^^^^^^^^^^^^^^^^^^^^^^^^^^^^^^^
  File "/home/airflow/.local/lib/python3.11/site-packages/jinja2/loaders.py", line 218, in get_source
    raise TemplateNotFound(template)
jinja2.exceptions.TemplateNotFound: /sql/02_create_staging_tables.sql
[2026-03-11T11:24:57.638+0000] {logging_mixin.py:188} INFO - [2026-03-11T11:24:57.636+0000] {templater.py:95} ERROR - Failed to resolve template field 'sql'
Traceback (most recent call last):
  File "/home/airflow/.local/lib/python3.11/site-packages/airflow/template/templater.py", line 93, in resolve_template_files
    setattr(self, field, env.loader.get_source(env, content)[0])  # type: ignore
                         ^^^^^^^^^^^^^^^^^^^^^^^^^^^^^^^^^^^
  File "/home/airflow/.local/lib/python3.11/site-packages/jinja2/loaders.py", line 218, in get_source
    raise TemplateNotFound(template)
jinja2.exceptions.TemplateNotFound: /sql/03_create_core_tables.sql
[2026-03-11T11:24:57.642+0000] {logging_mixin.py:188} INFO - [2026-03-11T11:24:57.640+0000] {templater.py:95} ERROR - Failed to resolve template field 'sql'
Traceback (most recent call last):
  File "/home/airflow/.local/lib/python3.11/site-packages/airflow/template/templater.py", line 93, in resolve_template_files
    setattr(self, field, env.loader.get_source(env, content)[0])  # type: ignore
                         ^^^^^^^^^^^^^^^^^^^^^^^^^^^^^^^^^^^
  File "/home/airflow/.local/lib/python3.11/site-packages/jinja2/loaders.py", line 218, in get_source
    raise TemplateNotFound(template)
jinja2.exceptions.TemplateNotFound: /sql/04_create_analytics_tables.sql
[2026-03-11T11:24:57.664+0000] {processor.py:840} INFO - DAG(s) 'setup_data_warehouse' retrieved from /opt/airflow/dags/setup_data_warehouse.py
[2026-03-11T11:24:57.791+0000] {logging_mixin.py:188} INFO - [2026-03-11T11:24:57.790+0000] {dag.py:3033} INFO - Sync 1 DAGs
[2026-03-11T11:24:57.866+0000] {logging_mixin.py:188} INFO - [2026-03-11T11:24:57.865+0000] {dag.py:3820} INFO - Setting next_dagrun for setup_data_warehouse to None, run_after=None
[2026-03-11T11:24:57.955+0000] {processor.py:183} INFO - Processing /opt/airflow/dags/setup_data_warehouse.py took 0.414 seconds
[2026-03-11T11:25:28.215+0000] {processor.py:161} INFO - Started process (PID=776) to work on /opt/airflow/dags/setup_data_warehouse.py
[2026-03-11T11:25:28.218+0000] {processor.py:830} INFO - Processing file /opt/airflow/dags/setup_data_warehouse.py for tasks to queue
[2026-03-11T11:25:28.227+0000] {logging_mixin.py:188} INFO - [2026-03-11T11:25:28.226+0000] {dagbag.py:538} INFO - Filling up the DagBag from /opt/airflow/dags/setup_data_warehouse.py
[2026-03-11T11:25:28.279+0000] {logging_mixin.py:188} INFO - [2026-03-11T11:25:28.275+0000] {templater.py:95} ERROR - Failed to resolve template field 'sql'
Traceback (most recent call last):
  File "/home/airflow/.local/lib/python3.11/site-packages/airflow/template/templater.py", line 93, in resolve_template_files
    setattr(self, field, env.loader.get_source(env, content)[0])  # type: ignore
                         ^^^^^^^^^^^^^^^^^^^^^^^^^^^^^^^^^^^
  File "/home/airflow/.local/lib/python3.11/site-packages/jinja2/loaders.py", line 218, in get_source
    raise TemplateNotFound(template)
jinja2.exceptions.TemplateNotFound: /sql/01_create_schemas.sql
[2026-03-11T11:25:28.282+0000] {logging_mixin.py:188} INFO - [2026-03-11T11:25:28.281+0000] {templater.py:95} ERROR - Failed to resolve template field 'sql'
Traceback (most recent call last):
  File "/home/airflow/.local/lib/python3.11/site-packages/airflow/template/templater.py", line 93, in resolve_template_files
    setattr(self, field, env.loader.get_source(env, content)[0])  # type: ignore
                         ^^^^^^^^^^^^^^^^^^^^^^^^^^^^^^^^^^^
  File "/home/airflow/.local/lib/python3.11/site-packages/jinja2/loaders.py", line 218, in get_source
    raise TemplateNotFound(template)
jinja2.exceptions.TemplateNotFound: /sql/02_create_staging_tables.sql
[2026-03-11T11:25:28.284+0000] {logging_mixin.py:188} INFO - [2026-03-11T11:25:28.284+0000] {templater.py:95} ERROR - Failed to resolve template field 'sql'
Traceback (most recent call last):
  File "/home/airflow/.local/lib/python3.11/site-packages/airflow/template/templater.py", line 93, in resolve_template_files
    setattr(self, field, env.loader.get_source(env, content)[0])  # type: ignore
                         ^^^^^^^^^^^^^^^^^^^^^^^^^^^^^^^^^^^
  File "/home/airflow/.local/lib/python3.11/site-packages/jinja2/loaders.py", line 218, in get_source
    raise TemplateNotFound(template)
jinja2.exceptions.TemplateNotFound: /sql/03_create_core_tables.sql
[2026-03-11T11:25:28.286+0000] {logging_mixin.py:188} INFO - [2026-03-11T11:25:28.285+0000] {templater.py:95} ERROR - Failed to resolve template field 'sql'
Traceback (most recent call last):
  File "/home/airflow/.local/lib/python3.11/site-packages/airflow/template/templater.py", line 93, in resolve_template_files
    setattr(self, field, env.loader.get_source(env, content)[0])  # type: ignore
                         ^^^^^^^^^^^^^^^^^^^^^^^^^^^^^^^^^^^
  File "/home/airflow/.local/lib/python3.11/site-packages/jinja2/loaders.py", line 218, in get_source
    raise TemplateNotFound(template)
jinja2.exceptions.TemplateNotFound: /sql/04_create_analytics_tables.sql
[2026-03-11T11:25:28.302+0000] {processor.py:840} INFO - DAG(s) 'setup_data_warehouse' retrieved from /opt/airflow/dags/setup_data_warehouse.py
[2026-03-11T11:25:28.433+0000] {logging_mixin.py:188} INFO - [2026-03-11T11:25:28.431+0000] {dag.py:3033} INFO - Sync 1 DAGs
[2026-03-11T11:25:28.506+0000] {logging_mixin.py:188} INFO - [2026-03-11T11:25:28.506+0000] {dag.py:3820} INFO - Setting next_dagrun for setup_data_warehouse to None, run_after=None
[2026-03-11T11:25:28.595+0000] {processor.py:183} INFO - Processing /opt/airflow/dags/setup_data_warehouse.py took 0.392 seconds
[2026-03-11T11:25:58.681+0000] {processor.py:161} INFO - Started process (PID=814) to work on /opt/airflow/dags/setup_data_warehouse.py
[2026-03-11T11:25:58.684+0000] {processor.py:830} INFO - Processing file /opt/airflow/dags/setup_data_warehouse.py for tasks to queue
[2026-03-11T11:25:58.694+0000] {logging_mixin.py:188} INFO - [2026-03-11T11:25:58.693+0000] {dagbag.py:538} INFO - Filling up the DagBag from /opt/airflow/dags/setup_data_warehouse.py
[2026-03-11T11:25:58.736+0000] {logging_mixin.py:188} INFO - [2026-03-11T11:25:58.732+0000] {templater.py:95} ERROR - Failed to resolve template field 'sql'
Traceback (most recent call last):
  File "/home/airflow/.local/lib/python3.11/site-packages/airflow/template/templater.py", line 93, in resolve_template_files
    setattr(self, field, env.loader.get_source(env, content)[0])  # type: ignore
                         ^^^^^^^^^^^^^^^^^^^^^^^^^^^^^^^^^^^
  File "/home/airflow/.local/lib/python3.11/site-packages/jinja2/loaders.py", line 218, in get_source
    raise TemplateNotFound(template)
jinja2.exceptions.TemplateNotFound: /sql/01_create_schemas.sql
[2026-03-11T11:25:58.740+0000] {logging_mixin.py:188} INFO - [2026-03-11T11:25:58.739+0000] {templater.py:95} ERROR - Failed to resolve template field 'sql'
Traceback (most recent call last):
  File "/home/airflow/.local/lib/python3.11/site-packages/airflow/template/templater.py", line 93, in resolve_template_files
    setattr(self, field, env.loader.get_source(env, content)[0])  # type: ignore
                         ^^^^^^^^^^^^^^^^^^^^^^^^^^^^^^^^^^^
  File "/home/airflow/.local/lib/python3.11/site-packages/jinja2/loaders.py", line 218, in get_source
    raise TemplateNotFound(template)
jinja2.exceptions.TemplateNotFound: /sql/02_create_staging_tables.sql
[2026-03-11T11:25:58.744+0000] {logging_mixin.py:188} INFO - [2026-03-11T11:25:58.742+0000] {templater.py:95} ERROR - Failed to resolve template field 'sql'
Traceback (most recent call last):
  File "/home/airflow/.local/lib/python3.11/site-packages/airflow/template/templater.py", line 93, in resolve_template_files
    setattr(self, field, env.loader.get_source(env, content)[0])  # type: ignore
                         ^^^^^^^^^^^^^^^^^^^^^^^^^^^^^^^^^^^
  File "/home/airflow/.local/lib/python3.11/site-packages/jinja2/loaders.py", line 218, in get_source
    raise TemplateNotFound(template)
jinja2.exceptions.TemplateNotFound: /sql/03_create_core_tables.sql
[2026-03-11T11:25:58.746+0000] {logging_mixin.py:188} INFO - [2026-03-11T11:25:58.745+0000] {templater.py:95} ERROR - Failed to resolve template field 'sql'
Traceback (most recent call last):
  File "/home/airflow/.local/lib/python3.11/site-packages/airflow/template/templater.py", line 93, in resolve_template_files
    setattr(self, field, env.loader.get_source(env, content)[0])  # type: ignore
                         ^^^^^^^^^^^^^^^^^^^^^^^^^^^^^^^^^^^
  File "/home/airflow/.local/lib/python3.11/site-packages/jinja2/loaders.py", line 218, in get_source
    raise TemplateNotFound(template)
jinja2.exceptions.TemplateNotFound: /sql/04_create_analytics_tables.sql
[2026-03-11T11:25:58.766+0000] {processor.py:840} INFO - DAG(s) 'setup_data_warehouse' retrieved from /opt/airflow/dags/setup_data_warehouse.py
[2026-03-11T11:25:58.911+0000] {logging_mixin.py:188} INFO - [2026-03-11T11:25:58.909+0000] {dag.py:3033} INFO - Sync 1 DAGs
[2026-03-11T11:25:58.965+0000] {logging_mixin.py:188} INFO - [2026-03-11T11:25:58.964+0000] {dag.py:3820} INFO - Setting next_dagrun for setup_data_warehouse to None, run_after=None
[2026-03-11T11:25:59.050+0000] {processor.py:183} INFO - Processing /opt/airflow/dags/setup_data_warehouse.py took 0.381 seconds
[2026-03-11T11:26:29.268+0000] {processor.py:161} INFO - Started process (PID=846) to work on /opt/airflow/dags/setup_data_warehouse.py
[2026-03-11T11:26:29.279+0000] {processor.py:830} INFO - Processing file /opt/airflow/dags/setup_data_warehouse.py for tasks to queue
[2026-03-11T11:26:29.289+0000] {logging_mixin.py:188} INFO - [2026-03-11T11:26:29.287+0000] {dagbag.py:538} INFO - Filling up the DagBag from /opt/airflow/dags/setup_data_warehouse.py
[2026-03-11T11:26:29.350+0000] {logging_mixin.py:188} INFO - [2026-03-11T11:26:29.345+0000] {templater.py:95} ERROR - Failed to resolve template field 'sql'
Traceback (most recent call last):
  File "/home/airflow/.local/lib/python3.11/site-packages/airflow/template/templater.py", line 93, in resolve_template_files
    setattr(self, field, env.loader.get_source(env, content)[0])  # type: ignore
                         ^^^^^^^^^^^^^^^^^^^^^^^^^^^^^^^^^^^
  File "/home/airflow/.local/lib/python3.11/site-packages/jinja2/loaders.py", line 218, in get_source
    raise TemplateNotFound(template)
jinja2.exceptions.TemplateNotFound: /sql/01_create_schemas.sql
[2026-03-11T11:26:29.355+0000] {logging_mixin.py:188} INFO - [2026-03-11T11:26:29.353+0000] {templater.py:95} ERROR - Failed to resolve template field 'sql'
Traceback (most recent call last):
  File "/home/airflow/.local/lib/python3.11/site-packages/airflow/template/templater.py", line 93, in resolve_template_files
    setattr(self, field, env.loader.get_source(env, content)[0])  # type: ignore
                         ^^^^^^^^^^^^^^^^^^^^^^^^^^^^^^^^^^^
  File "/home/airflow/.local/lib/python3.11/site-packages/jinja2/loaders.py", line 218, in get_source
    raise TemplateNotFound(template)
jinja2.exceptions.TemplateNotFound: /sql/02_create_staging_tables.sql
[2026-03-11T11:26:29.360+0000] {logging_mixin.py:188} INFO - [2026-03-11T11:26:29.358+0000] {templater.py:95} ERROR - Failed to resolve template field 'sql'
Traceback (most recent call last):
  File "/home/airflow/.local/lib/python3.11/site-packages/airflow/template/templater.py", line 93, in resolve_template_files
    setattr(self, field, env.loader.get_source(env, content)[0])  # type: ignore
                         ^^^^^^^^^^^^^^^^^^^^^^^^^^^^^^^^^^^
  File "/home/airflow/.local/lib/python3.11/site-packages/jinja2/loaders.py", line 218, in get_source
    raise TemplateNotFound(template)
jinja2.exceptions.TemplateNotFound: /sql/03_create_core_tables.sql
[2026-03-11T11:26:29.366+0000] {logging_mixin.py:188} INFO - [2026-03-11T11:26:29.363+0000] {templater.py:95} ERROR - Failed to resolve template field 'sql'
Traceback (most recent call last):
  File "/home/airflow/.local/lib/python3.11/site-packages/airflow/template/templater.py", line 93, in resolve_template_files
    setattr(self, field, env.loader.get_source(env, content)[0])  # type: ignore
                         ^^^^^^^^^^^^^^^^^^^^^^^^^^^^^^^^^^^
  File "/home/airflow/.local/lib/python3.11/site-packages/jinja2/loaders.py", line 218, in get_source
    raise TemplateNotFound(template)
jinja2.exceptions.TemplateNotFound: /sql/04_create_analytics_tables.sql
[2026-03-11T11:26:29.394+0000] {processor.py:840} INFO - DAG(s) 'setup_data_warehouse' retrieved from /opt/airflow/dags/setup_data_warehouse.py
[2026-03-11T11:26:29.535+0000] {logging_mixin.py:188} INFO - [2026-03-11T11:26:29.533+0000] {dag.py:3033} INFO - Sync 1 DAGs
[2026-03-11T11:26:29.639+0000] {logging_mixin.py:188} INFO - [2026-03-11T11:26:29.638+0000] {dag.py:3820} INFO - Setting next_dagrun for setup_data_warehouse to None, run_after=None
[2026-03-11T11:26:29.805+0000] {processor.py:183} INFO - Processing /opt/airflow/dags/setup_data_warehouse.py took 0.556 seconds
[2026-03-11T11:27:00.374+0000] {processor.py:161} INFO - Started process (PID=878) to work on /opt/airflow/dags/setup_data_warehouse.py
[2026-03-11T11:27:00.382+0000] {processor.py:830} INFO - Processing file /opt/airflow/dags/setup_data_warehouse.py for tasks to queue
[2026-03-11T11:27:00.394+0000] {logging_mixin.py:188} INFO - [2026-03-11T11:27:00.393+0000] {dagbag.py:538} INFO - Filling up the DagBag from /opt/airflow/dags/setup_data_warehouse.py
[2026-03-11T11:27:00.449+0000] {logging_mixin.py:188} INFO - [2026-03-11T11:27:00.445+0000] {templater.py:95} ERROR - Failed to resolve template field 'sql'
Traceback (most recent call last):
  File "/home/airflow/.local/lib/python3.11/site-packages/airflow/template/templater.py", line 93, in resolve_template_files
    setattr(self, field, env.loader.get_source(env, content)[0])  # type: ignore
                         ^^^^^^^^^^^^^^^^^^^^^^^^^^^^^^^^^^^
  File "/home/airflow/.local/lib/python3.11/site-packages/jinja2/loaders.py", line 218, in get_source
    raise TemplateNotFound(template)
jinja2.exceptions.TemplateNotFound: /sql/01_create_schemas.sql
[2026-03-11T11:27:00.453+0000] {logging_mixin.py:188} INFO - [2026-03-11T11:27:00.451+0000] {templater.py:95} ERROR - Failed to resolve template field 'sql'
Traceback (most recent call last):
  File "/home/airflow/.local/lib/python3.11/site-packages/airflow/template/templater.py", line 93, in resolve_template_files
    setattr(self, field, env.loader.get_source(env, content)[0])  # type: ignore
                         ^^^^^^^^^^^^^^^^^^^^^^^^^^^^^^^^^^^
  File "/home/airflow/.local/lib/python3.11/site-packages/jinja2/loaders.py", line 218, in get_source
    raise TemplateNotFound(template)
jinja2.exceptions.TemplateNotFound: /sql/02_create_staging_tables.sql
[2026-03-11T11:27:00.458+0000] {logging_mixin.py:188} INFO - [2026-03-11T11:27:00.456+0000] {templater.py:95} ERROR - Failed to resolve template field 'sql'
Traceback (most recent call last):
  File "/home/airflow/.local/lib/python3.11/site-packages/airflow/template/templater.py", line 93, in resolve_template_files
    setattr(self, field, env.loader.get_source(env, content)[0])  # type: ignore
                         ^^^^^^^^^^^^^^^^^^^^^^^^^^^^^^^^^^^
  File "/home/airflow/.local/lib/python3.11/site-packages/jinja2/loaders.py", line 218, in get_source
    raise TemplateNotFound(template)
jinja2.exceptions.TemplateNotFound: /sql/03_create_core_tables.sql
[2026-03-11T11:27:00.462+0000] {logging_mixin.py:188} INFO - [2026-03-11T11:27:00.460+0000] {templater.py:95} ERROR - Failed to resolve template field 'sql'
Traceback (most recent call last):
  File "/home/airflow/.local/lib/python3.11/site-packages/airflow/template/templater.py", line 93, in resolve_template_files
    setattr(self, field, env.loader.get_source(env, content)[0])  # type: ignore
                         ^^^^^^^^^^^^^^^^^^^^^^^^^^^^^^^^^^^
  File "/home/airflow/.local/lib/python3.11/site-packages/jinja2/loaders.py", line 218, in get_source
    raise TemplateNotFound(template)
jinja2.exceptions.TemplateNotFound: /sql/04_create_analytics_tables.sql
[2026-03-11T11:27:00.484+0000] {processor.py:840} INFO - DAG(s) 'setup_data_warehouse' retrieved from /opt/airflow/dags/setup_data_warehouse.py
[2026-03-11T11:27:00.638+0000] {logging_mixin.py:188} INFO - [2026-03-11T11:27:00.635+0000] {dag.py:3033} INFO - Sync 1 DAGs
[2026-03-11T11:27:00.716+0000] {logging_mixin.py:188} INFO - [2026-03-11T11:27:00.715+0000] {dag.py:3820} INFO - Setting next_dagrun for setup_data_warehouse to None, run_after=None
[2026-03-11T11:27:00.804+0000] {processor.py:183} INFO - Processing /opt/airflow/dags/setup_data_warehouse.py took 0.456 seconds
[2026-03-11T11:27:31.536+0000] {processor.py:161} INFO - Started process (PID=910) to work on /opt/airflow/dags/setup_data_warehouse.py
[2026-03-11T11:27:31.541+0000] {processor.py:830} INFO - Processing file /opt/airflow/dags/setup_data_warehouse.py for tasks to queue
[2026-03-11T11:27:31.548+0000] {logging_mixin.py:188} INFO - [2026-03-11T11:27:31.547+0000] {dagbag.py:538} INFO - Filling up the DagBag from /opt/airflow/dags/setup_data_warehouse.py
[2026-03-11T11:27:31.595+0000] {logging_mixin.py:188} INFO - [2026-03-11T11:27:31.592+0000] {templater.py:95} ERROR - Failed to resolve template field 'sql'
Traceback (most recent call last):
  File "/home/airflow/.local/lib/python3.11/site-packages/airflow/template/templater.py", line 93, in resolve_template_files
    setattr(self, field, env.loader.get_source(env, content)[0])  # type: ignore
                         ^^^^^^^^^^^^^^^^^^^^^^^^^^^^^^^^^^^
  File "/home/airflow/.local/lib/python3.11/site-packages/jinja2/loaders.py", line 218, in get_source
    raise TemplateNotFound(template)
jinja2.exceptions.TemplateNotFound: /sql/01_create_schemas.sql
[2026-03-11T11:27:31.599+0000] {logging_mixin.py:188} INFO - [2026-03-11T11:27:31.597+0000] {templater.py:95} ERROR - Failed to resolve template field 'sql'
Traceback (most recent call last):
  File "/home/airflow/.local/lib/python3.11/site-packages/airflow/template/templater.py", line 93, in resolve_template_files
    setattr(self, field, env.loader.get_source(env, content)[0])  # type: ignore
                         ^^^^^^^^^^^^^^^^^^^^^^^^^^^^^^^^^^^
  File "/home/airflow/.local/lib/python3.11/site-packages/jinja2/loaders.py", line 218, in get_source
    raise TemplateNotFound(template)
jinja2.exceptions.TemplateNotFound: /sql/02_create_staging_tables.sql
[2026-03-11T11:27:31.602+0000] {logging_mixin.py:188} INFO - [2026-03-11T11:27:31.600+0000] {templater.py:95} ERROR - Failed to resolve template field 'sql'
Traceback (most recent call last):
  File "/home/airflow/.local/lib/python3.11/site-packages/airflow/template/templater.py", line 93, in resolve_template_files
    setattr(self, field, env.loader.get_source(env, content)[0])  # type: ignore
                         ^^^^^^^^^^^^^^^^^^^^^^^^^^^^^^^^^^^
  File "/home/airflow/.local/lib/python3.11/site-packages/jinja2/loaders.py", line 218, in get_source
    raise TemplateNotFound(template)
jinja2.exceptions.TemplateNotFound: /sql/03_create_core_tables.sql
[2026-03-11T11:27:31.605+0000] {logging_mixin.py:188} INFO - [2026-03-11T11:27:31.603+0000] {templater.py:95} ERROR - Failed to resolve template field 'sql'
Traceback (most recent call last):
  File "/home/airflow/.local/lib/python3.11/site-packages/airflow/template/templater.py", line 93, in resolve_template_files
    setattr(self, field, env.loader.get_source(env, content)[0])  # type: ignore
                         ^^^^^^^^^^^^^^^^^^^^^^^^^^^^^^^^^^^
  File "/home/airflow/.local/lib/python3.11/site-packages/jinja2/loaders.py", line 218, in get_source
    raise TemplateNotFound(template)
jinja2.exceptions.TemplateNotFound: /sql/04_create_analytics_tables.sql
[2026-03-11T11:27:31.625+0000] {processor.py:840} INFO - DAG(s) 'setup_data_warehouse' retrieved from /opt/airflow/dags/setup_data_warehouse.py
[2026-03-11T11:27:31.815+0000] {logging_mixin.py:188} INFO - [2026-03-11T11:27:31.812+0000] {dag.py:3033} INFO - Sync 1 DAGs
[2026-03-11T11:27:31.903+0000] {logging_mixin.py:188} INFO - [2026-03-11T11:27:31.902+0000] {dag.py:3820} INFO - Setting next_dagrun for setup_data_warehouse to None, run_after=None
[2026-03-11T11:27:32.022+0000] {processor.py:183} INFO - Processing /opt/airflow/dags/setup_data_warehouse.py took 0.495 seconds
[2026-03-11T11:28:02.349+0000] {processor.py:161} INFO - Started process (PID=942) to work on /opt/airflow/dags/setup_data_warehouse.py
[2026-03-11T11:28:02.352+0000] {processor.py:830} INFO - Processing file /opt/airflow/dags/setup_data_warehouse.py for tasks to queue
[2026-03-11T11:28:02.366+0000] {logging_mixin.py:188} INFO - [2026-03-11T11:28:02.364+0000] {dagbag.py:538} INFO - Filling up the DagBag from /opt/airflow/dags/setup_data_warehouse.py
[2026-03-11T11:28:02.423+0000] {logging_mixin.py:188} INFO - [2026-03-11T11:28:02.418+0000] {templater.py:95} ERROR - Failed to resolve template field 'sql'
Traceback (most recent call last):
  File "/home/airflow/.local/lib/python3.11/site-packages/airflow/template/templater.py", line 93, in resolve_template_files
    setattr(self, field, env.loader.get_source(env, content)[0])  # type: ignore
                         ^^^^^^^^^^^^^^^^^^^^^^^^^^^^^^^^^^^
  File "/home/airflow/.local/lib/python3.11/site-packages/jinja2/loaders.py", line 218, in get_source
    raise TemplateNotFound(template)
jinja2.exceptions.TemplateNotFound: /sql/01_create_schemas.sql
[2026-03-11T11:28:02.428+0000] {logging_mixin.py:188} INFO - [2026-03-11T11:28:02.426+0000] {templater.py:95} ERROR - Failed to resolve template field 'sql'
Traceback (most recent call last):
  File "/home/airflow/.local/lib/python3.11/site-packages/airflow/template/templater.py", line 93, in resolve_template_files
    setattr(self, field, env.loader.get_source(env, content)[0])  # type: ignore
                         ^^^^^^^^^^^^^^^^^^^^^^^^^^^^^^^^^^^
  File "/home/airflow/.local/lib/python3.11/site-packages/jinja2/loaders.py", line 218, in get_source
    raise TemplateNotFound(template)
jinja2.exceptions.TemplateNotFound: /sql/02_create_staging_tables.sql
[2026-03-11T11:28:02.431+0000] {logging_mixin.py:188} INFO - [2026-03-11T11:28:02.430+0000] {templater.py:95} ERROR - Failed to resolve template field 'sql'
Traceback (most recent call last):
  File "/home/airflow/.local/lib/python3.11/site-packages/airflow/template/templater.py", line 93, in resolve_template_files
    setattr(self, field, env.loader.get_source(env, content)[0])  # type: ignore
                         ^^^^^^^^^^^^^^^^^^^^^^^^^^^^^^^^^^^
  File "/home/airflow/.local/lib/python3.11/site-packages/jinja2/loaders.py", line 218, in get_source
    raise TemplateNotFound(template)
jinja2.exceptions.TemplateNotFound: /sql/03_create_core_tables.sql
[2026-03-11T11:28:02.434+0000] {logging_mixin.py:188} INFO - [2026-03-11T11:28:02.433+0000] {templater.py:95} ERROR - Failed to resolve template field 'sql'
Traceback (most recent call last):
  File "/home/airflow/.local/lib/python3.11/site-packages/airflow/template/templater.py", line 93, in resolve_template_files
    setattr(self, field, env.loader.get_source(env, content)[0])  # type: ignore
                         ^^^^^^^^^^^^^^^^^^^^^^^^^^^^^^^^^^^
  File "/home/airflow/.local/lib/python3.11/site-packages/jinja2/loaders.py", line 218, in get_source
    raise TemplateNotFound(template)
jinja2.exceptions.TemplateNotFound: /sql/04_create_analytics_tables.sql
[2026-03-11T11:28:02.447+0000] {processor.py:840} INFO - DAG(s) 'setup_data_warehouse' retrieved from /opt/airflow/dags/setup_data_warehouse.py
[2026-03-11T11:28:02.578+0000] {logging_mixin.py:188} INFO - [2026-03-11T11:28:02.576+0000] {dag.py:3033} INFO - Sync 1 DAGs
[2026-03-11T11:28:02.669+0000] {logging_mixin.py:188} INFO - [2026-03-11T11:28:02.668+0000] {dag.py:3820} INFO - Setting next_dagrun for setup_data_warehouse to None, run_after=None
[2026-03-11T11:28:02.845+0000] {processor.py:183} INFO - Processing /opt/airflow/dags/setup_data_warehouse.py took 0.513 seconds
[2026-03-11T11:28:32.979+0000] {processor.py:161} INFO - Started process (PID=974) to work on /opt/airflow/dags/setup_data_warehouse.py
[2026-03-11T11:28:32.981+0000] {processor.py:830} INFO - Processing file /opt/airflow/dags/setup_data_warehouse.py for tasks to queue
[2026-03-11T11:28:32.989+0000] {logging_mixin.py:188} INFO - [2026-03-11T11:28:32.986+0000] {dagbag.py:538} INFO - Filling up the DagBag from /opt/airflow/dags/setup_data_warehouse.py
[2026-03-11T11:28:33.037+0000] {logging_mixin.py:188} INFO - [2026-03-11T11:28:33.031+0000] {templater.py:95} ERROR - Failed to resolve template field 'sql'
Traceback (most recent call last):
  File "/home/airflow/.local/lib/python3.11/site-packages/airflow/template/templater.py", line 93, in resolve_template_files
    setattr(self, field, env.loader.get_source(env, content)[0])  # type: ignore
                         ^^^^^^^^^^^^^^^^^^^^^^^^^^^^^^^^^^^
  File "/home/airflow/.local/lib/python3.11/site-packages/jinja2/loaders.py", line 218, in get_source
    raise TemplateNotFound(template)
jinja2.exceptions.TemplateNotFound: /sql/01_create_schemas.sql
[2026-03-11T11:28:33.048+0000] {logging_mixin.py:188} INFO - [2026-03-11T11:28:33.045+0000] {templater.py:95} ERROR - Failed to resolve template field 'sql'
Traceback (most recent call last):
  File "/home/airflow/.local/lib/python3.11/site-packages/airflow/template/templater.py", line 93, in resolve_template_files
    setattr(self, field, env.loader.get_source(env, content)[0])  # type: ignore
                         ^^^^^^^^^^^^^^^^^^^^^^^^^^^^^^^^^^^
  File "/home/airflow/.local/lib/python3.11/site-packages/jinja2/loaders.py", line 218, in get_source
    raise TemplateNotFound(template)
jinja2.exceptions.TemplateNotFound: /sql/02_create_staging_tables.sql
[2026-03-11T11:28:33.053+0000] {logging_mixin.py:188} INFO - [2026-03-11T11:28:33.052+0000] {templater.py:95} ERROR - Failed to resolve template field 'sql'
Traceback (most recent call last):
  File "/home/airflow/.local/lib/python3.11/site-packages/airflow/template/templater.py", line 93, in resolve_template_files
    setattr(self, field, env.loader.get_source(env, content)[0])  # type: ignore
                         ^^^^^^^^^^^^^^^^^^^^^^^^^^^^^^^^^^^
  File "/home/airflow/.local/lib/python3.11/site-packages/jinja2/loaders.py", line 218, in get_source
    raise TemplateNotFound(template)
jinja2.exceptions.TemplateNotFound: /sql/03_create_core_tables.sql
[2026-03-11T11:28:33.062+0000] {logging_mixin.py:188} INFO - [2026-03-11T11:28:33.060+0000] {templater.py:95} ERROR - Failed to resolve template field 'sql'
Traceback (most recent call last):
  File "/home/airflow/.local/lib/python3.11/site-packages/airflow/template/templater.py", line 93, in resolve_template_files
    setattr(self, field, env.loader.get_source(env, content)[0])  # type: ignore
                         ^^^^^^^^^^^^^^^^^^^^^^^^^^^^^^^^^^^
  File "/home/airflow/.local/lib/python3.11/site-packages/jinja2/loaders.py", line 218, in get_source
    raise TemplateNotFound(template)
jinja2.exceptions.TemplateNotFound: /sql/04_create_analytics_tables.sql
[2026-03-11T11:28:33.086+0000] {processor.py:840} INFO - DAG(s) 'setup_data_warehouse' retrieved from /opt/airflow/dags/setup_data_warehouse.py
[2026-03-11T11:28:33.223+0000] {logging_mixin.py:188} INFO - [2026-03-11T11:28:33.222+0000] {dag.py:3033} INFO - Sync 1 DAGs
[2026-03-11T11:28:33.280+0000] {logging_mixin.py:188} INFO - [2026-03-11T11:28:33.280+0000] {dag.py:3820} INFO - Setting next_dagrun for setup_data_warehouse to None, run_after=None
[2026-03-11T11:28:33.370+0000] {processor.py:183} INFO - Processing /opt/airflow/dags/setup_data_warehouse.py took 0.402 seconds
[2026-03-11T11:29:03.889+0000] {processor.py:161} INFO - Started process (PID=1006) to work on /opt/airflow/dags/setup_data_warehouse.py
[2026-03-11T11:29:03.891+0000] {processor.py:830} INFO - Processing file /opt/airflow/dags/setup_data_warehouse.py for tasks to queue
[2026-03-11T11:29:03.898+0000] {logging_mixin.py:188} INFO - [2026-03-11T11:29:03.898+0000] {dagbag.py:538} INFO - Filling up the DagBag from /opt/airflow/dags/setup_data_warehouse.py
[2026-03-11T11:29:03.931+0000] {logging_mixin.py:188} INFO - [2026-03-11T11:29:03.929+0000] {templater.py:95} ERROR - Failed to resolve template field 'sql'
Traceback (most recent call last):
  File "/home/airflow/.local/lib/python3.11/site-packages/airflow/template/templater.py", line 93, in resolve_template_files
    setattr(self, field, env.loader.get_source(env, content)[0])  # type: ignore
                         ^^^^^^^^^^^^^^^^^^^^^^^^^^^^^^^^^^^
  File "/home/airflow/.local/lib/python3.11/site-packages/jinja2/loaders.py", line 218, in get_source
    raise TemplateNotFound(template)
jinja2.exceptions.TemplateNotFound: /sql/01_create_schemas.sql
[2026-03-11T11:29:03.933+0000] {logging_mixin.py:188} INFO - [2026-03-11T11:29:03.932+0000] {templater.py:95} ERROR - Failed to resolve template field 'sql'
Traceback (most recent call last):
  File "/home/airflow/.local/lib/python3.11/site-packages/airflow/template/templater.py", line 93, in resolve_template_files
    setattr(self, field, env.loader.get_source(env, content)[0])  # type: ignore
                         ^^^^^^^^^^^^^^^^^^^^^^^^^^^^^^^^^^^
  File "/home/airflow/.local/lib/python3.11/site-packages/jinja2/loaders.py", line 218, in get_source
    raise TemplateNotFound(template)
jinja2.exceptions.TemplateNotFound: /sql/02_create_staging_tables.sql
[2026-03-11T11:29:03.935+0000] {logging_mixin.py:188} INFO - [2026-03-11T11:29:03.934+0000] {templater.py:95} ERROR - Failed to resolve template field 'sql'
Traceback (most recent call last):
  File "/home/airflow/.local/lib/python3.11/site-packages/airflow/template/templater.py", line 93, in resolve_template_files
    setattr(self, field, env.loader.get_source(env, content)[0])  # type: ignore
                         ^^^^^^^^^^^^^^^^^^^^^^^^^^^^^^^^^^^
  File "/home/airflow/.local/lib/python3.11/site-packages/jinja2/loaders.py", line 218, in get_source
    raise TemplateNotFound(template)
jinja2.exceptions.TemplateNotFound: /sql/03_create_core_tables.sql
[2026-03-11T11:29:03.940+0000] {logging_mixin.py:188} INFO - [2026-03-11T11:29:03.939+0000] {templater.py:95} ERROR - Failed to resolve template field 'sql'
Traceback (most recent call last):
  File "/home/airflow/.local/lib/python3.11/site-packages/airflow/template/templater.py", line 93, in resolve_template_files
    setattr(self, field, env.loader.get_source(env, content)[0])  # type: ignore
                         ^^^^^^^^^^^^^^^^^^^^^^^^^^^^^^^^^^^
  File "/home/airflow/.local/lib/python3.11/site-packages/jinja2/loaders.py", line 218, in get_source
    raise TemplateNotFound(template)
jinja2.exceptions.TemplateNotFound: /sql/04_create_analytics_tables.sql
[2026-03-11T11:29:03.950+0000] {processor.py:840} INFO - DAG(s) 'setup_data_warehouse' retrieved from /opt/airflow/dags/setup_data_warehouse.py
[2026-03-11T11:29:04.021+0000] {logging_mixin.py:188} INFO - [2026-03-11T11:29:04.020+0000] {dag.py:3033} INFO - Sync 1 DAGs
[2026-03-11T11:29:04.095+0000] {logging_mixin.py:188} INFO - [2026-03-11T11:29:04.093+0000] {dag.py:3820} INFO - Setting next_dagrun for setup_data_warehouse to None, run_after=None
[2026-03-11T11:29:04.174+0000] {processor.py:183} INFO - Processing /opt/airflow/dags/setup_data_warehouse.py took 0.293 seconds
[2026-03-11T11:29:34.831+0000] {processor.py:161} INFO - Started process (PID=1038) to work on /opt/airflow/dags/setup_data_warehouse.py
[2026-03-11T11:29:34.835+0000] {processor.py:830} INFO - Processing file /opt/airflow/dags/setup_data_warehouse.py for tasks to queue
[2026-03-11T11:29:34.846+0000] {logging_mixin.py:188} INFO - [2026-03-11T11:29:34.844+0000] {dagbag.py:538} INFO - Filling up the DagBag from /opt/airflow/dags/setup_data_warehouse.py
[2026-03-11T11:29:34.901+0000] {logging_mixin.py:188} INFO - [2026-03-11T11:29:34.894+0000] {templater.py:95} ERROR - Failed to resolve template field 'sql'
Traceback (most recent call last):
  File "/home/airflow/.local/lib/python3.11/site-packages/airflow/template/templater.py", line 93, in resolve_template_files
    setattr(self, field, env.loader.get_source(env, content)[0])  # type: ignore
                         ^^^^^^^^^^^^^^^^^^^^^^^^^^^^^^^^^^^
  File "/home/airflow/.local/lib/python3.11/site-packages/jinja2/loaders.py", line 218, in get_source
    raise TemplateNotFound(template)
jinja2.exceptions.TemplateNotFound: /sql/01_create_schemas.sql
[2026-03-11T11:29:34.906+0000] {logging_mixin.py:188} INFO - [2026-03-11T11:29:34.904+0000] {templater.py:95} ERROR - Failed to resolve template field 'sql'
Traceback (most recent call last):
  File "/home/airflow/.local/lib/python3.11/site-packages/airflow/template/templater.py", line 93, in resolve_template_files
    setattr(self, field, env.loader.get_source(env, content)[0])  # type: ignore
                         ^^^^^^^^^^^^^^^^^^^^^^^^^^^^^^^^^^^
  File "/home/airflow/.local/lib/python3.11/site-packages/jinja2/loaders.py", line 218, in get_source
    raise TemplateNotFound(template)
jinja2.exceptions.TemplateNotFound: /sql/02_create_staging_tables.sql
[2026-03-11T11:29:34.911+0000] {logging_mixin.py:188} INFO - [2026-03-11T11:29:34.909+0000] {templater.py:95} ERROR - Failed to resolve template field 'sql'
Traceback (most recent call last):
  File "/home/airflow/.local/lib/python3.11/site-packages/airflow/template/templater.py", line 93, in resolve_template_files
    setattr(self, field, env.loader.get_source(env, content)[0])  # type: ignore
                         ^^^^^^^^^^^^^^^^^^^^^^^^^^^^^^^^^^^
  File "/home/airflow/.local/lib/python3.11/site-packages/jinja2/loaders.py", line 218, in get_source
    raise TemplateNotFound(template)
jinja2.exceptions.TemplateNotFound: /sql/03_create_core_tables.sql
[2026-03-11T11:29:34.917+0000] {logging_mixin.py:188} INFO - [2026-03-11T11:29:34.915+0000] {templater.py:95} ERROR - Failed to resolve template field 'sql'
Traceback (most recent call last):
  File "/home/airflow/.local/lib/python3.11/site-packages/airflow/template/templater.py", line 93, in resolve_template_files
    setattr(self, field, env.loader.get_source(env, content)[0])  # type: ignore
                         ^^^^^^^^^^^^^^^^^^^^^^^^^^^^^^^^^^^
  File "/home/airflow/.local/lib/python3.11/site-packages/jinja2/loaders.py", line 218, in get_source
    raise TemplateNotFound(template)
jinja2.exceptions.TemplateNotFound: /sql/04_create_analytics_tables.sql
[2026-03-11T11:29:34.943+0000] {processor.py:840} INFO - DAG(s) 'setup_data_warehouse' retrieved from /opt/airflow/dags/setup_data_warehouse.py
[2026-03-11T11:29:35.092+0000] {logging_mixin.py:188} INFO - [2026-03-11T11:29:35.090+0000] {dag.py:3033} INFO - Sync 1 DAGs
[2026-03-11T11:29:35.169+0000] {logging_mixin.py:188} INFO - [2026-03-11T11:29:35.169+0000] {dag.py:3820} INFO - Setting next_dagrun for setup_data_warehouse to None, run_after=None
[2026-03-11T11:29:35.264+0000] {processor.py:183} INFO - Processing /opt/airflow/dags/setup_data_warehouse.py took 0.453 seconds
[2026-03-11T11:30:05.934+0000] {processor.py:161} INFO - Started process (PID=1074) to work on /opt/airflow/dags/setup_data_warehouse.py
[2026-03-11T11:30:05.940+0000] {processor.py:830} INFO - Processing file /opt/airflow/dags/setup_data_warehouse.py for tasks to queue
[2026-03-11T11:30:05.952+0000] {logging_mixin.py:188} INFO - [2026-03-11T11:30:05.950+0000] {dagbag.py:538} INFO - Filling up the DagBag from /opt/airflow/dags/setup_data_warehouse.py
[2026-03-11T11:30:06.055+0000] {logging_mixin.py:188} INFO - [2026-03-11T11:30:06.051+0000] {templater.py:95} ERROR - Failed to resolve template field 'sql'
Traceback (most recent call last):
  File "/home/airflow/.local/lib/python3.11/site-packages/airflow/template/templater.py", line 93, in resolve_template_files
    setattr(self, field, env.loader.get_source(env, content)[0])  # type: ignore
                         ^^^^^^^^^^^^^^^^^^^^^^^^^^^^^^^^^^^
  File "/home/airflow/.local/lib/python3.11/site-packages/jinja2/loaders.py", line 218, in get_source
    raise TemplateNotFound(template)
jinja2.exceptions.TemplateNotFound: /sql/01_create_schemas.sql
[2026-03-11T11:30:06.060+0000] {logging_mixin.py:188} INFO - [2026-03-11T11:30:06.058+0000] {templater.py:95} ERROR - Failed to resolve template field 'sql'
Traceback (most recent call last):
  File "/home/airflow/.local/lib/python3.11/site-packages/airflow/template/templater.py", line 93, in resolve_template_files
    setattr(self, field, env.loader.get_source(env, content)[0])  # type: ignore
                         ^^^^^^^^^^^^^^^^^^^^^^^^^^^^^^^^^^^
  File "/home/airflow/.local/lib/python3.11/site-packages/jinja2/loaders.py", line 218, in get_source
    raise TemplateNotFound(template)
jinja2.exceptions.TemplateNotFound: /sql/02_create_staging_tables.sql
[2026-03-11T11:30:06.065+0000] {logging_mixin.py:188} INFO - [2026-03-11T11:30:06.064+0000] {templater.py:95} ERROR - Failed to resolve template field 'sql'
Traceback (most recent call last):
  File "/home/airflow/.local/lib/python3.11/site-packages/airflow/template/templater.py", line 93, in resolve_template_files
    setattr(self, field, env.loader.get_source(env, content)[0])  # type: ignore
                         ^^^^^^^^^^^^^^^^^^^^^^^^^^^^^^^^^^^
  File "/home/airflow/.local/lib/python3.11/site-packages/jinja2/loaders.py", line 218, in get_source
    raise TemplateNotFound(template)
jinja2.exceptions.TemplateNotFound: /sql/03_create_core_tables.sql
[2026-03-11T11:30:06.069+0000] {logging_mixin.py:188} INFO - [2026-03-11T11:30:06.068+0000] {templater.py:95} ERROR - Failed to resolve template field 'sql'
Traceback (most recent call last):
  File "/home/airflow/.local/lib/python3.11/site-packages/airflow/template/templater.py", line 93, in resolve_template_files
    setattr(self, field, env.loader.get_source(env, content)[0])  # type: ignore
                         ^^^^^^^^^^^^^^^^^^^^^^^^^^^^^^^^^^^
  File "/home/airflow/.local/lib/python3.11/site-packages/jinja2/loaders.py", line 218, in get_source
    raise TemplateNotFound(template)
jinja2.exceptions.TemplateNotFound: /sql/04_create_analytics_tables.sql
[2026-03-11T11:30:06.093+0000] {processor.py:840} INFO - DAG(s) 'setup_data_warehouse' retrieved from /opt/airflow/dags/setup_data_warehouse.py
[2026-03-11T11:30:06.242+0000] {logging_mixin.py:188} INFO - [2026-03-11T11:30:06.240+0000] {dag.py:3033} INFO - Sync 1 DAGs
[2026-03-11T11:30:06.363+0000] {logging_mixin.py:188} INFO - [2026-03-11T11:30:06.363+0000] {dag.py:3820} INFO - Setting next_dagrun for setup_data_warehouse to None, run_after=None
[2026-03-11T11:30:06.465+0000] {processor.py:183} INFO - Processing /opt/airflow/dags/setup_data_warehouse.py took 0.560 seconds
[2026-03-11T11:30:37.268+0000] {processor.py:161} INFO - Started process (PID=1108) to work on /opt/airflow/dags/setup_data_warehouse.py
[2026-03-11T11:30:37.272+0000] {processor.py:830} INFO - Processing file /opt/airflow/dags/setup_data_warehouse.py for tasks to queue
[2026-03-11T11:30:37.285+0000] {logging_mixin.py:188} INFO - [2026-03-11T11:30:37.283+0000] {dagbag.py:538} INFO - Filling up the DagBag from /opt/airflow/dags/setup_data_warehouse.py
[2026-03-11T11:30:37.354+0000] {logging_mixin.py:188} INFO - [2026-03-11T11:30:37.348+0000] {templater.py:95} ERROR - Failed to resolve template field 'sql'
Traceback (most recent call last):
  File "/home/airflow/.local/lib/python3.11/site-packages/airflow/template/templater.py", line 93, in resolve_template_files
    setattr(self, field, env.loader.get_source(env, content)[0])  # type: ignore
                         ^^^^^^^^^^^^^^^^^^^^^^^^^^^^^^^^^^^
  File "/home/airflow/.local/lib/python3.11/site-packages/jinja2/loaders.py", line 218, in get_source
    raise TemplateNotFound(template)
jinja2.exceptions.TemplateNotFound: /sql/01_create_schemas.sql
[2026-03-11T11:30:37.360+0000] {logging_mixin.py:188} INFO - [2026-03-11T11:30:37.358+0000] {templater.py:95} ERROR - Failed to resolve template field 'sql'
Traceback (most recent call last):
  File "/home/airflow/.local/lib/python3.11/site-packages/airflow/template/templater.py", line 93, in resolve_template_files
    setattr(self, field, env.loader.get_source(env, content)[0])  # type: ignore
                         ^^^^^^^^^^^^^^^^^^^^^^^^^^^^^^^^^^^
  File "/home/airflow/.local/lib/python3.11/site-packages/jinja2/loaders.py", line 218, in get_source
    raise TemplateNotFound(template)
jinja2.exceptions.TemplateNotFound: /sql/02_create_staging_tables.sql
[2026-03-11T11:30:37.365+0000] {logging_mixin.py:188} INFO - [2026-03-11T11:30:37.363+0000] {templater.py:95} ERROR - Failed to resolve template field 'sql'
Traceback (most recent call last):
  File "/home/airflow/.local/lib/python3.11/site-packages/airflow/template/templater.py", line 93, in resolve_template_files
    setattr(self, field, env.loader.get_source(env, content)[0])  # type: ignore
                         ^^^^^^^^^^^^^^^^^^^^^^^^^^^^^^^^^^^
  File "/home/airflow/.local/lib/python3.11/site-packages/jinja2/loaders.py", line 218, in get_source
    raise TemplateNotFound(template)
jinja2.exceptions.TemplateNotFound: /sql/03_create_core_tables.sql
[2026-03-11T11:30:37.371+0000] {logging_mixin.py:188} INFO - [2026-03-11T11:30:37.369+0000] {templater.py:95} ERROR - Failed to resolve template field 'sql'
Traceback (most recent call last):
  File "/home/airflow/.local/lib/python3.11/site-packages/airflow/template/templater.py", line 93, in resolve_template_files
    setattr(self, field, env.loader.get_source(env, content)[0])  # type: ignore
                         ^^^^^^^^^^^^^^^^^^^^^^^^^^^^^^^^^^^
  File "/home/airflow/.local/lib/python3.11/site-packages/jinja2/loaders.py", line 218, in get_source
    raise TemplateNotFound(template)
jinja2.exceptions.TemplateNotFound: /sql/04_create_analytics_tables.sql
[2026-03-11T11:30:37.399+0000] {processor.py:840} INFO - DAG(s) 'setup_data_warehouse' retrieved from /opt/airflow/dags/setup_data_warehouse.py
[2026-03-11T11:30:37.553+0000] {logging_mixin.py:188} INFO - [2026-03-11T11:30:37.551+0000] {dag.py:3033} INFO - Sync 1 DAGs
[2026-03-11T11:30:37.629+0000] {logging_mixin.py:188} INFO - [2026-03-11T11:30:37.628+0000] {dag.py:3820} INFO - Setting next_dagrun for setup_data_warehouse to None, run_after=None
[2026-03-11T11:30:37.730+0000] {processor.py:183} INFO - Processing /opt/airflow/dags/setup_data_warehouse.py took 0.477 seconds
[2026-03-11T11:31:08.186+0000] {processor.py:161} INFO - Started process (PID=1144) to work on /opt/airflow/dags/setup_data_warehouse.py
[2026-03-11T11:31:08.189+0000] {processor.py:830} INFO - Processing file /opt/airflow/dags/setup_data_warehouse.py for tasks to queue
[2026-03-11T11:31:08.202+0000] {logging_mixin.py:188} INFO - [2026-03-11T11:31:08.201+0000] {dagbag.py:538} INFO - Filling up the DagBag from /opt/airflow/dags/setup_data_warehouse.py
[2026-03-11T11:31:08.272+0000] {logging_mixin.py:188} INFO - [2026-03-11T11:31:08.268+0000] {templater.py:95} ERROR - Failed to resolve template field 'sql'
Traceback (most recent call last):
  File "/home/airflow/.local/lib/python3.11/site-packages/airflow/template/templater.py", line 93, in resolve_template_files
    setattr(self, field, env.loader.get_source(env, content)[0])  # type: ignore
                         ^^^^^^^^^^^^^^^^^^^^^^^^^^^^^^^^^^^
  File "/home/airflow/.local/lib/python3.11/site-packages/jinja2/loaders.py", line 218, in get_source
    raise TemplateNotFound(template)
jinja2.exceptions.TemplateNotFound: /sql/01_create_schemas.sql
[2026-03-11T11:31:08.275+0000] {logging_mixin.py:188} INFO - [2026-03-11T11:31:08.274+0000] {templater.py:95} ERROR - Failed to resolve template field 'sql'
Traceback (most recent call last):
  File "/home/airflow/.local/lib/python3.11/site-packages/airflow/template/templater.py", line 93, in resolve_template_files
    setattr(self, field, env.loader.get_source(env, content)[0])  # type: ignore
                         ^^^^^^^^^^^^^^^^^^^^^^^^^^^^^^^^^^^
  File "/home/airflow/.local/lib/python3.11/site-packages/jinja2/loaders.py", line 218, in get_source
    raise TemplateNotFound(template)
jinja2.exceptions.TemplateNotFound: /sql/02_create_staging_tables.sql
[2026-03-11T11:31:08.286+0000] {logging_mixin.py:188} INFO - [2026-03-11T11:31:08.285+0000] {templater.py:95} ERROR - Failed to resolve template field 'sql'
Traceback (most recent call last):
  File "/home/airflow/.local/lib/python3.11/site-packages/airflow/template/templater.py", line 93, in resolve_template_files
    setattr(self, field, env.loader.get_source(env, content)[0])  # type: ignore
                         ^^^^^^^^^^^^^^^^^^^^^^^^^^^^^^^^^^^
  File "/home/airflow/.local/lib/python3.11/site-packages/jinja2/loaders.py", line 218, in get_source
    raise TemplateNotFound(template)
jinja2.exceptions.TemplateNotFound: /sql/03_create_core_tables.sql
[2026-03-11T11:31:08.289+0000] {logging_mixin.py:188} INFO - [2026-03-11T11:31:08.288+0000] {templater.py:95} ERROR - Failed to resolve template field 'sql'
Traceback (most recent call last):
  File "/home/airflow/.local/lib/python3.11/site-packages/airflow/template/templater.py", line 93, in resolve_template_files
    setattr(self, field, env.loader.get_source(env, content)[0])  # type: ignore
                         ^^^^^^^^^^^^^^^^^^^^^^^^^^^^^^^^^^^
  File "/home/airflow/.local/lib/python3.11/site-packages/jinja2/loaders.py", line 218, in get_source
    raise TemplateNotFound(template)
jinja2.exceptions.TemplateNotFound: /sql/04_create_analytics_tables.sql
[2026-03-11T11:31:08.305+0000] {processor.py:840} INFO - DAG(s) 'setup_data_warehouse' retrieved from /opt/airflow/dags/setup_data_warehouse.py
[2026-03-11T11:31:08.488+0000] {logging_mixin.py:188} INFO - [2026-03-11T11:31:08.486+0000] {dag.py:3033} INFO - Sync 1 DAGs
[2026-03-11T11:31:08.566+0000] {logging_mixin.py:188} INFO - [2026-03-11T11:31:08.565+0000] {dag.py:3820} INFO - Setting next_dagrun for setup_data_warehouse to None, run_after=None
[2026-03-11T11:31:08.647+0000] {processor.py:183} INFO - Processing /opt/airflow/dags/setup_data_warehouse.py took 0.477 seconds
[2026-03-11T11:31:39.283+0000] {processor.py:161} INFO - Started process (PID=1180) to work on /opt/airflow/dags/setup_data_warehouse.py
[2026-03-11T11:31:39.288+0000] {processor.py:830} INFO - Processing file /opt/airflow/dags/setup_data_warehouse.py for tasks to queue
[2026-03-11T11:31:39.299+0000] {logging_mixin.py:188} INFO - [2026-03-11T11:31:39.298+0000] {dagbag.py:538} INFO - Filling up the DagBag from /opt/airflow/dags/setup_data_warehouse.py
[2026-03-11T11:31:39.341+0000] {logging_mixin.py:188} INFO - [2026-03-11T11:31:39.337+0000] {templater.py:95} ERROR - Failed to resolve template field 'sql'
Traceback (most recent call last):
  File "/home/airflow/.local/lib/python3.11/site-packages/airflow/template/templater.py", line 93, in resolve_template_files
    setattr(self, field, env.loader.get_source(env, content)[0])  # type: ignore
                         ^^^^^^^^^^^^^^^^^^^^^^^^^^^^^^^^^^^
  File "/home/airflow/.local/lib/python3.11/site-packages/jinja2/loaders.py", line 218, in get_source
    raise TemplateNotFound(template)
jinja2.exceptions.TemplateNotFound: /sql/01_create_schemas.sql
[2026-03-11T11:31:39.343+0000] {logging_mixin.py:188} INFO - [2026-03-11T11:31:39.342+0000] {templater.py:95} ERROR - Failed to resolve template field 'sql'
Traceback (most recent call last):
  File "/home/airflow/.local/lib/python3.11/site-packages/airflow/template/templater.py", line 93, in resolve_template_files
    setattr(self, field, env.loader.get_source(env, content)[0])  # type: ignore
                         ^^^^^^^^^^^^^^^^^^^^^^^^^^^^^^^^^^^
  File "/home/airflow/.local/lib/python3.11/site-packages/jinja2/loaders.py", line 218, in get_source
    raise TemplateNotFound(template)
jinja2.exceptions.TemplateNotFound: /sql/02_create_staging_tables.sql
[2026-03-11T11:31:39.345+0000] {logging_mixin.py:188} INFO - [2026-03-11T11:31:39.345+0000] {templater.py:95} ERROR - Failed to resolve template field 'sql'
Traceback (most recent call last):
  File "/home/airflow/.local/lib/python3.11/site-packages/airflow/template/templater.py", line 93, in resolve_template_files
    setattr(self, field, env.loader.get_source(env, content)[0])  # type: ignore
                         ^^^^^^^^^^^^^^^^^^^^^^^^^^^^^^^^^^^
  File "/home/airflow/.local/lib/python3.11/site-packages/jinja2/loaders.py", line 218, in get_source
    raise TemplateNotFound(template)
jinja2.exceptions.TemplateNotFound: /sql/03_create_core_tables.sql
[2026-03-11T11:31:39.348+0000] {logging_mixin.py:188} INFO - [2026-03-11T11:31:39.347+0000] {templater.py:95} ERROR - Failed to resolve template field 'sql'
Traceback (most recent call last):
  File "/home/airflow/.local/lib/python3.11/site-packages/airflow/template/templater.py", line 93, in resolve_template_files
    setattr(self, field, env.loader.get_source(env, content)[0])  # type: ignore
                         ^^^^^^^^^^^^^^^^^^^^^^^^^^^^^^^^^^^
  File "/home/airflow/.local/lib/python3.11/site-packages/jinja2/loaders.py", line 218, in get_source
    raise TemplateNotFound(template)
jinja2.exceptions.TemplateNotFound: /sql/04_create_analytics_tables.sql
[2026-03-11T11:31:39.362+0000] {processor.py:840} INFO - DAG(s) 'setup_data_warehouse' retrieved from /opt/airflow/dags/setup_data_warehouse.py
[2026-03-11T11:31:39.494+0000] {logging_mixin.py:188} INFO - [2026-03-11T11:31:39.492+0000] {dag.py:3033} INFO - Sync 1 DAGs
[2026-03-11T11:31:39.565+0000] {logging_mixin.py:188} INFO - [2026-03-11T11:31:39.565+0000] {dag.py:3820} INFO - Setting next_dagrun for setup_data_warehouse to None, run_after=None
[2026-03-11T11:31:39.648+0000] {processor.py:183} INFO - Processing /opt/airflow/dags/setup_data_warehouse.py took 0.378 seconds
[2026-03-11T11:32:10.296+0000] {processor.py:161} INFO - Started process (PID=1212) to work on /opt/airflow/dags/setup_data_warehouse.py
[2026-03-11T11:32:10.301+0000] {processor.py:830} INFO - Processing file /opt/airflow/dags/setup_data_warehouse.py for tasks to queue
[2026-03-11T11:32:10.310+0000] {logging_mixin.py:188} INFO - [2026-03-11T11:32:10.308+0000] {dagbag.py:538} INFO - Filling up the DagBag from /opt/airflow/dags/setup_data_warehouse.py
[2026-03-11T11:32:10.359+0000] {logging_mixin.py:188} INFO - [2026-03-11T11:32:10.356+0000] {templater.py:95} ERROR - Failed to resolve template field 'sql'
Traceback (most recent call last):
  File "/home/airflow/.local/lib/python3.11/site-packages/airflow/template/templater.py", line 93, in resolve_template_files
    setattr(self, field, env.loader.get_source(env, content)[0])  # type: ignore
                         ^^^^^^^^^^^^^^^^^^^^^^^^^^^^^^^^^^^
  File "/home/airflow/.local/lib/python3.11/site-packages/jinja2/loaders.py", line 218, in get_source
    raise TemplateNotFound(template)
jinja2.exceptions.TemplateNotFound: /sql/01_create_schemas.sql
[2026-03-11T11:32:10.362+0000] {logging_mixin.py:188} INFO - [2026-03-11T11:32:10.361+0000] {templater.py:95} ERROR - Failed to resolve template field 'sql'
Traceback (most recent call last):
  File "/home/airflow/.local/lib/python3.11/site-packages/airflow/template/templater.py", line 93, in resolve_template_files
    setattr(self, field, env.loader.get_source(env, content)[0])  # type: ignore
                         ^^^^^^^^^^^^^^^^^^^^^^^^^^^^^^^^^^^
  File "/home/airflow/.local/lib/python3.11/site-packages/jinja2/loaders.py", line 218, in get_source
    raise TemplateNotFound(template)
jinja2.exceptions.TemplateNotFound: /sql/02_create_staging_tables.sql
[2026-03-11T11:32:10.366+0000] {logging_mixin.py:188} INFO - [2026-03-11T11:32:10.364+0000] {templater.py:95} ERROR - Failed to resolve template field 'sql'
Traceback (most recent call last):
  File "/home/airflow/.local/lib/python3.11/site-packages/airflow/template/templater.py", line 93, in resolve_template_files
    setattr(self, field, env.loader.get_source(env, content)[0])  # type: ignore
                         ^^^^^^^^^^^^^^^^^^^^^^^^^^^^^^^^^^^
  File "/home/airflow/.local/lib/python3.11/site-packages/jinja2/loaders.py", line 218, in get_source
    raise TemplateNotFound(template)
jinja2.exceptions.TemplateNotFound: /sql/03_create_core_tables.sql
[2026-03-11T11:32:10.369+0000] {logging_mixin.py:188} INFO - [2026-03-11T11:32:10.367+0000] {templater.py:95} ERROR - Failed to resolve template field 'sql'
Traceback (most recent call last):
  File "/home/airflow/.local/lib/python3.11/site-packages/airflow/template/templater.py", line 93, in resolve_template_files
    setattr(self, field, env.loader.get_source(env, content)[0])  # type: ignore
                         ^^^^^^^^^^^^^^^^^^^^^^^^^^^^^^^^^^^
  File "/home/airflow/.local/lib/python3.11/site-packages/jinja2/loaders.py", line 218, in get_source
    raise TemplateNotFound(template)
jinja2.exceptions.TemplateNotFound: /sql/04_create_analytics_tables.sql
[2026-03-11T11:32:10.383+0000] {processor.py:840} INFO - DAG(s) 'setup_data_warehouse' retrieved from /opt/airflow/dags/setup_data_warehouse.py
[2026-03-11T11:32:10.491+0000] {logging_mixin.py:188} INFO - [2026-03-11T11:32:10.489+0000] {dag.py:3033} INFO - Sync 1 DAGs
[2026-03-11T11:32:10.549+0000] {logging_mixin.py:188} INFO - [2026-03-11T11:32:10.549+0000] {dag.py:3820} INFO - Setting next_dagrun for setup_data_warehouse to None, run_after=None
[2026-03-11T11:32:10.713+0000] {processor.py:183} INFO - Processing /opt/airflow/dags/setup_data_warehouse.py took 0.432 seconds
[2026-03-11T11:32:40.872+0000] {processor.py:161} INFO - Started process (PID=1244) to work on /opt/airflow/dags/setup_data_warehouse.py
[2026-03-11T11:32:40.876+0000] {processor.py:830} INFO - Processing file /opt/airflow/dags/setup_data_warehouse.py for tasks to queue
[2026-03-11T11:32:40.887+0000] {logging_mixin.py:188} INFO - [2026-03-11T11:32:40.886+0000] {dagbag.py:538} INFO - Filling up the DagBag from /opt/airflow/dags/setup_data_warehouse.py
[2026-03-11T11:32:40.954+0000] {logging_mixin.py:188} INFO - [2026-03-11T11:32:40.949+0000] {templater.py:95} ERROR - Failed to resolve template field 'sql'
Traceback (most recent call last):
  File "/home/airflow/.local/lib/python3.11/site-packages/airflow/template/templater.py", line 93, in resolve_template_files
    setattr(self, field, env.loader.get_source(env, content)[0])  # type: ignore
                         ^^^^^^^^^^^^^^^^^^^^^^^^^^^^^^^^^^^
  File "/home/airflow/.local/lib/python3.11/site-packages/jinja2/loaders.py", line 218, in get_source
    raise TemplateNotFound(template)
jinja2.exceptions.TemplateNotFound: /sql/01_create_schemas.sql
[2026-03-11T11:32:40.958+0000] {logging_mixin.py:188} INFO - [2026-03-11T11:32:40.957+0000] {templater.py:95} ERROR - Failed to resolve template field 'sql'
Traceback (most recent call last):
  File "/home/airflow/.local/lib/python3.11/site-packages/airflow/template/templater.py", line 93, in resolve_template_files
    setattr(self, field, env.loader.get_source(env, content)[0])  # type: ignore
                         ^^^^^^^^^^^^^^^^^^^^^^^^^^^^^^^^^^^
  File "/home/airflow/.local/lib/python3.11/site-packages/jinja2/loaders.py", line 218, in get_source
    raise TemplateNotFound(template)
jinja2.exceptions.TemplateNotFound: /sql/02_create_staging_tables.sql
[2026-03-11T11:32:40.965+0000] {logging_mixin.py:188} INFO - [2026-03-11T11:32:40.962+0000] {templater.py:95} ERROR - Failed to resolve template field 'sql'
Traceback (most recent call last):
  File "/home/airflow/.local/lib/python3.11/site-packages/airflow/template/templater.py", line 93, in resolve_template_files
    setattr(self, field, env.loader.get_source(env, content)[0])  # type: ignore
                         ^^^^^^^^^^^^^^^^^^^^^^^^^^^^^^^^^^^
  File "/home/airflow/.local/lib/python3.11/site-packages/jinja2/loaders.py", line 218, in get_source
    raise TemplateNotFound(template)
jinja2.exceptions.TemplateNotFound: /sql/03_create_core_tables.sql
[2026-03-11T11:32:41.007+0000] {logging_mixin.py:188} INFO - [2026-03-11T11:32:41.005+0000] {templater.py:95} ERROR - Failed to resolve template field 'sql'
Traceback (most recent call last):
  File "/home/airflow/.local/lib/python3.11/site-packages/airflow/template/templater.py", line 93, in resolve_template_files
    setattr(self, field, env.loader.get_source(env, content)[0])  # type: ignore
                         ^^^^^^^^^^^^^^^^^^^^^^^^^^^^^^^^^^^
  File "/home/airflow/.local/lib/python3.11/site-packages/jinja2/loaders.py", line 218, in get_source
    raise TemplateNotFound(template)
jinja2.exceptions.TemplateNotFound: /sql/04_create_analytics_tables.sql
[2026-03-11T11:32:41.029+0000] {processor.py:840} INFO - DAG(s) 'setup_data_warehouse' retrieved from /opt/airflow/dags/setup_data_warehouse.py
[2026-03-11T11:32:41.189+0000] {logging_mixin.py:188} INFO - [2026-03-11T11:32:41.186+0000] {dag.py:3033} INFO - Sync 1 DAGs
[2026-03-11T11:32:41.267+0000] {logging_mixin.py:188} INFO - [2026-03-11T11:32:41.267+0000] {dag.py:3820} INFO - Setting next_dagrun for setup_data_warehouse to None, run_after=None
[2026-03-11T11:32:41.969+0000] {processor.py:183} INFO - Processing /opt/airflow/dags/setup_data_warehouse.py took 1.113 seconds
[2026-03-11T11:33:12.218+0000] {processor.py:161} INFO - Started process (PID=1276) to work on /opt/airflow/dags/setup_data_warehouse.py
[2026-03-11T11:33:12.222+0000] {processor.py:830} INFO - Processing file /opt/airflow/dags/setup_data_warehouse.py for tasks to queue
[2026-03-11T11:33:12.233+0000] {logging_mixin.py:188} INFO - [2026-03-11T11:33:12.232+0000] {dagbag.py:538} INFO - Filling up the DagBag from /opt/airflow/dags/setup_data_warehouse.py
[2026-03-11T11:33:12.306+0000] {logging_mixin.py:188} INFO - [2026-03-11T11:33:12.298+0000] {templater.py:95} ERROR - Failed to resolve template field 'sql'
Traceback (most recent call last):
  File "/home/airflow/.local/lib/python3.11/site-packages/airflow/template/templater.py", line 93, in resolve_template_files
    setattr(self, field, env.loader.get_source(env, content)[0])  # type: ignore
                         ^^^^^^^^^^^^^^^^^^^^^^^^^^^^^^^^^^^
  File "/home/airflow/.local/lib/python3.11/site-packages/jinja2/loaders.py", line 218, in get_source
    raise TemplateNotFound(template)
jinja2.exceptions.TemplateNotFound: /sql/01_create_schemas.sql
[2026-03-11T11:33:12.314+0000] {logging_mixin.py:188} INFO - [2026-03-11T11:33:12.310+0000] {templater.py:95} ERROR - Failed to resolve template field 'sql'
Traceback (most recent call last):
  File "/home/airflow/.local/lib/python3.11/site-packages/airflow/template/templater.py", line 93, in resolve_template_files
    setattr(self, field, env.loader.get_source(env, content)[0])  # type: ignore
                         ^^^^^^^^^^^^^^^^^^^^^^^^^^^^^^^^^^^
  File "/home/airflow/.local/lib/python3.11/site-packages/jinja2/loaders.py", line 218, in get_source
    raise TemplateNotFound(template)
jinja2.exceptions.TemplateNotFound: /sql/02_create_staging_tables.sql
[2026-03-11T11:33:12.319+0000] {logging_mixin.py:188} INFO - [2026-03-11T11:33:12.317+0000] {templater.py:95} ERROR - Failed to resolve template field 'sql'
Traceback (most recent call last):
  File "/home/airflow/.local/lib/python3.11/site-packages/airflow/template/templater.py", line 93, in resolve_template_files
    setattr(self, field, env.loader.get_source(env, content)[0])  # type: ignore
                         ^^^^^^^^^^^^^^^^^^^^^^^^^^^^^^^^^^^
  File "/home/airflow/.local/lib/python3.11/site-packages/jinja2/loaders.py", line 218, in get_source
    raise TemplateNotFound(template)
jinja2.exceptions.TemplateNotFound: /sql/03_create_core_tables.sql
[2026-03-11T11:33:12.325+0000] {logging_mixin.py:188} INFO - [2026-03-11T11:33:12.323+0000] {templater.py:95} ERROR - Failed to resolve template field 'sql'
Traceback (most recent call last):
  File "/home/airflow/.local/lib/python3.11/site-packages/airflow/template/templater.py", line 93, in resolve_template_files
    setattr(self, field, env.loader.get_source(env, content)[0])  # type: ignore
                         ^^^^^^^^^^^^^^^^^^^^^^^^^^^^^^^^^^^
  File "/home/airflow/.local/lib/python3.11/site-packages/jinja2/loaders.py", line 218, in get_source
    raise TemplateNotFound(template)
jinja2.exceptions.TemplateNotFound: /sql/04_create_analytics_tables.sql
[2026-03-11T11:33:12.347+0000] {processor.py:840} INFO - DAG(s) 'setup_data_warehouse' retrieved from /opt/airflow/dags/setup_data_warehouse.py
[2026-03-11T11:33:12.479+0000] {logging_mixin.py:188} INFO - [2026-03-11T11:33:12.476+0000] {dag.py:3033} INFO - Sync 1 DAGs
[2026-03-11T11:33:12.536+0000] {logging_mixin.py:188} INFO - [2026-03-11T11:33:12.536+0000] {dag.py:3820} INFO - Setting next_dagrun for setup_data_warehouse to None, run_after=None
[2026-03-11T11:33:12.612+0000] {processor.py:183} INFO - Processing /opt/airflow/dags/setup_data_warehouse.py took 0.411 seconds
[2026-03-11T11:33:42.877+0000] {processor.py:161} INFO - Started process (PID=1308) to work on /opt/airflow/dags/setup_data_warehouse.py
[2026-03-11T11:33:42.880+0000] {processor.py:830} INFO - Processing file /opt/airflow/dags/setup_data_warehouse.py for tasks to queue
[2026-03-11T11:33:42.889+0000] {logging_mixin.py:188} INFO - [2026-03-11T11:33:42.888+0000] {dagbag.py:538} INFO - Filling up the DagBag from /opt/airflow/dags/setup_data_warehouse.py
[2026-03-11T11:33:42.929+0000] {logging_mixin.py:188} INFO - [2026-03-11T11:33:42.926+0000] {templater.py:95} ERROR - Failed to resolve template field 'sql'
Traceback (most recent call last):
  File "/home/airflow/.local/lib/python3.11/site-packages/airflow/template/templater.py", line 93, in resolve_template_files
    setattr(self, field, env.loader.get_source(env, content)[0])  # type: ignore
                         ^^^^^^^^^^^^^^^^^^^^^^^^^^^^^^^^^^^
  File "/home/airflow/.local/lib/python3.11/site-packages/jinja2/loaders.py", line 218, in get_source
    raise TemplateNotFound(template)
jinja2.exceptions.TemplateNotFound: /sql/01_create_schemas.sql
[2026-03-11T11:33:42.931+0000] {logging_mixin.py:188} INFO - [2026-03-11T11:33:42.930+0000] {templater.py:95} ERROR - Failed to resolve template field 'sql'
Traceback (most recent call last):
  File "/home/airflow/.local/lib/python3.11/site-packages/airflow/template/templater.py", line 93, in resolve_template_files
    setattr(self, field, env.loader.get_source(env, content)[0])  # type: ignore
                         ^^^^^^^^^^^^^^^^^^^^^^^^^^^^^^^^^^^
  File "/home/airflow/.local/lib/python3.11/site-packages/jinja2/loaders.py", line 218, in get_source
    raise TemplateNotFound(template)
jinja2.exceptions.TemplateNotFound: /sql/02_create_staging_tables.sql
[2026-03-11T11:33:42.935+0000] {logging_mixin.py:188} INFO - [2026-03-11T11:33:42.934+0000] {templater.py:95} ERROR - Failed to resolve template field 'sql'
Traceback (most recent call last):
  File "/home/airflow/.local/lib/python3.11/site-packages/airflow/template/templater.py", line 93, in resolve_template_files
    setattr(self, field, env.loader.get_source(env, content)[0])  # type: ignore
                         ^^^^^^^^^^^^^^^^^^^^^^^^^^^^^^^^^^^
  File "/home/airflow/.local/lib/python3.11/site-packages/jinja2/loaders.py", line 218, in get_source
    raise TemplateNotFound(template)
jinja2.exceptions.TemplateNotFound: /sql/03_create_core_tables.sql
[2026-03-11T11:33:42.938+0000] {logging_mixin.py:188} INFO - [2026-03-11T11:33:42.937+0000] {templater.py:95} ERROR - Failed to resolve template field 'sql'
Traceback (most recent call last):
  File "/home/airflow/.local/lib/python3.11/site-packages/airflow/template/templater.py", line 93, in resolve_template_files
    setattr(self, field, env.loader.get_source(env, content)[0])  # type: ignore
                         ^^^^^^^^^^^^^^^^^^^^^^^^^^^^^^^^^^^
  File "/home/airflow/.local/lib/python3.11/site-packages/jinja2/loaders.py", line 218, in get_source
    raise TemplateNotFound(template)
jinja2.exceptions.TemplateNotFound: /sql/04_create_analytics_tables.sql
[2026-03-11T11:33:42.951+0000] {processor.py:840} INFO - DAG(s) 'setup_data_warehouse' retrieved from /opt/airflow/dags/setup_data_warehouse.py
[2026-03-11T11:33:43.061+0000] {logging_mixin.py:188} INFO - [2026-03-11T11:33:43.060+0000] {dag.py:3033} INFO - Sync 1 DAGs
[2026-03-11T11:33:43.135+0000] {logging_mixin.py:188} INFO - [2026-03-11T11:33:43.134+0000] {dag.py:3820} INFO - Setting next_dagrun for setup_data_warehouse to None, run_after=None
[2026-03-11T11:33:43.217+0000] {processor.py:183} INFO - Processing /opt/airflow/dags/setup_data_warehouse.py took 0.354 seconds
[2026-03-11T11:34:14.221+0000] {processor.py:161} INFO - Started process (PID=1338) to work on /opt/airflow/dags/setup_data_warehouse.py
[2026-03-11T11:34:14.226+0000] {processor.py:830} INFO - Processing file /opt/airflow/dags/setup_data_warehouse.py for tasks to queue
[2026-03-11T11:34:14.242+0000] {logging_mixin.py:188} INFO - [2026-03-11T11:34:14.240+0000] {dagbag.py:538} INFO - Filling up the DagBag from /opt/airflow/dags/setup_data_warehouse.py
[2026-03-11T11:34:14.308+0000] {logging_mixin.py:188} INFO - [2026-03-11T11:34:14.305+0000] {templater.py:95} ERROR - Failed to resolve template field 'sql'
Traceback (most recent call last):
  File "/home/airflow/.local/lib/python3.11/site-packages/airflow/template/templater.py", line 93, in resolve_template_files
    setattr(self, field, env.loader.get_source(env, content)[0])  # type: ignore
                         ^^^^^^^^^^^^^^^^^^^^^^^^^^^^^^^^^^^
  File "/home/airflow/.local/lib/python3.11/site-packages/jinja2/loaders.py", line 218, in get_source
    raise TemplateNotFound(template)
jinja2.exceptions.TemplateNotFound: /sql/01_create_schemas.sql
[2026-03-11T11:34:14.312+0000] {logging_mixin.py:188} INFO - [2026-03-11T11:34:14.310+0000] {templater.py:95} ERROR - Failed to resolve template field 'sql'
Traceback (most recent call last):
  File "/home/airflow/.local/lib/python3.11/site-packages/airflow/template/templater.py", line 93, in resolve_template_files
    setattr(self, field, env.loader.get_source(env, content)[0])  # type: ignore
                         ^^^^^^^^^^^^^^^^^^^^^^^^^^^^^^^^^^^
  File "/home/airflow/.local/lib/python3.11/site-packages/jinja2/loaders.py", line 218, in get_source
    raise TemplateNotFound(template)
jinja2.exceptions.TemplateNotFound: /sql/02_create_staging_tables.sql
[2026-03-11T11:34:14.318+0000] {logging_mixin.py:188} INFO - [2026-03-11T11:34:14.317+0000] {templater.py:95} ERROR - Failed to resolve template field 'sql'
Traceback (most recent call last):
  File "/home/airflow/.local/lib/python3.11/site-packages/airflow/template/templater.py", line 93, in resolve_template_files
    setattr(self, field, env.loader.get_source(env, content)[0])  # type: ignore
                         ^^^^^^^^^^^^^^^^^^^^^^^^^^^^^^^^^^^
  File "/home/airflow/.local/lib/python3.11/site-packages/jinja2/loaders.py", line 218, in get_source
    raise TemplateNotFound(template)
jinja2.exceptions.TemplateNotFound: /sql/03_create_core_tables.sql
[2026-03-11T11:34:14.327+0000] {logging_mixin.py:188} INFO - [2026-03-11T11:34:14.326+0000] {templater.py:95} ERROR - Failed to resolve template field 'sql'
Traceback (most recent call last):
  File "/home/airflow/.local/lib/python3.11/site-packages/airflow/template/templater.py", line 93, in resolve_template_files
    setattr(self, field, env.loader.get_source(env, content)[0])  # type: ignore
                         ^^^^^^^^^^^^^^^^^^^^^^^^^^^^^^^^^^^
  File "/home/airflow/.local/lib/python3.11/site-packages/jinja2/loaders.py", line 218, in get_source
    raise TemplateNotFound(template)
jinja2.exceptions.TemplateNotFound: /sql/04_create_analytics_tables.sql
[2026-03-11T11:34:14.350+0000] {processor.py:840} INFO - DAG(s) 'setup_data_warehouse' retrieved from /opt/airflow/dags/setup_data_warehouse.py
[2026-03-11T11:34:14.482+0000] {logging_mixin.py:188} INFO - [2026-03-11T11:34:14.481+0000] {dag.py:3033} INFO - Sync 1 DAGs
[2026-03-11T11:34:14.538+0000] {logging_mixin.py:188} INFO - [2026-03-11T11:34:14.537+0000] {dag.py:3820} INFO - Setting next_dagrun for setup_data_warehouse to None, run_after=None
[2026-03-11T11:34:15.035+0000] {processor.py:183} INFO - Processing /opt/airflow/dags/setup_data_warehouse.py took 0.829 seconds
[2026-03-11T11:34:45.769+0000] {processor.py:161} INFO - Started process (PID=1366) to work on /opt/airflow/dags/setup_data_warehouse.py
[2026-03-11T11:34:45.771+0000] {processor.py:830} INFO - Processing file /opt/airflow/dags/setup_data_warehouse.py for tasks to queue
[2026-03-11T11:34:45.780+0000] {logging_mixin.py:188} INFO - [2026-03-11T11:34:45.779+0000] {dagbag.py:538} INFO - Filling up the DagBag from /opt/airflow/dags/setup_data_warehouse.py
[2026-03-11T11:34:45.817+0000] {logging_mixin.py:188} INFO - [2026-03-11T11:34:45.815+0000] {templater.py:95} ERROR - Failed to resolve template field 'sql'
Traceback (most recent call last):
  File "/home/airflow/.local/lib/python3.11/site-packages/airflow/template/templater.py", line 93, in resolve_template_files
    setattr(self, field, env.loader.get_source(env, content)[0])  # type: ignore
                         ^^^^^^^^^^^^^^^^^^^^^^^^^^^^^^^^^^^
  File "/home/airflow/.local/lib/python3.11/site-packages/jinja2/loaders.py", line 218, in get_source
    raise TemplateNotFound(template)
jinja2.exceptions.TemplateNotFound: /sql/01_create_schemas.sql
[2026-03-11T11:34:45.819+0000] {logging_mixin.py:188} INFO - [2026-03-11T11:34:45.818+0000] {templater.py:95} ERROR - Failed to resolve template field 'sql'
Traceback (most recent call last):
  File "/home/airflow/.local/lib/python3.11/site-packages/airflow/template/templater.py", line 93, in resolve_template_files
    setattr(self, field, env.loader.get_source(env, content)[0])  # type: ignore
                         ^^^^^^^^^^^^^^^^^^^^^^^^^^^^^^^^^^^
  File "/home/airflow/.local/lib/python3.11/site-packages/jinja2/loaders.py", line 218, in get_source
    raise TemplateNotFound(template)
jinja2.exceptions.TemplateNotFound: /sql/02_create_staging_tables.sql
[2026-03-11T11:34:45.821+0000] {logging_mixin.py:188} INFO - [2026-03-11T11:34:45.820+0000] {templater.py:95} ERROR - Failed to resolve template field 'sql'
Traceback (most recent call last):
  File "/home/airflow/.local/lib/python3.11/site-packages/airflow/template/templater.py", line 93, in resolve_template_files
    setattr(self, field, env.loader.get_source(env, content)[0])  # type: ignore
                         ^^^^^^^^^^^^^^^^^^^^^^^^^^^^^^^^^^^
  File "/home/airflow/.local/lib/python3.11/site-packages/jinja2/loaders.py", line 218, in get_source
    raise TemplateNotFound(template)
jinja2.exceptions.TemplateNotFound: /sql/03_create_core_tables.sql
[2026-03-11T11:34:45.823+0000] {logging_mixin.py:188} INFO - [2026-03-11T11:34:45.822+0000] {templater.py:95} ERROR - Failed to resolve template field 'sql'
Traceback (most recent call last):
  File "/home/airflow/.local/lib/python3.11/site-packages/airflow/template/templater.py", line 93, in resolve_template_files
    setattr(self, field, env.loader.get_source(env, content)[0])  # type: ignore
                         ^^^^^^^^^^^^^^^^^^^^^^^^^^^^^^^^^^^
  File "/home/airflow/.local/lib/python3.11/site-packages/jinja2/loaders.py", line 218, in get_source
    raise TemplateNotFound(template)
jinja2.exceptions.TemplateNotFound: /sql/04_create_analytics_tables.sql
[2026-03-11T11:34:45.839+0000] {processor.py:840} INFO - DAG(s) 'setup_data_warehouse' retrieved from /opt/airflow/dags/setup_data_warehouse.py
[2026-03-11T11:34:46.002+0000] {logging_mixin.py:188} INFO - [2026-03-11T11:34:46.000+0000] {dag.py:3033} INFO - Sync 1 DAGs
[2026-03-11T11:34:46.092+0000] {logging_mixin.py:188} INFO - [2026-03-11T11:34:46.091+0000] {dag.py:3820} INFO - Setting next_dagrun for setup_data_warehouse to None, run_after=None
[2026-03-11T11:34:46.179+0000] {processor.py:183} INFO - Processing /opt/airflow/dags/setup_data_warehouse.py took 0.417 seconds
[2026-03-11T11:35:17.050+0000] {processor.py:161} INFO - Started process (PID=1396) to work on /opt/airflow/dags/setup_data_warehouse.py
[2026-03-11T11:35:17.053+0000] {processor.py:830} INFO - Processing file /opt/airflow/dags/setup_data_warehouse.py for tasks to queue
[2026-03-11T11:35:17.063+0000] {logging_mixin.py:188} INFO - [2026-03-11T11:35:17.062+0000] {dagbag.py:538} INFO - Filling up the DagBag from /opt/airflow/dags/setup_data_warehouse.py
[2026-03-11T11:35:17.122+0000] {logging_mixin.py:188} INFO - [2026-03-11T11:35:17.118+0000] {templater.py:95} ERROR - Failed to resolve template field 'sql'
Traceback (most recent call last):
  File "/home/airflow/.local/lib/python3.11/site-packages/airflow/template/templater.py", line 93, in resolve_template_files
    setattr(self, field, env.loader.get_source(env, content)[0])  # type: ignore
                         ^^^^^^^^^^^^^^^^^^^^^^^^^^^^^^^^^^^
  File "/home/airflow/.local/lib/python3.11/site-packages/jinja2/loaders.py", line 218, in get_source
    raise TemplateNotFound(template)
jinja2.exceptions.TemplateNotFound: /sql/01_create_schemas.sql
[2026-03-11T11:35:17.126+0000] {logging_mixin.py:188} INFO - [2026-03-11T11:35:17.123+0000] {templater.py:95} ERROR - Failed to resolve template field 'sql'
Traceback (most recent call last):
  File "/home/airflow/.local/lib/python3.11/site-packages/airflow/template/templater.py", line 93, in resolve_template_files
    setattr(self, field, env.loader.get_source(env, content)[0])  # type: ignore
                         ^^^^^^^^^^^^^^^^^^^^^^^^^^^^^^^^^^^
  File "/home/airflow/.local/lib/python3.11/site-packages/jinja2/loaders.py", line 218, in get_source
    raise TemplateNotFound(template)
jinja2.exceptions.TemplateNotFound: /sql/02_create_staging_tables.sql
[2026-03-11T11:35:17.133+0000] {logging_mixin.py:188} INFO - [2026-03-11T11:35:17.132+0000] {templater.py:95} ERROR - Failed to resolve template field 'sql'
Traceback (most recent call last):
  File "/home/airflow/.local/lib/python3.11/site-packages/airflow/template/templater.py", line 93, in resolve_template_files
    setattr(self, field, env.loader.get_source(env, content)[0])  # type: ignore
                         ^^^^^^^^^^^^^^^^^^^^^^^^^^^^^^^^^^^
  File "/home/airflow/.local/lib/python3.11/site-packages/jinja2/loaders.py", line 218, in get_source
    raise TemplateNotFound(template)
jinja2.exceptions.TemplateNotFound: /sql/03_create_core_tables.sql
[2026-03-11T11:35:17.139+0000] {logging_mixin.py:188} INFO - [2026-03-11T11:35:17.137+0000] {templater.py:95} ERROR - Failed to resolve template field 'sql'
Traceback (most recent call last):
  File "/home/airflow/.local/lib/python3.11/site-packages/airflow/template/templater.py", line 93, in resolve_template_files
    setattr(self, field, env.loader.get_source(env, content)[0])  # type: ignore
                         ^^^^^^^^^^^^^^^^^^^^^^^^^^^^^^^^^^^
  File "/home/airflow/.local/lib/python3.11/site-packages/jinja2/loaders.py", line 218, in get_source
    raise TemplateNotFound(template)
jinja2.exceptions.TemplateNotFound: /sql/04_create_analytics_tables.sql
[2026-03-11T11:35:17.165+0000] {processor.py:840} INFO - DAG(s) 'setup_data_warehouse' retrieved from /opt/airflow/dags/setup_data_warehouse.py
[2026-03-11T11:35:17.297+0000] {logging_mixin.py:188} INFO - [2026-03-11T11:35:17.292+0000] {dag.py:3033} INFO - Sync 1 DAGs
[2026-03-11T11:35:17.798+0000] {logging_mixin.py:188} INFO - [2026-03-11T11:35:17.798+0000] {dag.py:3820} INFO - Setting next_dagrun for setup_data_warehouse to None, run_after=None
[2026-03-11T11:35:17.881+0000] {processor.py:183} INFO - Processing /opt/airflow/dags/setup_data_warehouse.py took 0.843 seconds
[2026-03-11T11:35:48.889+0000] {processor.py:161} INFO - Started process (PID=1424) to work on /opt/airflow/dags/setup_data_warehouse.py
[2026-03-11T11:35:48.893+0000] {processor.py:830} INFO - Processing file /opt/airflow/dags/setup_data_warehouse.py for tasks to queue
[2026-03-11T11:35:48.902+0000] {logging_mixin.py:188} INFO - [2026-03-11T11:35:48.901+0000] {dagbag.py:538} INFO - Filling up the DagBag from /opt/airflow/dags/setup_data_warehouse.py
[2026-03-11T11:35:48.951+0000] {logging_mixin.py:188} INFO - [2026-03-11T11:35:48.948+0000] {templater.py:95} ERROR - Failed to resolve template field 'sql'
Traceback (most recent call last):
  File "/home/airflow/.local/lib/python3.11/site-packages/airflow/template/templater.py", line 93, in resolve_template_files
    setattr(self, field, env.loader.get_source(env, content)[0])  # type: ignore
                         ^^^^^^^^^^^^^^^^^^^^^^^^^^^^^^^^^^^
  File "/home/airflow/.local/lib/python3.11/site-packages/jinja2/loaders.py", line 218, in get_source
    raise TemplateNotFound(template)
jinja2.exceptions.TemplateNotFound: /sql/01_create_schemas.sql
[2026-03-11T11:35:48.971+0000] {logging_mixin.py:188} INFO - [2026-03-11T11:35:48.970+0000] {templater.py:95} ERROR - Failed to resolve template field 'sql'
Traceback (most recent call last):
  File "/home/airflow/.local/lib/python3.11/site-packages/airflow/template/templater.py", line 93, in resolve_template_files
    setattr(self, field, env.loader.get_source(env, content)[0])  # type: ignore
                         ^^^^^^^^^^^^^^^^^^^^^^^^^^^^^^^^^^^
  File "/home/airflow/.local/lib/python3.11/site-packages/jinja2/loaders.py", line 218, in get_source
    raise TemplateNotFound(template)
jinja2.exceptions.TemplateNotFound: /sql/02_create_staging_tables.sql
[2026-03-11T11:35:48.977+0000] {logging_mixin.py:188} INFO - [2026-03-11T11:35:48.974+0000] {templater.py:95} ERROR - Failed to resolve template field 'sql'
Traceback (most recent call last):
  File "/home/airflow/.local/lib/python3.11/site-packages/airflow/template/templater.py", line 93, in resolve_template_files
    setattr(self, field, env.loader.get_source(env, content)[0])  # type: ignore
                         ^^^^^^^^^^^^^^^^^^^^^^^^^^^^^^^^^^^
  File "/home/airflow/.local/lib/python3.11/site-packages/jinja2/loaders.py", line 218, in get_source
    raise TemplateNotFound(template)
jinja2.exceptions.TemplateNotFound: /sql/03_create_core_tables.sql
[2026-03-11T11:35:48.983+0000] {logging_mixin.py:188} INFO - [2026-03-11T11:35:48.982+0000] {templater.py:95} ERROR - Failed to resolve template field 'sql'
Traceback (most recent call last):
  File "/home/airflow/.local/lib/python3.11/site-packages/airflow/template/templater.py", line 93, in resolve_template_files
    setattr(self, field, env.loader.get_source(env, content)[0])  # type: ignore
                         ^^^^^^^^^^^^^^^^^^^^^^^^^^^^^^^^^^^
  File "/home/airflow/.local/lib/python3.11/site-packages/jinja2/loaders.py", line 218, in get_source
    raise TemplateNotFound(template)
jinja2.exceptions.TemplateNotFound: /sql/04_create_analytics_tables.sql
[2026-03-11T11:35:49.018+0000] {processor.py:840} INFO - DAG(s) 'setup_data_warehouse' retrieved from /opt/airflow/dags/setup_data_warehouse.py
[2026-03-11T11:35:49.163+0000] {logging_mixin.py:188} INFO - [2026-03-11T11:35:49.161+0000] {dag.py:3033} INFO - Sync 1 DAGs
[2026-03-11T11:35:49.218+0000] {logging_mixin.py:188} INFO - [2026-03-11T11:35:49.217+0000] {dag.py:3820} INFO - Setting next_dagrun for setup_data_warehouse to None, run_after=None
[2026-03-11T11:35:49.310+0000] {processor.py:183} INFO - Processing /opt/airflow/dags/setup_data_warehouse.py took 0.431 seconds
[2026-03-11T11:36:19.899+0000] {processor.py:161} INFO - Started process (PID=1456) to work on /opt/airflow/dags/setup_data_warehouse.py
[2026-03-11T11:36:19.901+0000] {processor.py:830} INFO - Processing file /opt/airflow/dags/setup_data_warehouse.py for tasks to queue
[2026-03-11T11:36:19.906+0000] {logging_mixin.py:188} INFO - [2026-03-11T11:36:19.905+0000] {dagbag.py:538} INFO - Filling up the DagBag from /opt/airflow/dags/setup_data_warehouse.py
[2026-03-11T11:36:19.930+0000] {logging_mixin.py:188} INFO - [2026-03-11T11:36:19.929+0000] {templater.py:95} ERROR - Failed to resolve template field 'sql'
Traceback (most recent call last):
  File "/home/airflow/.local/lib/python3.11/site-packages/airflow/template/templater.py", line 93, in resolve_template_files
    setattr(self, field, env.loader.get_source(env, content)[0])  # type: ignore
                         ^^^^^^^^^^^^^^^^^^^^^^^^^^^^^^^^^^^
  File "/home/airflow/.local/lib/python3.11/site-packages/jinja2/loaders.py", line 218, in get_source
    raise TemplateNotFound(template)
jinja2.exceptions.TemplateNotFound: /sql/01_create_schemas.sql
[2026-03-11T11:36:19.932+0000] {logging_mixin.py:188} INFO - [2026-03-11T11:36:19.931+0000] {templater.py:95} ERROR - Failed to resolve template field 'sql'
Traceback (most recent call last):
  File "/home/airflow/.local/lib/python3.11/site-packages/airflow/template/templater.py", line 93, in resolve_template_files
    setattr(self, field, env.loader.get_source(env, content)[0])  # type: ignore
                         ^^^^^^^^^^^^^^^^^^^^^^^^^^^^^^^^^^^
  File "/home/airflow/.local/lib/python3.11/site-packages/jinja2/loaders.py", line 218, in get_source
    raise TemplateNotFound(template)
jinja2.exceptions.TemplateNotFound: /sql/02_create_staging_tables.sql
[2026-03-11T11:36:19.933+0000] {logging_mixin.py:188} INFO - [2026-03-11T11:36:19.933+0000] {templater.py:95} ERROR - Failed to resolve template field 'sql'
Traceback (most recent call last):
  File "/home/airflow/.local/lib/python3.11/site-packages/airflow/template/templater.py", line 93, in resolve_template_files
    setattr(self, field, env.loader.get_source(env, content)[0])  # type: ignore
                         ^^^^^^^^^^^^^^^^^^^^^^^^^^^^^^^^^^^
  File "/home/airflow/.local/lib/python3.11/site-packages/jinja2/loaders.py", line 218, in get_source
    raise TemplateNotFound(template)
jinja2.exceptions.TemplateNotFound: /sql/03_create_core_tables.sql
[2026-03-11T11:36:19.935+0000] {logging_mixin.py:188} INFO - [2026-03-11T11:36:19.934+0000] {templater.py:95} ERROR - Failed to resolve template field 'sql'
Traceback (most recent call last):
  File "/home/airflow/.local/lib/python3.11/site-packages/airflow/template/templater.py", line 93, in resolve_template_files
    setattr(self, field, env.loader.get_source(env, content)[0])  # type: ignore
                         ^^^^^^^^^^^^^^^^^^^^^^^^^^^^^^^^^^^
  File "/home/airflow/.local/lib/python3.11/site-packages/jinja2/loaders.py", line 218, in get_source
    raise TemplateNotFound(template)
jinja2.exceptions.TemplateNotFound: /sql/04_create_analytics_tables.sql
[2026-03-11T11:36:19.944+0000] {processor.py:840} INFO - DAG(s) 'setup_data_warehouse' retrieved from /opt/airflow/dags/setup_data_warehouse.py
[2026-03-11T11:36:20.026+0000] {logging_mixin.py:188} INFO - [2026-03-11T11:36:20.025+0000] {dag.py:3033} INFO - Sync 1 DAGs
[2026-03-11T11:36:20.056+0000] {logging_mixin.py:188} INFO - [2026-03-11T11:36:20.056+0000] {dag.py:3820} INFO - Setting next_dagrun for setup_data_warehouse to None, run_after=None
[2026-03-11T11:36:20.099+0000] {processor.py:183} INFO - Processing /opt/airflow/dags/setup_data_warehouse.py took 0.207 seconds
[2026-03-11T11:36:50.265+0000] {processor.py:161} INFO - Started process (PID=1488) to work on /opt/airflow/dags/setup_data_warehouse.py
[2026-03-11T11:36:50.267+0000] {processor.py:830} INFO - Processing file /opt/airflow/dags/setup_data_warehouse.py for tasks to queue
[2026-03-11T11:36:50.273+0000] {logging_mixin.py:188} INFO - [2026-03-11T11:36:50.272+0000] {dagbag.py:538} INFO - Filling up the DagBag from /opt/airflow/dags/setup_data_warehouse.py
[2026-03-11T11:36:50.366+0000] {logging_mixin.py:188} INFO - [2026-03-11T11:36:50.361+0000] {templater.py:95} ERROR - Failed to resolve template field 'sql'
Traceback (most recent call last):
  File "/home/airflow/.local/lib/python3.11/site-packages/airflow/template/templater.py", line 93, in resolve_template_files
    setattr(self, field, env.loader.get_source(env, content)[0])  # type: ignore
                         ^^^^^^^^^^^^^^^^^^^^^^^^^^^^^^^^^^^
  File "/home/airflow/.local/lib/python3.11/site-packages/jinja2/loaders.py", line 218, in get_source
    raise TemplateNotFound(template)
jinja2.exceptions.TemplateNotFound: /sql/01_create_schemas.sql
[2026-03-11T11:36:50.369+0000] {logging_mixin.py:188} INFO - [2026-03-11T11:36:50.368+0000] {templater.py:95} ERROR - Failed to resolve template field 'sql'
Traceback (most recent call last):
  File "/home/airflow/.local/lib/python3.11/site-packages/airflow/template/templater.py", line 93, in resolve_template_files
    setattr(self, field, env.loader.get_source(env, content)[0])  # type: ignore
                         ^^^^^^^^^^^^^^^^^^^^^^^^^^^^^^^^^^^
  File "/home/airflow/.local/lib/python3.11/site-packages/jinja2/loaders.py", line 218, in get_source
    raise TemplateNotFound(template)
jinja2.exceptions.TemplateNotFound: /sql/02_create_staging_tables.sql
[2026-03-11T11:36:50.373+0000] {logging_mixin.py:188} INFO - [2026-03-11T11:36:50.372+0000] {templater.py:95} ERROR - Failed to resolve template field 'sql'
Traceback (most recent call last):
  File "/home/airflow/.local/lib/python3.11/site-packages/airflow/template/templater.py", line 93, in resolve_template_files
    setattr(self, field, env.loader.get_source(env, content)[0])  # type: ignore
                         ^^^^^^^^^^^^^^^^^^^^^^^^^^^^^^^^^^^
  File "/home/airflow/.local/lib/python3.11/site-packages/jinja2/loaders.py", line 218, in get_source
    raise TemplateNotFound(template)
jinja2.exceptions.TemplateNotFound: /sql/03_create_core_tables.sql
[2026-03-11T11:36:50.376+0000] {logging_mixin.py:188} INFO - [2026-03-11T11:36:50.375+0000] {templater.py:95} ERROR - Failed to resolve template field 'sql'
Traceback (most recent call last):
  File "/home/airflow/.local/lib/python3.11/site-packages/airflow/template/templater.py", line 93, in resolve_template_files
    setattr(self, field, env.loader.get_source(env, content)[0])  # type: ignore
                         ^^^^^^^^^^^^^^^^^^^^^^^^^^^^^^^^^^^
  File "/home/airflow/.local/lib/python3.11/site-packages/jinja2/loaders.py", line 218, in get_source
    raise TemplateNotFound(template)
jinja2.exceptions.TemplateNotFound: /sql/04_create_analytics_tables.sql
[2026-03-11T11:36:50.393+0000] {processor.py:840} INFO - DAG(s) 'setup_data_warehouse' retrieved from /opt/airflow/dags/setup_data_warehouse.py
[2026-03-11T11:36:50.522+0000] {logging_mixin.py:188} INFO - [2026-03-11T11:36:50.519+0000] {dag.py:3033} INFO - Sync 1 DAGs
[2026-03-11T11:36:50.576+0000] {logging_mixin.py:188} INFO - [2026-03-11T11:36:50.576+0000] {dag.py:3820} INFO - Setting next_dagrun for setup_data_warehouse to None, run_after=None
[2026-03-11T11:36:50.652+0000] {processor.py:183} INFO - Processing /opt/airflow/dags/setup_data_warehouse.py took 0.395 seconds
[2026-03-11T11:37:20.874+0000] {processor.py:161} INFO - Started process (PID=1520) to work on /opt/airflow/dags/setup_data_warehouse.py
[2026-03-11T11:37:20.876+0000] {processor.py:830} INFO - Processing file /opt/airflow/dags/setup_data_warehouse.py for tasks to queue
[2026-03-11T11:37:20.884+0000] {logging_mixin.py:188} INFO - [2026-03-11T11:37:20.882+0000] {dagbag.py:538} INFO - Filling up the DagBag from /opt/airflow/dags/setup_data_warehouse.py
[2026-03-11T11:37:20.920+0000] {logging_mixin.py:188} INFO - [2026-03-11T11:37:20.917+0000] {templater.py:95} ERROR - Failed to resolve template field 'sql'
Traceback (most recent call last):
  File "/home/airflow/.local/lib/python3.11/site-packages/airflow/template/templater.py", line 93, in resolve_template_files
    setattr(self, field, env.loader.get_source(env, content)[0])  # type: ignore
                         ^^^^^^^^^^^^^^^^^^^^^^^^^^^^^^^^^^^
  File "/home/airflow/.local/lib/python3.11/site-packages/jinja2/loaders.py", line 218, in get_source
    raise TemplateNotFound(template)
jinja2.exceptions.TemplateNotFound: /sql/01_create_schemas.sql
[2026-03-11T11:37:20.922+0000] {logging_mixin.py:188} INFO - [2026-03-11T11:37:20.921+0000] {templater.py:95} ERROR - Failed to resolve template field 'sql'
Traceback (most recent call last):
  File "/home/airflow/.local/lib/python3.11/site-packages/airflow/template/templater.py", line 93, in resolve_template_files
    setattr(self, field, env.loader.get_source(env, content)[0])  # type: ignore
                         ^^^^^^^^^^^^^^^^^^^^^^^^^^^^^^^^^^^
  File "/home/airflow/.local/lib/python3.11/site-packages/jinja2/loaders.py", line 218, in get_source
    raise TemplateNotFound(template)
jinja2.exceptions.TemplateNotFound: /sql/02_create_staging_tables.sql
[2026-03-11T11:37:20.924+0000] {logging_mixin.py:188} INFO - [2026-03-11T11:37:20.923+0000] {templater.py:95} ERROR - Failed to resolve template field 'sql'
Traceback (most recent call last):
  File "/home/airflow/.local/lib/python3.11/site-packages/airflow/template/templater.py", line 93, in resolve_template_files
    setattr(self, field, env.loader.get_source(env, content)[0])  # type: ignore
                         ^^^^^^^^^^^^^^^^^^^^^^^^^^^^^^^^^^^
  File "/home/airflow/.local/lib/python3.11/site-packages/jinja2/loaders.py", line 218, in get_source
    raise TemplateNotFound(template)
jinja2.exceptions.TemplateNotFound: /sql/03_create_core_tables.sql
[2026-03-11T11:37:20.928+0000] {logging_mixin.py:188} INFO - [2026-03-11T11:37:20.926+0000] {templater.py:95} ERROR - Failed to resolve template field 'sql'
Traceback (most recent call last):
  File "/home/airflow/.local/lib/python3.11/site-packages/airflow/template/templater.py", line 93, in resolve_template_files
    setattr(self, field, env.loader.get_source(env, content)[0])  # type: ignore
                         ^^^^^^^^^^^^^^^^^^^^^^^^^^^^^^^^^^^
  File "/home/airflow/.local/lib/python3.11/site-packages/jinja2/loaders.py", line 218, in get_source
    raise TemplateNotFound(template)
jinja2.exceptions.TemplateNotFound: /sql/04_create_analytics_tables.sql
[2026-03-11T11:37:20.940+0000] {processor.py:840} INFO - DAG(s) 'setup_data_warehouse' retrieved from /opt/airflow/dags/setup_data_warehouse.py
[2026-03-11T11:37:21.052+0000] {logging_mixin.py:188} INFO - [2026-03-11T11:37:21.047+0000] {dag.py:3033} INFO - Sync 1 DAGs
[2026-03-11T11:37:21.113+0000] {logging_mixin.py:188} INFO - [2026-03-11T11:37:21.112+0000] {dag.py:3820} INFO - Setting next_dagrun for setup_data_warehouse to None, run_after=None
[2026-03-11T11:37:21.160+0000] {processor.py:183} INFO - Processing /opt/airflow/dags/setup_data_warehouse.py took 0.297 seconds
[2026-03-11T11:37:51.519+0000] {processor.py:161} INFO - Started process (PID=1552) to work on /opt/airflow/dags/setup_data_warehouse.py
[2026-03-11T11:37:51.523+0000] {processor.py:830} INFO - Processing file /opt/airflow/dags/setup_data_warehouse.py for tasks to queue
[2026-03-11T11:37:51.532+0000] {logging_mixin.py:188} INFO - [2026-03-11T11:37:51.531+0000] {dagbag.py:538} INFO - Filling up the DagBag from /opt/airflow/dags/setup_data_warehouse.py
[2026-03-11T11:37:51.577+0000] {logging_mixin.py:188} INFO - [2026-03-11T11:37:51.572+0000] {templater.py:95} ERROR - Failed to resolve template field 'sql'
Traceback (most recent call last):
  File "/home/airflow/.local/lib/python3.11/site-packages/airflow/template/templater.py", line 93, in resolve_template_files
    setattr(self, field, env.loader.get_source(env, content)[0])  # type: ignore
                         ^^^^^^^^^^^^^^^^^^^^^^^^^^^^^^^^^^^
  File "/home/airflow/.local/lib/python3.11/site-packages/jinja2/loaders.py", line 218, in get_source
    raise TemplateNotFound(template)
jinja2.exceptions.TemplateNotFound: /sql/01_create_schemas.sql
[2026-03-11T11:37:51.582+0000] {logging_mixin.py:188} INFO - [2026-03-11T11:37:51.580+0000] {templater.py:95} ERROR - Failed to resolve template field 'sql'
Traceback (most recent call last):
  File "/home/airflow/.local/lib/python3.11/site-packages/airflow/template/templater.py", line 93, in resolve_template_files
    setattr(self, field, env.loader.get_source(env, content)[0])  # type: ignore
                         ^^^^^^^^^^^^^^^^^^^^^^^^^^^^^^^^^^^
  File "/home/airflow/.local/lib/python3.11/site-packages/jinja2/loaders.py", line 218, in get_source
    raise TemplateNotFound(template)
jinja2.exceptions.TemplateNotFound: /sql/02_create_staging_tables.sql
[2026-03-11T11:37:51.584+0000] {logging_mixin.py:188} INFO - [2026-03-11T11:37:51.583+0000] {templater.py:95} ERROR - Failed to resolve template field 'sql'
Traceback (most recent call last):
  File "/home/airflow/.local/lib/python3.11/site-packages/airflow/template/templater.py", line 93, in resolve_template_files
    setattr(self, field, env.loader.get_source(env, content)[0])  # type: ignore
                         ^^^^^^^^^^^^^^^^^^^^^^^^^^^^^^^^^^^
  File "/home/airflow/.local/lib/python3.11/site-packages/jinja2/loaders.py", line 218, in get_source
    raise TemplateNotFound(template)
jinja2.exceptions.TemplateNotFound: /sql/03_create_core_tables.sql
[2026-03-11T11:37:51.591+0000] {logging_mixin.py:188} INFO - [2026-03-11T11:37:51.588+0000] {templater.py:95} ERROR - Failed to resolve template field 'sql'
Traceback (most recent call last):
  File "/home/airflow/.local/lib/python3.11/site-packages/airflow/template/templater.py", line 93, in resolve_template_files
    setattr(self, field, env.loader.get_source(env, content)[0])  # type: ignore
                         ^^^^^^^^^^^^^^^^^^^^^^^^^^^^^^^^^^^
  File "/home/airflow/.local/lib/python3.11/site-packages/jinja2/loaders.py", line 218, in get_source
    raise TemplateNotFound(template)
jinja2.exceptions.TemplateNotFound: /sql/04_create_analytics_tables.sql
[2026-03-11T11:37:51.608+0000] {processor.py:840} INFO - DAG(s) 'setup_data_warehouse' retrieved from /opt/airflow/dags/setup_data_warehouse.py
[2026-03-11T11:37:51.709+0000] {logging_mixin.py:188} INFO - [2026-03-11T11:37:51.707+0000] {dag.py:3033} INFO - Sync 1 DAGs
[2026-03-11T11:37:51.756+0000] {logging_mixin.py:188} INFO - [2026-03-11T11:37:51.755+0000] {dag.py:3820} INFO - Setting next_dagrun for setup_data_warehouse to None, run_after=None
[2026-03-11T11:37:51.848+0000] {processor.py:183} INFO - Processing /opt/airflow/dags/setup_data_warehouse.py took 0.339 seconds
[2026-03-11T11:38:22.196+0000] {processor.py:161} INFO - Started process (PID=1584) to work on /opt/airflow/dags/setup_data_warehouse.py
[2026-03-11T11:38:22.198+0000] {processor.py:830} INFO - Processing file /opt/airflow/dags/setup_data_warehouse.py for tasks to queue
[2026-03-11T11:38:22.204+0000] {logging_mixin.py:188} INFO - [2026-03-11T11:38:22.203+0000] {dagbag.py:538} INFO - Filling up the DagBag from /opt/airflow/dags/setup_data_warehouse.py
[2026-03-11T11:38:22.242+0000] {logging_mixin.py:188} INFO - [2026-03-11T11:38:22.240+0000] {templater.py:95} ERROR - Failed to resolve template field 'sql'
Traceback (most recent call last):
  File "/home/airflow/.local/lib/python3.11/site-packages/airflow/template/templater.py", line 93, in resolve_template_files
    setattr(self, field, env.loader.get_source(env, content)[0])  # type: ignore
                         ^^^^^^^^^^^^^^^^^^^^^^^^^^^^^^^^^^^
  File "/home/airflow/.local/lib/python3.11/site-packages/jinja2/loaders.py", line 218, in get_source
    raise TemplateNotFound(template)
jinja2.exceptions.TemplateNotFound: /sql/01_create_schemas.sql
[2026-03-11T11:38:22.244+0000] {logging_mixin.py:188} INFO - [2026-03-11T11:38:22.244+0000] {templater.py:95} ERROR - Failed to resolve template field 'sql'
Traceback (most recent call last):
  File "/home/airflow/.local/lib/python3.11/site-packages/airflow/template/templater.py", line 93, in resolve_template_files
    setattr(self, field, env.loader.get_source(env, content)[0])  # type: ignore
                         ^^^^^^^^^^^^^^^^^^^^^^^^^^^^^^^^^^^
  File "/home/airflow/.local/lib/python3.11/site-packages/jinja2/loaders.py", line 218, in get_source
    raise TemplateNotFound(template)
jinja2.exceptions.TemplateNotFound: /sql/02_create_staging_tables.sql
[2026-03-11T11:38:22.249+0000] {logging_mixin.py:188} INFO - [2026-03-11T11:38:22.248+0000] {templater.py:95} ERROR - Failed to resolve template field 'sql'
Traceback (most recent call last):
  File "/home/airflow/.local/lib/python3.11/site-packages/airflow/template/templater.py", line 93, in resolve_template_files
    setattr(self, field, env.loader.get_source(env, content)[0])  # type: ignore
                         ^^^^^^^^^^^^^^^^^^^^^^^^^^^^^^^^^^^
  File "/home/airflow/.local/lib/python3.11/site-packages/jinja2/loaders.py", line 218, in get_source
    raise TemplateNotFound(template)
jinja2.exceptions.TemplateNotFound: /sql/03_create_core_tables.sql
[2026-03-11T11:38:22.250+0000] {logging_mixin.py:188} INFO - [2026-03-11T11:38:22.250+0000] {templater.py:95} ERROR - Failed to resolve template field 'sql'
Traceback (most recent call last):
  File "/home/airflow/.local/lib/python3.11/site-packages/airflow/template/templater.py", line 93, in resolve_template_files
    setattr(self, field, env.loader.get_source(env, content)[0])  # type: ignore
                         ^^^^^^^^^^^^^^^^^^^^^^^^^^^^^^^^^^^
  File "/home/airflow/.local/lib/python3.11/site-packages/jinja2/loaders.py", line 218, in get_source
    raise TemplateNotFound(template)
jinja2.exceptions.TemplateNotFound: /sql/04_create_analytics_tables.sql
[2026-03-11T11:38:22.261+0000] {processor.py:840} INFO - DAG(s) 'setup_data_warehouse' retrieved from /opt/airflow/dags/setup_data_warehouse.py
[2026-03-11T11:38:22.365+0000] {logging_mixin.py:188} INFO - [2026-03-11T11:38:22.363+0000] {dag.py:3033} INFO - Sync 1 DAGs
[2026-03-11T11:38:22.420+0000] {logging_mixin.py:188} INFO - [2026-03-11T11:38:22.419+0000] {dag.py:3820} INFO - Setting next_dagrun for setup_data_warehouse to None, run_after=None
[2026-03-11T11:38:22.516+0000] {processor.py:183} INFO - Processing /opt/airflow/dags/setup_data_warehouse.py took 0.328 seconds
