[2026-03-11T10:22:10.312+0000] {processor.py:161} INFO - Started process (PID=171) to work on /opt/airflow/dags/youtube_trending_dag.py
[2026-03-11T10:22:10.317+0000] {processor.py:830} INFO - Processing file /opt/airflow/dags/youtube_trending_dag.py for tasks to queue
[2026-03-11T10:22:10.320+0000] {logging_mixin.py:188} INFO - [2026-03-11T10:22:10.319+0000] {dagbag.py:538} INFO - Filling up the DagBag from /opt/airflow/dags/youtube_trending_dag.py
[2026-03-11T10:22:10.460+0000] {processor.py:840} INFO - DAG(s) 'youtube_trending_tracker' retrieved from /opt/airflow/dags/youtube_trending_dag.py
[2026-03-11T10:22:11.859+0000] {logging_mixin.py:188} INFO - [2026-03-11T10:22:11.858+0000] {override.py:1769} INFO - Created Permission View: can edit on DAG:youtube_trending_tracker
[2026-03-11T10:22:11.908+0000] {logging_mixin.py:188} INFO - [2026-03-11T10:22:11.904+0000] {override.py:1769} INFO - Created Permission View: can read on DAG:youtube_trending_tracker
[2026-03-11T10:22:11.937+0000] {logging_mixin.py:188} INFO - [2026-03-11T10:22:11.936+0000] {override.py:1769} INFO - Created Permission View: can delete on DAG:youtube_trending_tracker
[2026-03-11T10:22:11.938+0000] {logging_mixin.py:188} INFO - [2026-03-11T10:22:11.938+0000] {dag.py:3033} INFO - Sync 1 DAGs
[2026-03-11T10:22:11.989+0000] {logging_mixin.py:188} INFO - [2026-03-11T10:22:11.988+0000] {dag.py:3055} INFO - Creating ORM DAG for youtube_trending_tracker
[2026-03-11T10:22:12.058+0000] {logging_mixin.py:188} INFO - [2026-03-11T10:22:12.058+0000] {dag.py:3820} INFO - Setting next_dagrun for youtube_trending_tracker to 2026-03-11T08:00:00+00:00, run_after=2026-03-11T10:00:00+00:00
[2026-03-11T10:22:12.137+0000] {processor.py:183} INFO - Processing /opt/airflow/dags/youtube_trending_dag.py took 1.843 seconds
[2026-03-11T10:22:42.850+0000] {processor.py:161} INFO - Started process (PID=192) to work on /opt/airflow/dags/youtube_trending_dag.py
[2026-03-11T10:22:42.852+0000] {processor.py:830} INFO - Processing file /opt/airflow/dags/youtube_trending_dag.py for tasks to queue
[2026-03-11T10:22:42.855+0000] {logging_mixin.py:188} INFO - [2026-03-11T10:22:42.854+0000] {dagbag.py:538} INFO - Filling up the DagBag from /opt/airflow/dags/youtube_trending_dag.py
[2026-03-11T10:22:42.905+0000] {processor.py:840} INFO - DAG(s) 'youtube_trending_tracker' retrieved from /opt/airflow/dags/youtube_trending_dag.py
[2026-03-11T10:22:43.009+0000] {logging_mixin.py:188} INFO - [2026-03-11T10:22:43.009+0000] {dag.py:3033} INFO - Sync 1 DAGs
[2026-03-11T10:22:43.101+0000] {logging_mixin.py:188} INFO - [2026-03-11T10:22:43.100+0000] {dag.py:3820} INFO - Setting next_dagrun for youtube_trending_tracker to 2026-03-11T08:00:00+00:00, run_after=2026-03-11T10:00:00+00:00
[2026-03-11T10:22:43.200+0000] {processor.py:183} INFO - Processing /opt/airflow/dags/youtube_trending_dag.py took 0.363 seconds
[2026-03-11T10:23:13.666+0000] {processor.py:161} INFO - Started process (PID=215) to work on /opt/airflow/dags/youtube_trending_dag.py
[2026-03-11T10:23:13.677+0000] {processor.py:830} INFO - Processing file /opt/airflow/dags/youtube_trending_dag.py for tasks to queue
[2026-03-11T10:23:13.681+0000] {logging_mixin.py:188} INFO - [2026-03-11T10:23:13.679+0000] {dagbag.py:538} INFO - Filling up the DagBag from /opt/airflow/dags/youtube_trending_dag.py
[2026-03-11T10:23:13.744+0000] {processor.py:840} INFO - DAG(s) 'youtube_trending_tracker' retrieved from /opt/airflow/dags/youtube_trending_dag.py
[2026-03-11T10:23:13.890+0000] {logging_mixin.py:188} INFO - [2026-03-11T10:23:13.890+0000] {dag.py:3033} INFO - Sync 1 DAGs
[2026-03-11T10:23:14.057+0000] {logging_mixin.py:188} INFO - [2026-03-11T10:23:14.056+0000] {dag.py:3820} INFO - Setting next_dagrun for youtube_trending_tracker to 2026-03-11T08:00:00+00:00, run_after=2026-03-11T10:00:00+00:00
[2026-03-11T10:23:14.136+0000] {processor.py:183} INFO - Processing /opt/airflow/dags/youtube_trending_dag.py took 0.529 seconds
[2026-03-11T10:23:44.275+0000] {processor.py:161} INFO - Started process (PID=236) to work on /opt/airflow/dags/youtube_trending_dag.py
[2026-03-11T10:23:44.285+0000] {processor.py:830} INFO - Processing file /opt/airflow/dags/youtube_trending_dag.py for tasks to queue
[2026-03-11T10:23:44.387+0000] {logging_mixin.py:188} INFO - [2026-03-11T10:23:44.385+0000] {dagbag.py:538} INFO - Filling up the DagBag from /opt/airflow/dags/youtube_trending_dag.py
[2026-03-11T10:23:44.464+0000] {processor.py:840} INFO - DAG(s) 'youtube_trending_tracker' retrieved from /opt/airflow/dags/youtube_trending_dag.py
[2026-03-11T10:23:44.604+0000] {logging_mixin.py:188} INFO - [2026-03-11T10:23:44.604+0000] {dag.py:3033} INFO - Sync 1 DAGs
[2026-03-11T10:23:44.697+0000] {logging_mixin.py:188} INFO - [2026-03-11T10:23:44.697+0000] {dag.py:3820} INFO - Setting next_dagrun for youtube_trending_tracker to 2026-03-11T08:00:00+00:00, run_after=2026-03-11T10:00:00+00:00
[2026-03-11T10:23:44.801+0000] {processor.py:183} INFO - Processing /opt/airflow/dags/youtube_trending_dag.py took 0.534 seconds
[2026-03-11T10:24:14.943+0000] {processor.py:161} INFO - Started process (PID=257) to work on /opt/airflow/dags/youtube_trending_dag.py
[2026-03-11T10:24:14.945+0000] {processor.py:830} INFO - Processing file /opt/airflow/dags/youtube_trending_dag.py for tasks to queue
[2026-03-11T10:24:14.947+0000] {logging_mixin.py:188} INFO - [2026-03-11T10:24:14.946+0000] {dagbag.py:538} INFO - Filling up the DagBag from /opt/airflow/dags/youtube_trending_dag.py
[2026-03-11T10:24:15.019+0000] {processor.py:840} INFO - DAG(s) 'youtube_trending_tracker' retrieved from /opt/airflow/dags/youtube_trending_dag.py
[2026-03-11T10:24:15.128+0000] {logging_mixin.py:188} INFO - [2026-03-11T10:24:15.128+0000] {dag.py:3033} INFO - Sync 1 DAGs
[2026-03-11T10:24:15.222+0000] {logging_mixin.py:188} INFO - [2026-03-11T10:24:15.221+0000] {dag.py:3820} INFO - Setting next_dagrun for youtube_trending_tracker to 2026-03-11T08:00:00+00:00, run_after=2026-03-11T10:00:00+00:00
[2026-03-11T10:24:15.298+0000] {processor.py:183} INFO - Processing /opt/airflow/dags/youtube_trending_dag.py took 0.364 seconds
[2026-03-11T10:24:45.426+0000] {processor.py:161} INFO - Started process (PID=278) to work on /opt/airflow/dags/youtube_trending_dag.py
[2026-03-11T10:24:45.428+0000] {processor.py:830} INFO - Processing file /opt/airflow/dags/youtube_trending_dag.py for tasks to queue
[2026-03-11T10:24:45.430+0000] {logging_mixin.py:188} INFO - [2026-03-11T10:24:45.429+0000] {dagbag.py:538} INFO - Filling up the DagBag from /opt/airflow/dags/youtube_trending_dag.py
[2026-03-11T10:24:45.466+0000] {processor.py:840} INFO - DAG(s) 'youtube_trending_tracker' retrieved from /opt/airflow/dags/youtube_trending_dag.py
[2026-03-11T10:24:45.552+0000] {logging_mixin.py:188} INFO - [2026-03-11T10:24:45.552+0000] {dag.py:3033} INFO - Sync 1 DAGs
[2026-03-11T10:24:45.638+0000] {logging_mixin.py:188} INFO - [2026-03-11T10:24:45.638+0000] {dag.py:3820} INFO - Setting next_dagrun for youtube_trending_tracker to 2026-03-11T08:00:00+00:00, run_after=2026-03-11T10:00:00+00:00
[2026-03-11T10:24:45.696+0000] {processor.py:183} INFO - Processing /opt/airflow/dags/youtube_trending_dag.py took 0.277 seconds
[2026-03-11T10:25:16.347+0000] {processor.py:161} INFO - Started process (PID=297) to work on /opt/airflow/dags/youtube_trending_dag.py
[2026-03-11T10:25:16.349+0000] {processor.py:830} INFO - Processing file /opt/airflow/dags/youtube_trending_dag.py for tasks to queue
[2026-03-11T10:25:16.352+0000] {logging_mixin.py:188} INFO - [2026-03-11T10:25:16.351+0000] {dagbag.py:538} INFO - Filling up the DagBag from /opt/airflow/dags/youtube_trending_dag.py
[2026-03-11T10:25:16.414+0000] {processor.py:840} INFO - DAG(s) 'youtube_trending_tracker' retrieved from /opt/airflow/dags/youtube_trending_dag.py
[2026-03-11T10:25:16.525+0000] {logging_mixin.py:188} INFO - [2026-03-11T10:25:16.525+0000] {dag.py:3033} INFO - Sync 1 DAGs
[2026-03-11T10:25:16.600+0000] {logging_mixin.py:188} INFO - [2026-03-11T10:25:16.600+0000] {dag.py:3820} INFO - Setting next_dagrun for youtube_trending_tracker to 2026-03-11T08:00:00+00:00, run_after=2026-03-11T10:00:00+00:00
[2026-03-11T10:25:16.656+0000] {processor.py:183} INFO - Processing /opt/airflow/dags/youtube_trending_dag.py took 0.318 seconds
[2026-03-11T10:25:47.028+0000] {processor.py:161} INFO - Started process (PID=318) to work on /opt/airflow/dags/youtube_trending_dag.py
[2026-03-11T10:25:47.032+0000] {processor.py:830} INFO - Processing file /opt/airflow/dags/youtube_trending_dag.py for tasks to queue
[2026-03-11T10:25:47.035+0000] {logging_mixin.py:188} INFO - [2026-03-11T10:25:47.034+0000] {dagbag.py:538} INFO - Filling up the DagBag from /opt/airflow/dags/youtube_trending_dag.py
[2026-03-11T10:25:47.105+0000] {processor.py:840} INFO - DAG(s) 'youtube_trending_tracker' retrieved from /opt/airflow/dags/youtube_trending_dag.py
[2026-03-11T10:25:47.224+0000] {logging_mixin.py:188} INFO - [2026-03-11T10:25:47.224+0000] {dag.py:3033} INFO - Sync 1 DAGs
[2026-03-11T10:25:47.306+0000] {logging_mixin.py:188} INFO - [2026-03-11T10:25:47.306+0000] {dag.py:3820} INFO - Setting next_dagrun for youtube_trending_tracker to 2026-03-11T08:00:00+00:00, run_after=2026-03-11T10:00:00+00:00
[2026-03-11T10:25:47.385+0000] {processor.py:183} INFO - Processing /opt/airflow/dags/youtube_trending_dag.py took 0.368 seconds
[2026-03-11T10:26:18.278+0000] {processor.py:161} INFO - Started process (PID=339) to work on /opt/airflow/dags/youtube_trending_dag.py
[2026-03-11T10:26:18.281+0000] {processor.py:830} INFO - Processing file /opt/airflow/dags/youtube_trending_dag.py for tasks to queue
[2026-03-11T10:26:18.285+0000] {logging_mixin.py:188} INFO - [2026-03-11T10:26:18.284+0000] {dagbag.py:538} INFO - Filling up the DagBag from /opt/airflow/dags/youtube_trending_dag.py
[2026-03-11T10:26:18.339+0000] {processor.py:840} INFO - DAG(s) 'youtube_trending_tracker' retrieved from /opt/airflow/dags/youtube_trending_dag.py
[2026-03-11T10:26:18.432+0000] {logging_mixin.py:188} INFO - [2026-03-11T10:26:18.432+0000] {dag.py:3033} INFO - Sync 1 DAGs
[2026-03-11T10:26:18.512+0000] {logging_mixin.py:188} INFO - [2026-03-11T10:26:18.512+0000] {dag.py:3820} INFO - Setting next_dagrun for youtube_trending_tracker to 2026-03-11T08:00:00+00:00, run_after=2026-03-11T10:00:00+00:00
[2026-03-11T10:26:18.567+0000] {processor.py:183} INFO - Processing /opt/airflow/dags/youtube_trending_dag.py took 0.299 seconds
[2026-03-11T10:26:49.407+0000] {processor.py:161} INFO - Started process (PID=360) to work on /opt/airflow/dags/youtube_trending_dag.py
[2026-03-11T10:26:49.410+0000] {processor.py:830} INFO - Processing file /opt/airflow/dags/youtube_trending_dag.py for tasks to queue
[2026-03-11T10:26:49.418+0000] {logging_mixin.py:188} INFO - [2026-03-11T10:26:49.415+0000] {dagbag.py:538} INFO - Filling up the DagBag from /opt/airflow/dags/youtube_trending_dag.py
[2026-03-11T10:26:49.501+0000] {processor.py:840} INFO - DAG(s) 'youtube_trending_tracker' retrieved from /opt/airflow/dags/youtube_trending_dag.py
[2026-03-11T10:26:49.592+0000] {logging_mixin.py:188} INFO - [2026-03-11T10:26:49.591+0000] {dag.py:3033} INFO - Sync 1 DAGs
[2026-03-11T10:26:49.666+0000] {logging_mixin.py:188} INFO - [2026-03-11T10:26:49.665+0000] {dag.py:3820} INFO - Setting next_dagrun for youtube_trending_tracker to 2026-03-11T08:00:00+00:00, run_after=2026-03-11T10:00:00+00:00
[2026-03-11T10:26:49.723+0000] {processor.py:183} INFO - Processing /opt/airflow/dags/youtube_trending_dag.py took 0.343 seconds
[2026-03-11T10:27:20.162+0000] {processor.py:161} INFO - Started process (PID=381) to work on /opt/airflow/dags/youtube_trending_dag.py
[2026-03-11T10:27:20.165+0000] {processor.py:830} INFO - Processing file /opt/airflow/dags/youtube_trending_dag.py for tasks to queue
[2026-03-11T10:27:20.168+0000] {logging_mixin.py:188} INFO - [2026-03-11T10:27:20.166+0000] {dagbag.py:538} INFO - Filling up the DagBag from /opt/airflow/dags/youtube_trending_dag.py
[2026-03-11T10:27:20.251+0000] {processor.py:840} INFO - DAG(s) 'youtube_trending_tracker' retrieved from /opt/airflow/dags/youtube_trending_dag.py
[2026-03-11T10:27:20.337+0000] {logging_mixin.py:188} INFO - [2026-03-11T10:27:20.336+0000] {dag.py:3033} INFO - Sync 1 DAGs
[2026-03-11T10:27:20.454+0000] {logging_mixin.py:188} INFO - [2026-03-11T10:27:20.453+0000] {dag.py:3820} INFO - Setting next_dagrun for youtube_trending_tracker to 2026-03-11T08:00:00+00:00, run_after=2026-03-11T10:00:00+00:00
[2026-03-11T10:27:20.528+0000] {processor.py:183} INFO - Processing /opt/airflow/dags/youtube_trending_dag.py took 0.379 seconds
[2026-03-11T10:27:51.286+0000] {processor.py:161} INFO - Started process (PID=402) to work on /opt/airflow/dags/youtube_trending_dag.py
[2026-03-11T10:27:51.288+0000] {processor.py:830} INFO - Processing file /opt/airflow/dags/youtube_trending_dag.py for tasks to queue
[2026-03-11T10:27:51.294+0000] {logging_mixin.py:188} INFO - [2026-03-11T10:27:51.292+0000] {dagbag.py:538} INFO - Filling up the DagBag from /opt/airflow/dags/youtube_trending_dag.py
[2026-03-11T10:27:51.377+0000] {processor.py:840} INFO - DAG(s) 'youtube_trending_tracker' retrieved from /opt/airflow/dags/youtube_trending_dag.py
[2026-03-11T10:27:51.478+0000] {logging_mixin.py:188} INFO - [2026-03-11T10:27:51.478+0000] {dag.py:3033} INFO - Sync 1 DAGs
[2026-03-11T10:27:51.556+0000] {logging_mixin.py:188} INFO - [2026-03-11T10:27:51.555+0000] {dag.py:3820} INFO - Setting next_dagrun for youtube_trending_tracker to 2026-03-11T08:00:00+00:00, run_after=2026-03-11T10:00:00+00:00
[2026-03-11T10:27:51.627+0000] {processor.py:183} INFO - Processing /opt/airflow/dags/youtube_trending_dag.py took 0.356 seconds
[2026-03-11T10:28:22.297+0000] {processor.py:161} INFO - Started process (PID=423) to work on /opt/airflow/dags/youtube_trending_dag.py
[2026-03-11T10:28:22.302+0000] {processor.py:830} INFO - Processing file /opt/airflow/dags/youtube_trending_dag.py for tasks to queue
[2026-03-11T10:28:22.305+0000] {logging_mixin.py:188} INFO - [2026-03-11T10:28:22.304+0000] {dagbag.py:538} INFO - Filling up the DagBag from /opt/airflow/dags/youtube_trending_dag.py
[2026-03-11T10:28:22.366+0000] {processor.py:840} INFO - DAG(s) 'youtube_trending_tracker' retrieved from /opt/airflow/dags/youtube_trending_dag.py
[2026-03-11T10:28:22.448+0000] {logging_mixin.py:188} INFO - [2026-03-11T10:28:22.447+0000] {dag.py:3033} INFO - Sync 1 DAGs
[2026-03-11T10:28:22.542+0000] {logging_mixin.py:188} INFO - [2026-03-11T10:28:22.542+0000] {dag.py:3820} INFO - Setting next_dagrun for youtube_trending_tracker to 2026-03-11T08:00:00+00:00, run_after=2026-03-11T10:00:00+00:00
[2026-03-11T10:28:22.615+0000] {processor.py:183} INFO - Processing /opt/airflow/dags/youtube_trending_dag.py took 0.334 seconds
[2026-03-11T10:28:52.995+0000] {processor.py:161} INFO - Started process (PID=444) to work on /opt/airflow/dags/youtube_trending_dag.py
[2026-03-11T10:28:52.998+0000] {processor.py:830} INFO - Processing file /opt/airflow/dags/youtube_trending_dag.py for tasks to queue
[2026-03-11T10:28:53.002+0000] {logging_mixin.py:188} INFO - [2026-03-11T10:28:53.001+0000] {dagbag.py:538} INFO - Filling up the DagBag from /opt/airflow/dags/youtube_trending_dag.py
[2026-03-11T10:28:53.075+0000] {processor.py:840} INFO - DAG(s) 'youtube_trending_tracker' retrieved from /opt/airflow/dags/youtube_trending_dag.py
[2026-03-11T10:28:53.178+0000] {logging_mixin.py:188} INFO - [2026-03-11T10:28:53.178+0000] {dag.py:3033} INFO - Sync 1 DAGs
[2026-03-11T10:28:53.259+0000] {logging_mixin.py:188} INFO - [2026-03-11T10:28:53.259+0000] {dag.py:3820} INFO - Setting next_dagrun for youtube_trending_tracker to 2026-03-11T08:00:00+00:00, run_after=2026-03-11T10:00:00+00:00
[2026-03-11T10:28:53.317+0000] {processor.py:183} INFO - Processing /opt/airflow/dags/youtube_trending_dag.py took 0.333 seconds
[2026-03-11T10:29:23.698+0000] {processor.py:161} INFO - Started process (PID=465) to work on /opt/airflow/dags/youtube_trending_dag.py
[2026-03-11T10:29:23.700+0000] {processor.py:830} INFO - Processing file /opt/airflow/dags/youtube_trending_dag.py for tasks to queue
[2026-03-11T10:29:23.703+0000] {logging_mixin.py:188} INFO - [2026-03-11T10:29:23.702+0000] {dagbag.py:538} INFO - Filling up the DagBag from /opt/airflow/dags/youtube_trending_dag.py
[2026-03-11T10:29:23.776+0000] {processor.py:840} INFO - DAG(s) 'youtube_trending_tracker' retrieved from /opt/airflow/dags/youtube_trending_dag.py
[2026-03-11T10:29:23.874+0000] {logging_mixin.py:188} INFO - [2026-03-11T10:29:23.874+0000] {dag.py:3033} INFO - Sync 1 DAGs
[2026-03-11T10:29:23.960+0000] {logging_mixin.py:188} INFO - [2026-03-11T10:29:23.959+0000] {dag.py:3820} INFO - Setting next_dagrun for youtube_trending_tracker to 2026-03-11T08:00:00+00:00, run_after=2026-03-11T10:00:00+00:00
[2026-03-11T10:29:24.031+0000] {processor.py:183} INFO - Processing /opt/airflow/dags/youtube_trending_dag.py took 0.344 seconds
[2026-03-11T10:29:54.453+0000] {processor.py:161} INFO - Started process (PID=486) to work on /opt/airflow/dags/youtube_trending_dag.py
[2026-03-11T10:29:54.457+0000] {processor.py:830} INFO - Processing file /opt/airflow/dags/youtube_trending_dag.py for tasks to queue
[2026-03-11T10:29:54.461+0000] {logging_mixin.py:188} INFO - [2026-03-11T10:29:54.459+0000] {dagbag.py:538} INFO - Filling up the DagBag from /opt/airflow/dags/youtube_trending_dag.py
[2026-03-11T10:29:54.527+0000] {processor.py:840} INFO - DAG(s) 'youtube_trending_tracker' retrieved from /opt/airflow/dags/youtube_trending_dag.py
[2026-03-11T10:29:54.655+0000] {logging_mixin.py:188} INFO - [2026-03-11T10:29:54.655+0000] {dag.py:3033} INFO - Sync 1 DAGs
[2026-03-11T10:29:54.765+0000] {logging_mixin.py:188} INFO - [2026-03-11T10:29:54.764+0000] {dag.py:3820} INFO - Setting next_dagrun for youtube_trending_tracker to 2026-03-11T08:00:00+00:00, run_after=2026-03-11T10:00:00+00:00
[2026-03-11T10:29:54.831+0000] {processor.py:183} INFO - Processing /opt/airflow/dags/youtube_trending_dag.py took 0.390 seconds
[2026-03-11T10:30:25.207+0000] {processor.py:161} INFO - Started process (PID=507) to work on /opt/airflow/dags/youtube_trending_dag.py
[2026-03-11T10:30:25.209+0000] {processor.py:830} INFO - Processing file /opt/airflow/dags/youtube_trending_dag.py for tasks to queue
[2026-03-11T10:30:25.211+0000] {logging_mixin.py:188} INFO - [2026-03-11T10:30:25.210+0000] {dagbag.py:538} INFO - Filling up the DagBag from /opt/airflow/dags/youtube_trending_dag.py
[2026-03-11T10:30:25.268+0000] {processor.py:840} INFO - DAG(s) 'youtube_trending_tracker' retrieved from /opt/airflow/dags/youtube_trending_dag.py
[2026-03-11T10:30:25.395+0000] {logging_mixin.py:188} INFO - [2026-03-11T10:30:25.394+0000] {dag.py:3033} INFO - Sync 1 DAGs
[2026-03-11T10:30:25.477+0000] {logging_mixin.py:188} INFO - [2026-03-11T10:30:25.476+0000] {dag.py:3820} INFO - Setting next_dagrun for youtube_trending_tracker to 2026-03-11T08:00:00+00:00, run_after=2026-03-11T10:00:00+00:00
[2026-03-11T10:30:25.571+0000] {processor.py:183} INFO - Processing /opt/airflow/dags/youtube_trending_dag.py took 0.372 seconds
[2026-03-11T10:30:55.921+0000] {processor.py:161} INFO - Started process (PID=528) to work on /opt/airflow/dags/youtube_trending_dag.py
[2026-03-11T10:30:55.923+0000] {processor.py:830} INFO - Processing file /opt/airflow/dags/youtube_trending_dag.py for tasks to queue
[2026-03-11T10:30:55.926+0000] {logging_mixin.py:188} INFO - [2026-03-11T10:30:55.924+0000] {dagbag.py:538} INFO - Filling up the DagBag from /opt/airflow/dags/youtube_trending_dag.py
[2026-03-11T10:30:55.974+0000] {processor.py:840} INFO - DAG(s) 'youtube_trending_tracker' retrieved from /opt/airflow/dags/youtube_trending_dag.py
[2026-03-11T10:30:56.095+0000] {logging_mixin.py:188} INFO - [2026-03-11T10:30:56.094+0000] {dag.py:3033} INFO - Sync 1 DAGs
[2026-03-11T10:30:56.195+0000] {logging_mixin.py:188} INFO - [2026-03-11T10:30:56.194+0000] {dag.py:3820} INFO - Setting next_dagrun for youtube_trending_tracker to 2026-03-11T08:00:00+00:00, run_after=2026-03-11T10:00:00+00:00
[2026-03-11T10:30:56.242+0000] {processor.py:183} INFO - Processing /opt/airflow/dags/youtube_trending_dag.py took 0.328 seconds
[2026-03-11T10:31:27.011+0000] {processor.py:161} INFO - Started process (PID=549) to work on /opt/airflow/dags/youtube_trending_dag.py
[2026-03-11T10:31:27.013+0000] {processor.py:830} INFO - Processing file /opt/airflow/dags/youtube_trending_dag.py for tasks to queue
[2026-03-11T10:31:27.015+0000] {logging_mixin.py:188} INFO - [2026-03-11T10:31:27.014+0000] {dagbag.py:538} INFO - Filling up the DagBag from /opt/airflow/dags/youtube_trending_dag.py
[2026-03-11T10:31:27.058+0000] {processor.py:840} INFO - DAG(s) 'youtube_trending_tracker' retrieved from /opt/airflow/dags/youtube_trending_dag.py
[2026-03-11T10:31:27.188+0000] {logging_mixin.py:188} INFO - [2026-03-11T10:31:27.188+0000] {dag.py:3033} INFO - Sync 1 DAGs
[2026-03-11T10:31:27.294+0000] {logging_mixin.py:188} INFO - [2026-03-11T10:31:27.294+0000] {dag.py:3820} INFO - Setting next_dagrun for youtube_trending_tracker to 2026-03-11T08:00:00+00:00, run_after=2026-03-11T10:00:00+00:00
[2026-03-11T10:31:27.362+0000] {processor.py:183} INFO - Processing /opt/airflow/dags/youtube_trending_dag.py took 0.360 seconds
[2026-03-11T10:31:57.952+0000] {processor.py:161} INFO - Started process (PID=570) to work on /opt/airflow/dags/youtube_trending_dag.py
[2026-03-11T10:31:57.955+0000] {processor.py:830} INFO - Processing file /opt/airflow/dags/youtube_trending_dag.py for tasks to queue
[2026-03-11T10:31:57.958+0000] {logging_mixin.py:188} INFO - [2026-03-11T10:31:57.957+0000] {dagbag.py:538} INFO - Filling up the DagBag from /opt/airflow/dags/youtube_trending_dag.py
[2026-03-11T10:31:58.009+0000] {processor.py:840} INFO - DAG(s) 'youtube_trending_tracker' retrieved from /opt/airflow/dags/youtube_trending_dag.py
[2026-03-11T10:31:58.109+0000] {logging_mixin.py:188} INFO - [2026-03-11T10:31:58.108+0000] {dag.py:3033} INFO - Sync 1 DAGs
[2026-03-11T10:31:58.208+0000] {logging_mixin.py:188} INFO - [2026-03-11T10:31:58.207+0000] {dag.py:3820} INFO - Setting next_dagrun for youtube_trending_tracker to 2026-03-11T08:00:00+00:00, run_after=2026-03-11T10:00:00+00:00
[2026-03-11T10:31:58.280+0000] {processor.py:183} INFO - Processing /opt/airflow/dags/youtube_trending_dag.py took 0.339 seconds
[2026-03-11T10:32:29.074+0000] {processor.py:161} INFO - Started process (PID=591) to work on /opt/airflow/dags/youtube_trending_dag.py
[2026-03-11T10:32:29.077+0000] {processor.py:830} INFO - Processing file /opt/airflow/dags/youtube_trending_dag.py for tasks to queue
[2026-03-11T10:32:29.079+0000] {logging_mixin.py:188} INFO - [2026-03-11T10:32:29.078+0000] {dagbag.py:538} INFO - Filling up the DagBag from /opt/airflow/dags/youtube_trending_dag.py
[2026-03-11T10:32:29.139+0000] {processor.py:840} INFO - DAG(s) 'youtube_trending_tracker' retrieved from /opt/airflow/dags/youtube_trending_dag.py
[2026-03-11T10:32:29.290+0000] {logging_mixin.py:188} INFO - [2026-03-11T10:32:29.289+0000] {dag.py:3033} INFO - Sync 1 DAGs
[2026-03-11T10:32:29.387+0000] {logging_mixin.py:188} INFO - [2026-03-11T10:32:29.386+0000] {dag.py:3820} INFO - Setting next_dagrun for youtube_trending_tracker to 2026-03-11T08:00:00+00:00, run_after=2026-03-11T10:00:00+00:00
[2026-03-11T10:32:29.440+0000] {processor.py:183} INFO - Processing /opt/airflow/dags/youtube_trending_dag.py took 0.378 seconds
[2026-03-11T10:32:59.878+0000] {processor.py:161} INFO - Started process (PID=612) to work on /opt/airflow/dags/youtube_trending_dag.py
[2026-03-11T10:32:59.895+0000] {processor.py:830} INFO - Processing file /opt/airflow/dags/youtube_trending_dag.py for tasks to queue
[2026-03-11T10:32:59.900+0000] {logging_mixin.py:188} INFO - [2026-03-11T10:32:59.899+0000] {dagbag.py:538} INFO - Filling up the DagBag from /opt/airflow/dags/youtube_trending_dag.py
[2026-03-11T10:32:59.951+0000] {processor.py:840} INFO - DAG(s) 'youtube_trending_tracker' retrieved from /opt/airflow/dags/youtube_trending_dag.py
[2026-03-11T10:33:00.033+0000] {logging_mixin.py:188} INFO - [2026-03-11T10:33:00.032+0000] {dag.py:3033} INFO - Sync 1 DAGs
[2026-03-11T10:33:00.093+0000] {logging_mixin.py:188} INFO - [2026-03-11T10:33:00.092+0000] {dag.py:3820} INFO - Setting next_dagrun for youtube_trending_tracker to 2026-03-11T08:00:00+00:00, run_after=2026-03-11T10:00:00+00:00
[2026-03-11T10:33:00.152+0000] {processor.py:183} INFO - Processing /opt/airflow/dags/youtube_trending_dag.py took 0.288 seconds
[2026-03-11T10:33:30.556+0000] {processor.py:161} INFO - Started process (PID=633) to work on /opt/airflow/dags/youtube_trending_dag.py
[2026-03-11T10:33:30.561+0000] {processor.py:830} INFO - Processing file /opt/airflow/dags/youtube_trending_dag.py for tasks to queue
[2026-03-11T10:33:30.563+0000] {logging_mixin.py:188} INFO - [2026-03-11T10:33:30.562+0000] {dagbag.py:538} INFO - Filling up the DagBag from /opt/airflow/dags/youtube_trending_dag.py
[2026-03-11T10:33:30.618+0000] {processor.py:840} INFO - DAG(s) 'youtube_trending_tracker' retrieved from /opt/airflow/dags/youtube_trending_dag.py
[2026-03-11T10:33:30.719+0000] {logging_mixin.py:188} INFO - [2026-03-11T10:33:30.719+0000] {dag.py:3033} INFO - Sync 1 DAGs
[2026-03-11T10:33:30.796+0000] {logging_mixin.py:188} INFO - [2026-03-11T10:33:30.796+0000] {dag.py:3820} INFO - Setting next_dagrun for youtube_trending_tracker to 2026-03-11T08:00:00+00:00, run_after=2026-03-11T10:00:00+00:00
[2026-03-11T10:33:30.878+0000] {processor.py:183} INFO - Processing /opt/airflow/dags/youtube_trending_dag.py took 0.331 seconds
[2026-03-11T10:34:01.081+0000] {processor.py:161} INFO - Started process (PID=654) to work on /opt/airflow/dags/youtube_trending_dag.py
[2026-03-11T10:34:01.085+0000] {processor.py:830} INFO - Processing file /opt/airflow/dags/youtube_trending_dag.py for tasks to queue
[2026-03-11T10:34:01.090+0000] {logging_mixin.py:188} INFO - [2026-03-11T10:34:01.088+0000] {dagbag.py:538} INFO - Filling up the DagBag from /opt/airflow/dags/youtube_trending_dag.py
[2026-03-11T10:34:01.153+0000] {processor.py:840} INFO - DAG(s) 'youtube_trending_tracker' retrieved from /opt/airflow/dags/youtube_trending_dag.py
[2026-03-11T10:34:01.265+0000] {logging_mixin.py:188} INFO - [2026-03-11T10:34:01.264+0000] {dag.py:3033} INFO - Sync 1 DAGs
[2026-03-11T10:34:01.362+0000] {logging_mixin.py:188} INFO - [2026-03-11T10:34:01.361+0000] {dag.py:3820} INFO - Setting next_dagrun for youtube_trending_tracker to 2026-03-11T08:00:00+00:00, run_after=2026-03-11T10:00:00+00:00
[2026-03-11T10:34:01.448+0000] {processor.py:183} INFO - Processing /opt/airflow/dags/youtube_trending_dag.py took 0.378 seconds
[2026-03-11T10:34:32.132+0000] {processor.py:161} INFO - Started process (PID=675) to work on /opt/airflow/dags/youtube_trending_dag.py
[2026-03-11T10:34:32.136+0000] {processor.py:830} INFO - Processing file /opt/airflow/dags/youtube_trending_dag.py for tasks to queue
[2026-03-11T10:34:32.138+0000] {logging_mixin.py:188} INFO - [2026-03-11T10:34:32.137+0000] {dagbag.py:538} INFO - Filling up the DagBag from /opt/airflow/dags/youtube_trending_dag.py
[2026-03-11T10:34:32.217+0000] {processor.py:840} INFO - DAG(s) 'youtube_trending_tracker' retrieved from /opt/airflow/dags/youtube_trending_dag.py
[2026-03-11T10:34:32.341+0000] {logging_mixin.py:188} INFO - [2026-03-11T10:34:32.341+0000] {dag.py:3033} INFO - Sync 1 DAGs
[2026-03-11T10:34:32.431+0000] {logging_mixin.py:188} INFO - [2026-03-11T10:34:32.430+0000] {dag.py:3820} INFO - Setting next_dagrun for youtube_trending_tracker to 2026-03-11T08:00:00+00:00, run_after=2026-03-11T10:00:00+00:00
[2026-03-11T10:34:32.505+0000] {processor.py:183} INFO - Processing /opt/airflow/dags/youtube_trending_dag.py took 0.384 seconds
[2026-03-11T10:35:02.710+0000] {processor.py:161} INFO - Started process (PID=696) to work on /opt/airflow/dags/youtube_trending_dag.py
[2026-03-11T10:35:02.715+0000] {processor.py:830} INFO - Processing file /opt/airflow/dags/youtube_trending_dag.py for tasks to queue
[2026-03-11T10:35:02.720+0000] {logging_mixin.py:188} INFO - [2026-03-11T10:35:02.718+0000] {dagbag.py:538} INFO - Filling up the DagBag from /opt/airflow/dags/youtube_trending_dag.py
[2026-03-11T10:35:02.778+0000] {processor.py:840} INFO - DAG(s) 'youtube_trending_tracker' retrieved from /opt/airflow/dags/youtube_trending_dag.py
[2026-03-11T10:35:02.884+0000] {logging_mixin.py:188} INFO - [2026-03-11T10:35:02.884+0000] {dag.py:3033} INFO - Sync 1 DAGs
[2026-03-11T10:35:02.973+0000] {logging_mixin.py:188} INFO - [2026-03-11T10:35:02.973+0000] {dag.py:3820} INFO - Setting next_dagrun for youtube_trending_tracker to 2026-03-11T08:00:00+00:00, run_after=2026-03-11T10:00:00+00:00
[2026-03-11T10:35:03.038+0000] {processor.py:183} INFO - Processing /opt/airflow/dags/youtube_trending_dag.py took 0.336 seconds
[2026-03-11T10:35:33.633+0000] {processor.py:161} INFO - Started process (PID=717) to work on /opt/airflow/dags/youtube_trending_dag.py
[2026-03-11T10:35:33.635+0000] {processor.py:830} INFO - Processing file /opt/airflow/dags/youtube_trending_dag.py for tasks to queue
[2026-03-11T10:35:33.638+0000] {logging_mixin.py:188} INFO - [2026-03-11T10:35:33.637+0000] {dagbag.py:538} INFO - Filling up the DagBag from /opt/airflow/dags/youtube_trending_dag.py
[2026-03-11T10:35:33.708+0000] {processor.py:840} INFO - DAG(s) 'youtube_trending_tracker' retrieved from /opt/airflow/dags/youtube_trending_dag.py
[2026-03-11T10:35:33.874+0000] {logging_mixin.py:188} INFO - [2026-03-11T10:35:33.873+0000] {dag.py:3033} INFO - Sync 1 DAGs
[2026-03-11T10:35:34.046+0000] {logging_mixin.py:188} INFO - [2026-03-11T10:35:34.045+0000] {dag.py:3820} INFO - Setting next_dagrun for youtube_trending_tracker to 2026-03-11T08:00:00+00:00, run_after=2026-03-11T10:00:00+00:00
[2026-03-11T10:35:34.197+0000] {processor.py:183} INFO - Processing /opt/airflow/dags/youtube_trending_dag.py took 0.576 seconds
[2026-03-11T10:36:04.436+0000] {processor.py:161} INFO - Started process (PID=738) to work on /opt/airflow/dags/youtube_trending_dag.py
[2026-03-11T10:36:04.441+0000] {processor.py:830} INFO - Processing file /opt/airflow/dags/youtube_trending_dag.py for tasks to queue
[2026-03-11T10:36:04.445+0000] {logging_mixin.py:188} INFO - [2026-03-11T10:36:04.443+0000] {dagbag.py:538} INFO - Filling up the DagBag from /opt/airflow/dags/youtube_trending_dag.py
[2026-03-11T10:36:04.537+0000] {processor.py:840} INFO - DAG(s) 'youtube_trending_tracker' retrieved from /opt/airflow/dags/youtube_trending_dag.py
[2026-03-11T10:36:04.694+0000] {logging_mixin.py:188} INFO - [2026-03-11T10:36:04.693+0000] {dag.py:3033} INFO - Sync 1 DAGs
[2026-03-11T10:36:04.800+0000] {logging_mixin.py:188} INFO - [2026-03-11T10:36:04.799+0000] {dag.py:3820} INFO - Setting next_dagrun for youtube_trending_tracker to 2026-03-11T08:00:00+00:00, run_after=2026-03-11T10:00:00+00:00
[2026-03-11T10:36:04.893+0000] {processor.py:183} INFO - Processing /opt/airflow/dags/youtube_trending_dag.py took 0.469 seconds
[2026-03-11T10:36:35.179+0000] {processor.py:161} INFO - Started process (PID=759) to work on /opt/airflow/dags/youtube_trending_dag.py
[2026-03-11T10:36:35.181+0000] {processor.py:830} INFO - Processing file /opt/airflow/dags/youtube_trending_dag.py for tasks to queue
[2026-03-11T10:36:35.185+0000] {logging_mixin.py:188} INFO - [2026-03-11T10:36:35.183+0000] {dagbag.py:538} INFO - Filling up the DagBag from /opt/airflow/dags/youtube_trending_dag.py
[2026-03-11T10:36:35.280+0000] {processor.py:840} INFO - DAG(s) 'youtube_trending_tracker' retrieved from /opt/airflow/dags/youtube_trending_dag.py
[2026-03-11T10:36:35.396+0000] {logging_mixin.py:188} INFO - [2026-03-11T10:36:35.395+0000] {dag.py:3033} INFO - Sync 1 DAGs
[2026-03-11T10:36:35.515+0000] {logging_mixin.py:188} INFO - [2026-03-11T10:36:35.514+0000] {dag.py:3820} INFO - Setting next_dagrun for youtube_trending_tracker to 2026-03-11T08:00:00+00:00, run_after=2026-03-11T10:00:00+00:00
[2026-03-11T10:36:35.598+0000] {processor.py:183} INFO - Processing /opt/airflow/dags/youtube_trending_dag.py took 0.433 seconds
[2026-03-11T10:37:06.201+0000] {processor.py:161} INFO - Started process (PID=780) to work on /opt/airflow/dags/youtube_trending_dag.py
[2026-03-11T10:37:06.204+0000] {processor.py:830} INFO - Processing file /opt/airflow/dags/youtube_trending_dag.py for tasks to queue
[2026-03-11T10:37:06.207+0000] {logging_mixin.py:188} INFO - [2026-03-11T10:37:06.205+0000] {dagbag.py:538} INFO - Filling up the DagBag from /opt/airflow/dags/youtube_trending_dag.py
[2026-03-11T10:37:06.262+0000] {processor.py:840} INFO - DAG(s) 'youtube_trending_tracker' retrieved from /opt/airflow/dags/youtube_trending_dag.py
[2026-03-11T10:37:06.417+0000] {logging_mixin.py:188} INFO - [2026-03-11T10:37:06.416+0000] {dag.py:3033} INFO - Sync 1 DAGs
[2026-03-11T10:37:06.499+0000] {logging_mixin.py:188} INFO - [2026-03-11T10:37:06.499+0000] {dag.py:3820} INFO - Setting next_dagrun for youtube_trending_tracker to 2026-03-11T08:00:00+00:00, run_after=2026-03-11T10:00:00+00:00
[2026-03-11T10:37:06.579+0000] {processor.py:183} INFO - Processing /opt/airflow/dags/youtube_trending_dag.py took 0.387 seconds
[2026-03-11T10:37:37.082+0000] {processor.py:161} INFO - Started process (PID=801) to work on /opt/airflow/dags/youtube_trending_dag.py
[2026-03-11T10:37:37.086+0000] {processor.py:830} INFO - Processing file /opt/airflow/dags/youtube_trending_dag.py for tasks to queue
[2026-03-11T10:37:37.092+0000] {logging_mixin.py:188} INFO - [2026-03-11T10:37:37.091+0000] {dagbag.py:538} INFO - Filling up the DagBag from /opt/airflow/dags/youtube_trending_dag.py
[2026-03-11T10:37:37.165+0000] {processor.py:840} INFO - DAG(s) 'youtube_trending_tracker' retrieved from /opt/airflow/dags/youtube_trending_dag.py
[2026-03-11T10:37:37.279+0000] {logging_mixin.py:188} INFO - [2026-03-11T10:37:37.279+0000] {dag.py:3033} INFO - Sync 1 DAGs
[2026-03-11T10:37:37.379+0000] {logging_mixin.py:188} INFO - [2026-03-11T10:37:37.378+0000] {dag.py:3820} INFO - Setting next_dagrun for youtube_trending_tracker to 2026-03-11T08:00:00+00:00, run_after=2026-03-11T10:00:00+00:00
[2026-03-11T10:37:37.453+0000] {processor.py:183} INFO - Processing /opt/airflow/dags/youtube_trending_dag.py took 0.387 seconds
[2026-03-11T10:38:08.363+0000] {processor.py:161} INFO - Started process (PID=822) to work on /opt/airflow/dags/youtube_trending_dag.py
[2026-03-11T10:38:08.366+0000] {processor.py:830} INFO - Processing file /opt/airflow/dags/youtube_trending_dag.py for tasks to queue
[2026-03-11T10:38:08.369+0000] {logging_mixin.py:188} INFO - [2026-03-11T10:38:08.368+0000] {dagbag.py:538} INFO - Filling up the DagBag from /opt/airflow/dags/youtube_trending_dag.py
[2026-03-11T10:38:08.446+0000] {processor.py:840} INFO - DAG(s) 'youtube_trending_tracker' retrieved from /opt/airflow/dags/youtube_trending_dag.py
[2026-03-11T10:38:08.605+0000] {logging_mixin.py:188} INFO - [2026-03-11T10:38:08.605+0000] {dag.py:3033} INFO - Sync 1 DAGs
[2026-03-11T10:38:08.739+0000] {logging_mixin.py:188} INFO - [2026-03-11T10:38:08.738+0000] {dag.py:3820} INFO - Setting next_dagrun for youtube_trending_tracker to 2026-03-11T08:00:00+00:00, run_after=2026-03-11T10:00:00+00:00
[2026-03-11T10:38:08.834+0000] {processor.py:183} INFO - Processing /opt/airflow/dags/youtube_trending_dag.py took 0.482 seconds
[2026-03-11T10:38:39.267+0000] {processor.py:161} INFO - Started process (PID=837) to work on /opt/airflow/dags/youtube_trending_dag.py
[2026-03-11T10:38:39.272+0000] {processor.py:830} INFO - Processing file /opt/airflow/dags/youtube_trending_dag.py for tasks to queue
[2026-03-11T10:38:39.278+0000] {logging_mixin.py:188} INFO - [2026-03-11T10:38:39.277+0000] {dagbag.py:538} INFO - Filling up the DagBag from /opt/airflow/dags/youtube_trending_dag.py
[2026-03-11T10:38:39.370+0000] {processor.py:840} INFO - DAG(s) 'youtube_trending_tracker' retrieved from /opt/airflow/dags/youtube_trending_dag.py
[2026-03-11T10:38:39.496+0000] {logging_mixin.py:188} INFO - [2026-03-11T10:38:39.496+0000] {dag.py:3033} INFO - Sync 1 DAGs
[2026-03-11T10:38:39.610+0000] {logging_mixin.py:188} INFO - [2026-03-11T10:38:39.610+0000] {dag.py:3820} INFO - Setting next_dagrun for youtube_trending_tracker to 2026-03-11T08:00:00+00:00, run_after=2026-03-11T10:00:00+00:00
[2026-03-11T10:38:39.680+0000] {processor.py:183} INFO - Processing /opt/airflow/dags/youtube_trending_dag.py took 0.427 seconds
[2026-03-11T10:39:10.168+0000] {processor.py:161} INFO - Started process (PID=860) to work on /opt/airflow/dags/youtube_trending_dag.py
[2026-03-11T10:39:10.170+0000] {processor.py:830} INFO - Processing file /opt/airflow/dags/youtube_trending_dag.py for tasks to queue
[2026-03-11T10:39:10.173+0000] {logging_mixin.py:188} INFO - [2026-03-11T10:39:10.172+0000] {dagbag.py:538} INFO - Filling up the DagBag from /opt/airflow/dags/youtube_trending_dag.py
[2026-03-11T10:39:10.223+0000] {processor.py:840} INFO - DAG(s) 'youtube_trending_tracker' retrieved from /opt/airflow/dags/youtube_trending_dag.py
[2026-03-11T10:39:10.319+0000] {logging_mixin.py:188} INFO - [2026-03-11T10:39:10.319+0000] {dag.py:3033} INFO - Sync 1 DAGs
[2026-03-11T10:39:10.410+0000] {logging_mixin.py:188} INFO - [2026-03-11T10:39:10.410+0000] {dag.py:3820} INFO - Setting next_dagrun for youtube_trending_tracker to 2026-03-11T08:00:00+00:00, run_after=2026-03-11T10:00:00+00:00
[2026-03-11T10:39:10.489+0000] {processor.py:183} INFO - Processing /opt/airflow/dags/youtube_trending_dag.py took 0.330 seconds
[2026-03-11T10:39:41.152+0000] {processor.py:161} INFO - Started process (PID=879) to work on /opt/airflow/dags/youtube_trending_dag.py
[2026-03-11T10:39:41.156+0000] {processor.py:830} INFO - Processing file /opt/airflow/dags/youtube_trending_dag.py for tasks to queue
[2026-03-11T10:39:41.160+0000] {logging_mixin.py:188} INFO - [2026-03-11T10:39:41.159+0000] {dagbag.py:538} INFO - Filling up the DagBag from /opt/airflow/dags/youtube_trending_dag.py
[2026-03-11T10:39:41.253+0000] {processor.py:840} INFO - DAG(s) 'youtube_trending_tracker' retrieved from /opt/airflow/dags/youtube_trending_dag.py
[2026-03-11T10:39:41.450+0000] {logging_mixin.py:188} INFO - [2026-03-11T10:39:41.449+0000] {dag.py:3033} INFO - Sync 1 DAGs
[2026-03-11T10:39:41.582+0000] {logging_mixin.py:188} INFO - [2026-03-11T10:39:41.581+0000] {dag.py:3820} INFO - Setting next_dagrun for youtube_trending_tracker to 2026-03-11T08:00:00+00:00, run_after=2026-03-11T10:00:00+00:00
[2026-03-11T10:39:41.707+0000] {processor.py:183} INFO - Processing /opt/airflow/dags/youtube_trending_dag.py took 0.570 seconds
[2026-03-11T10:40:12.314+0000] {processor.py:161} INFO - Started process (PID=900) to work on /opt/airflow/dags/youtube_trending_dag.py
[2026-03-11T10:40:12.317+0000] {processor.py:830} INFO - Processing file /opt/airflow/dags/youtube_trending_dag.py for tasks to queue
[2026-03-11T10:40:12.325+0000] {logging_mixin.py:188} INFO - [2026-03-11T10:40:12.323+0000] {dagbag.py:538} INFO - Filling up the DagBag from /opt/airflow/dags/youtube_trending_dag.py
[2026-03-11T10:40:12.421+0000] {processor.py:840} INFO - DAG(s) 'youtube_trending_tracker' retrieved from /opt/airflow/dags/youtube_trending_dag.py
[2026-03-11T10:40:12.611+0000] {logging_mixin.py:188} INFO - [2026-03-11T10:40:12.610+0000] {dag.py:3033} INFO - Sync 1 DAGs
[2026-03-11T10:40:12.813+0000] {logging_mixin.py:188} INFO - [2026-03-11T10:40:12.811+0000] {dag.py:3820} INFO - Setting next_dagrun for youtube_trending_tracker to 2026-03-11T08:00:00+00:00, run_after=2026-03-11T10:00:00+00:00
[2026-03-11T10:40:12.928+0000] {processor.py:183} INFO - Processing /opt/airflow/dags/youtube_trending_dag.py took 0.636 seconds
[2026-03-11T10:40:43.955+0000] {processor.py:161} INFO - Started process (PID=921) to work on /opt/airflow/dags/youtube_trending_dag.py
[2026-03-11T10:40:43.956+0000] {processor.py:830} INFO - Processing file /opt/airflow/dags/youtube_trending_dag.py for tasks to queue
[2026-03-11T10:40:43.960+0000] {logging_mixin.py:188} INFO - [2026-03-11T10:40:43.959+0000] {dagbag.py:538} INFO - Filling up the DagBag from /opt/airflow/dags/youtube_trending_dag.py
[2026-03-11T10:40:44.029+0000] {processor.py:840} INFO - DAG(s) 'youtube_trending_tracker' retrieved from /opt/airflow/dags/youtube_trending_dag.py
[2026-03-11T10:40:44.132+0000] {logging_mixin.py:188} INFO - [2026-03-11T10:40:44.132+0000] {dag.py:3033} INFO - Sync 1 DAGs
[2026-03-11T10:40:44.205+0000] {logging_mixin.py:188} INFO - [2026-03-11T10:40:44.205+0000] {dag.py:3820} INFO - Setting next_dagrun for youtube_trending_tracker to 2026-03-11T08:00:00+00:00, run_after=2026-03-11T10:00:00+00:00
[2026-03-11T10:40:44.279+0000] {processor.py:183} INFO - Processing /opt/airflow/dags/youtube_trending_dag.py took 0.334 seconds
[2026-03-11T10:41:14.433+0000] {processor.py:161} INFO - Started process (PID=942) to work on /opt/airflow/dags/youtube_trending_dag.py
[2026-03-11T10:41:14.435+0000] {processor.py:830} INFO - Processing file /opt/airflow/dags/youtube_trending_dag.py for tasks to queue
[2026-03-11T10:41:14.439+0000] {logging_mixin.py:188} INFO - [2026-03-11T10:41:14.437+0000] {dagbag.py:538} INFO - Filling up the DagBag from /opt/airflow/dags/youtube_trending_dag.py
[2026-03-11T10:41:14.508+0000] {processor.py:840} INFO - DAG(s) 'youtube_trending_tracker' retrieved from /opt/airflow/dags/youtube_trending_dag.py
[2026-03-11T10:41:14.636+0000] {logging_mixin.py:188} INFO - [2026-03-11T10:41:14.635+0000] {dag.py:3033} INFO - Sync 1 DAGs
[2026-03-11T10:41:14.735+0000] {logging_mixin.py:188} INFO - [2026-03-11T10:41:14.735+0000] {dag.py:3820} INFO - Setting next_dagrun for youtube_trending_tracker to 2026-03-11T08:00:00+00:00, run_after=2026-03-11T10:00:00+00:00
[2026-03-11T10:41:14.811+0000] {processor.py:183} INFO - Processing /opt/airflow/dags/youtube_trending_dag.py took 0.385 seconds
[2026-03-11T10:41:45.224+0000] {processor.py:161} INFO - Started process (PID=963) to work on /opt/airflow/dags/youtube_trending_dag.py
[2026-03-11T10:41:45.230+0000] {processor.py:830} INFO - Processing file /opt/airflow/dags/youtube_trending_dag.py for tasks to queue
[2026-03-11T10:41:45.233+0000] {logging_mixin.py:188} INFO - [2026-03-11T10:41:45.232+0000] {dagbag.py:538} INFO - Filling up the DagBag from /opt/airflow/dags/youtube_trending_dag.py
[2026-03-11T10:41:45.336+0000] {processor.py:840} INFO - DAG(s) 'youtube_trending_tracker' retrieved from /opt/airflow/dags/youtube_trending_dag.py
[2026-03-11T10:41:45.557+0000] {logging_mixin.py:188} INFO - [2026-03-11T10:41:45.556+0000] {dag.py:3033} INFO - Sync 1 DAGs
[2026-03-11T10:41:45.710+0000] {logging_mixin.py:188} INFO - [2026-03-11T10:41:45.709+0000] {dag.py:3820} INFO - Setting next_dagrun for youtube_trending_tracker to 2026-03-11T08:00:00+00:00, run_after=2026-03-11T10:00:00+00:00
[2026-03-11T10:41:45.814+0000] {processor.py:183} INFO - Processing /opt/airflow/dags/youtube_trending_dag.py took 0.610 seconds
[2026-03-11T10:42:16.521+0000] {processor.py:161} INFO - Started process (PID=984) to work on /opt/airflow/dags/youtube_trending_dag.py
[2026-03-11T10:42:16.525+0000] {processor.py:830} INFO - Processing file /opt/airflow/dags/youtube_trending_dag.py for tasks to queue
[2026-03-11T10:42:16.529+0000] {logging_mixin.py:188} INFO - [2026-03-11T10:42:16.527+0000] {dagbag.py:538} INFO - Filling up the DagBag from /opt/airflow/dags/youtube_trending_dag.py
[2026-03-11T10:42:16.611+0000] {processor.py:840} INFO - DAG(s) 'youtube_trending_tracker' retrieved from /opt/airflow/dags/youtube_trending_dag.py
[2026-03-11T10:42:16.756+0000] {logging_mixin.py:188} INFO - [2026-03-11T10:42:16.755+0000] {dag.py:3033} INFO - Sync 1 DAGs
[2026-03-11T10:42:16.877+0000] {logging_mixin.py:188} INFO - [2026-03-11T10:42:16.873+0000] {dag.py:3820} INFO - Setting next_dagrun for youtube_trending_tracker to 2026-03-11T08:00:00+00:00, run_after=2026-03-11T10:00:00+00:00
[2026-03-11T10:42:16.960+0000] {processor.py:183} INFO - Processing /opt/airflow/dags/youtube_trending_dag.py took 0.460 seconds
[2026-03-11T10:42:47.331+0000] {processor.py:161} INFO - Started process (PID=1005) to work on /opt/airflow/dags/youtube_trending_dag.py
[2026-03-11T10:42:47.334+0000] {processor.py:830} INFO - Processing file /opt/airflow/dags/youtube_trending_dag.py for tasks to queue
[2026-03-11T10:42:47.337+0000] {logging_mixin.py:188} INFO - [2026-03-11T10:42:47.336+0000] {dagbag.py:538} INFO - Filling up the DagBag from /opt/airflow/dags/youtube_trending_dag.py
[2026-03-11T10:42:47.399+0000] {processor.py:840} INFO - DAG(s) 'youtube_trending_tracker' retrieved from /opt/airflow/dags/youtube_trending_dag.py
[2026-03-11T10:42:47.509+0000] {logging_mixin.py:188} INFO - [2026-03-11T10:42:47.508+0000] {dag.py:3033} INFO - Sync 1 DAGs
[2026-03-11T10:42:47.606+0000] {logging_mixin.py:188} INFO - [2026-03-11T10:42:47.605+0000] {dag.py:3820} INFO - Setting next_dagrun for youtube_trending_tracker to 2026-03-11T08:00:00+00:00, run_after=2026-03-11T10:00:00+00:00
[2026-03-11T10:42:47.691+0000] {processor.py:183} INFO - Processing /opt/airflow/dags/youtube_trending_dag.py took 0.368 seconds
[2026-03-11T10:43:18.087+0000] {processor.py:161} INFO - Started process (PID=1026) to work on /opt/airflow/dags/youtube_trending_dag.py
[2026-03-11T10:43:18.089+0000] {processor.py:830} INFO - Processing file /opt/airflow/dags/youtube_trending_dag.py for tasks to queue
[2026-03-11T10:43:18.095+0000] {logging_mixin.py:188} INFO - [2026-03-11T10:43:18.093+0000] {dagbag.py:538} INFO - Filling up the DagBag from /opt/airflow/dags/youtube_trending_dag.py
[2026-03-11T10:43:18.172+0000] {processor.py:840} INFO - DAG(s) 'youtube_trending_tracker' retrieved from /opt/airflow/dags/youtube_trending_dag.py
[2026-03-11T10:43:18.307+0000] {logging_mixin.py:188} INFO - [2026-03-11T10:43:18.307+0000] {dag.py:3033} INFO - Sync 1 DAGs
[2026-03-11T10:43:18.487+0000] {logging_mixin.py:188} INFO - [2026-03-11T10:43:18.486+0000] {dag.py:3820} INFO - Setting next_dagrun for youtube_trending_tracker to 2026-03-11T08:00:00+00:00, run_after=2026-03-11T10:00:00+00:00
[2026-03-11T10:43:18.607+0000] {processor.py:183} INFO - Processing /opt/airflow/dags/youtube_trending_dag.py took 0.531 seconds
[2026-03-11T10:43:49.310+0000] {processor.py:161} INFO - Started process (PID=1047) to work on /opt/airflow/dags/youtube_trending_dag.py
[2026-03-11T10:43:49.317+0000] {processor.py:830} INFO - Processing file /opt/airflow/dags/youtube_trending_dag.py for tasks to queue
[2026-03-11T10:43:49.326+0000] {logging_mixin.py:188} INFO - [2026-03-11T10:43:49.321+0000] {dagbag.py:538} INFO - Filling up the DagBag from /opt/airflow/dags/youtube_trending_dag.py
[2026-03-11T10:43:49.465+0000] {processor.py:840} INFO - DAG(s) 'youtube_trending_tracker' retrieved from /opt/airflow/dags/youtube_trending_dag.py
[2026-03-11T10:43:49.646+0000] {logging_mixin.py:188} INFO - [2026-03-11T10:43:49.645+0000] {dag.py:3033} INFO - Sync 1 DAGs
[2026-03-11T10:43:49.793+0000] {logging_mixin.py:188} INFO - [2026-03-11T10:43:49.792+0000] {dag.py:3820} INFO - Setting next_dagrun for youtube_trending_tracker to 2026-03-11T08:00:00+00:00, run_after=2026-03-11T10:00:00+00:00
[2026-03-11T10:43:49.907+0000] {processor.py:183} INFO - Processing /opt/airflow/dags/youtube_trending_dag.py took 0.625 seconds
[2026-03-11T10:44:20.272+0000] {processor.py:161} INFO - Started process (PID=1068) to work on /opt/airflow/dags/youtube_trending_dag.py
[2026-03-11T10:44:20.276+0000] {processor.py:830} INFO - Processing file /opt/airflow/dags/youtube_trending_dag.py for tasks to queue
[2026-03-11T10:44:20.282+0000] {logging_mixin.py:188} INFO - [2026-03-11T10:44:20.280+0000] {dagbag.py:538} INFO - Filling up the DagBag from /opt/airflow/dags/youtube_trending_dag.py
[2026-03-11T10:44:20.386+0000] {processor.py:840} INFO - DAG(s) 'youtube_trending_tracker' retrieved from /opt/airflow/dags/youtube_trending_dag.py
[2026-03-11T10:44:20.587+0000] {logging_mixin.py:188} INFO - [2026-03-11T10:44:20.586+0000] {dag.py:3033} INFO - Sync 1 DAGs
[2026-03-11T10:44:20.786+0000] {logging_mixin.py:188} INFO - [2026-03-11T10:44:20.785+0000] {dag.py:3820} INFO - Setting next_dagrun for youtube_trending_tracker to 2026-03-11T08:00:00+00:00, run_after=2026-03-11T10:00:00+00:00
[2026-03-11T10:44:20.889+0000] {processor.py:183} INFO - Processing /opt/airflow/dags/youtube_trending_dag.py took 0.634 seconds
[2026-03-11T10:44:51.387+0000] {processor.py:161} INFO - Started process (PID=1089) to work on /opt/airflow/dags/youtube_trending_dag.py
[2026-03-11T10:44:51.391+0000] {processor.py:830} INFO - Processing file /opt/airflow/dags/youtube_trending_dag.py for tasks to queue
[2026-03-11T10:44:51.396+0000] {logging_mixin.py:188} INFO - [2026-03-11T10:44:51.394+0000] {dagbag.py:538} INFO - Filling up the DagBag from /opt/airflow/dags/youtube_trending_dag.py
[2026-03-11T10:44:51.470+0000] {processor.py:840} INFO - DAG(s) 'youtube_trending_tracker' retrieved from /opt/airflow/dags/youtube_trending_dag.py
[2026-03-11T10:44:51.632+0000] {logging_mixin.py:188} INFO - [2026-03-11T10:44:51.631+0000] {dag.py:3033} INFO - Sync 1 DAGs
[2026-03-11T10:44:51.826+0000] {logging_mixin.py:188} INFO - [2026-03-11T10:44:51.825+0000] {dag.py:3820} INFO - Setting next_dagrun for youtube_trending_tracker to 2026-03-11T08:00:00+00:00, run_after=2026-03-11T10:00:00+00:00
[2026-03-11T10:44:51.933+0000] {processor.py:183} INFO - Processing /opt/airflow/dags/youtube_trending_dag.py took 0.563 seconds
[2026-03-11T10:45:22.785+0000] {processor.py:161} INFO - Started process (PID=1110) to work on /opt/airflow/dags/youtube_trending_dag.py
[2026-03-11T10:45:22.791+0000] {processor.py:830} INFO - Processing file /opt/airflow/dags/youtube_trending_dag.py for tasks to queue
[2026-03-11T10:45:22.796+0000] {logging_mixin.py:188} INFO - [2026-03-11T10:45:22.795+0000] {dagbag.py:538} INFO - Filling up the DagBag from /opt/airflow/dags/youtube_trending_dag.py
[2026-03-11T10:45:22.912+0000] {processor.py:840} INFO - DAG(s) 'youtube_trending_tracker' retrieved from /opt/airflow/dags/youtube_trending_dag.py
[2026-03-11T10:45:23.139+0000] {logging_mixin.py:188} INFO - [2026-03-11T10:45:23.138+0000] {dag.py:3033} INFO - Sync 1 DAGs
[2026-03-11T10:45:23.344+0000] {logging_mixin.py:188} INFO - [2026-03-11T10:45:23.343+0000] {dag.py:3820} INFO - Setting next_dagrun for youtube_trending_tracker to 2026-03-11T08:00:00+00:00, run_after=2026-03-11T10:00:00+00:00
[2026-03-11T10:45:23.499+0000] {processor.py:183} INFO - Processing /opt/airflow/dags/youtube_trending_dag.py took 0.735 seconds
[2026-03-11T10:45:53.985+0000] {processor.py:161} INFO - Started process (PID=1131) to work on /opt/airflow/dags/youtube_trending_dag.py
[2026-03-11T10:45:53.987+0000] {processor.py:830} INFO - Processing file /opt/airflow/dags/youtube_trending_dag.py for tasks to queue
[2026-03-11T10:45:53.993+0000] {logging_mixin.py:188} INFO - [2026-03-11T10:45:53.990+0000] {dagbag.py:538} INFO - Filling up the DagBag from /opt/airflow/dags/youtube_trending_dag.py
[2026-03-11T10:45:54.075+0000] {processor.py:840} INFO - DAG(s) 'youtube_trending_tracker' retrieved from /opt/airflow/dags/youtube_trending_dag.py
[2026-03-11T10:45:54.268+0000] {logging_mixin.py:188} INFO - [2026-03-11T10:45:54.268+0000] {dag.py:3033} INFO - Sync 1 DAGs
[2026-03-11T10:45:54.438+0000] {logging_mixin.py:188} INFO - [2026-03-11T10:45:54.438+0000] {dag.py:3820} INFO - Setting next_dagrun for youtube_trending_tracker to 2026-03-11T08:00:00+00:00, run_after=2026-03-11T10:00:00+00:00
[2026-03-11T10:45:54.567+0000] {processor.py:183} INFO - Processing /opt/airflow/dags/youtube_trending_dag.py took 0.593 seconds
[2026-03-11T10:46:24.871+0000] {processor.py:161} INFO - Started process (PID=1152) to work on /opt/airflow/dags/youtube_trending_dag.py
[2026-03-11T10:46:24.875+0000] {processor.py:830} INFO - Processing file /opt/airflow/dags/youtube_trending_dag.py for tasks to queue
[2026-03-11T10:46:24.878+0000] {logging_mixin.py:188} INFO - [2026-03-11T10:46:24.877+0000] {dagbag.py:538} INFO - Filling up the DagBag from /opt/airflow/dags/youtube_trending_dag.py
[2026-03-11T10:46:24.936+0000] {processor.py:840} INFO - DAG(s) 'youtube_trending_tracker' retrieved from /opt/airflow/dags/youtube_trending_dag.py
[2026-03-11T10:46:25.068+0000] {logging_mixin.py:188} INFO - [2026-03-11T10:46:25.067+0000] {dag.py:3033} INFO - Sync 1 DAGs
[2026-03-11T10:46:25.187+0000] {logging_mixin.py:188} INFO - [2026-03-11T10:46:25.186+0000] {dag.py:3820} INFO - Setting next_dagrun for youtube_trending_tracker to 2026-03-11T08:00:00+00:00, run_after=2026-03-11T10:00:00+00:00
[2026-03-11T10:46:25.265+0000] {processor.py:183} INFO - Processing /opt/airflow/dags/youtube_trending_dag.py took 0.407 seconds
[2026-03-11T10:46:55.681+0000] {processor.py:161} INFO - Started process (PID=1173) to work on /opt/airflow/dags/youtube_trending_dag.py
[2026-03-11T10:46:55.684+0000] {processor.py:830} INFO - Processing file /opt/airflow/dags/youtube_trending_dag.py for tasks to queue
[2026-03-11T10:46:55.688+0000] {logging_mixin.py:188} INFO - [2026-03-11T10:46:55.686+0000] {dagbag.py:538} INFO - Filling up the DagBag from /opt/airflow/dags/youtube_trending_dag.py
[2026-03-11T10:46:55.767+0000] {processor.py:840} INFO - DAG(s) 'youtube_trending_tracker' retrieved from /opt/airflow/dags/youtube_trending_dag.py
[2026-03-11T10:46:55.903+0000] {logging_mixin.py:188} INFO - [2026-03-11T10:46:55.903+0000] {dag.py:3033} INFO - Sync 1 DAGs
[2026-03-11T10:46:55.994+0000] {logging_mixin.py:188} INFO - [2026-03-11T10:46:55.993+0000] {dag.py:3820} INFO - Setting next_dagrun for youtube_trending_tracker to 2026-03-11T08:00:00+00:00, run_after=2026-03-11T10:00:00+00:00
[2026-03-11T10:46:56.078+0000] {processor.py:183} INFO - Processing /opt/airflow/dags/youtube_trending_dag.py took 0.411 seconds
[2026-03-11T10:47:26.625+0000] {processor.py:161} INFO - Started process (PID=1194) to work on /opt/airflow/dags/youtube_trending_dag.py
[2026-03-11T10:47:26.628+0000] {processor.py:830} INFO - Processing file /opt/airflow/dags/youtube_trending_dag.py for tasks to queue
[2026-03-11T10:47:26.631+0000] {logging_mixin.py:188} INFO - [2026-03-11T10:47:26.630+0000] {dagbag.py:538} INFO - Filling up the DagBag from /opt/airflow/dags/youtube_trending_dag.py
[2026-03-11T10:47:26.716+0000] {processor.py:840} INFO - DAG(s) 'youtube_trending_tracker' retrieved from /opt/airflow/dags/youtube_trending_dag.py
[2026-03-11T10:47:26.851+0000] {logging_mixin.py:188} INFO - [2026-03-11T10:47:26.849+0000] {dag.py:3033} INFO - Sync 1 DAGs
[2026-03-11T10:47:26.952+0000] {logging_mixin.py:188} INFO - [2026-03-11T10:47:26.951+0000] {dag.py:3820} INFO - Setting next_dagrun for youtube_trending_tracker to 2026-03-11T08:00:00+00:00, run_after=2026-03-11T10:00:00+00:00
[2026-03-11T10:47:27.125+0000] {processor.py:183} INFO - Processing /opt/airflow/dags/youtube_trending_dag.py took 0.510 seconds
[2026-03-11T10:47:57.535+0000] {processor.py:161} INFO - Started process (PID=1215) to work on /opt/airflow/dags/youtube_trending_dag.py
[2026-03-11T10:47:57.538+0000] {processor.py:830} INFO - Processing file /opt/airflow/dags/youtube_trending_dag.py for tasks to queue
[2026-03-11T10:47:57.543+0000] {logging_mixin.py:188} INFO - [2026-03-11T10:47:57.541+0000] {dagbag.py:538} INFO - Filling up the DagBag from /opt/airflow/dags/youtube_trending_dag.py
[2026-03-11T10:47:57.610+0000] {processor.py:840} INFO - DAG(s) 'youtube_trending_tracker' retrieved from /opt/airflow/dags/youtube_trending_dag.py
[2026-03-11T10:47:57.782+0000] {logging_mixin.py:188} INFO - [2026-03-11T10:47:57.782+0000] {dag.py:3033} INFO - Sync 1 DAGs
[2026-03-11T10:47:57.899+0000] {logging_mixin.py:188} INFO - [2026-03-11T10:47:57.899+0000] {dag.py:3820} INFO - Setting next_dagrun for youtube_trending_tracker to 2026-03-11T08:00:00+00:00, run_after=2026-03-11T10:00:00+00:00
[2026-03-11T10:47:57.991+0000] {processor.py:183} INFO - Processing /opt/airflow/dags/youtube_trending_dag.py took 0.470 seconds
[2026-03-11T10:48:28.573+0000] {processor.py:161} INFO - Started process (PID=1236) to work on /opt/airflow/dags/youtube_trending_dag.py
[2026-03-11T10:48:28.577+0000] {processor.py:830} INFO - Processing file /opt/airflow/dags/youtube_trending_dag.py for tasks to queue
[2026-03-11T10:48:28.581+0000] {logging_mixin.py:188} INFO - [2026-03-11T10:48:28.580+0000] {dagbag.py:538} INFO - Filling up the DagBag from /opt/airflow/dags/youtube_trending_dag.py
[2026-03-11T10:48:28.651+0000] {processor.py:840} INFO - DAG(s) 'youtube_trending_tracker' retrieved from /opt/airflow/dags/youtube_trending_dag.py
[2026-03-11T10:48:28.751+0000] {logging_mixin.py:188} INFO - [2026-03-11T10:48:28.751+0000] {dag.py:3033} INFO - Sync 1 DAGs
[2026-03-11T10:48:28.856+0000] {logging_mixin.py:188} INFO - [2026-03-11T10:48:28.855+0000] {dag.py:3820} INFO - Setting next_dagrun for youtube_trending_tracker to 2026-03-11T08:00:00+00:00, run_after=2026-03-11T10:00:00+00:00
[2026-03-11T10:48:28.976+0000] {processor.py:183} INFO - Processing /opt/airflow/dags/youtube_trending_dag.py took 0.415 seconds
[2026-03-11T10:48:59.902+0000] {processor.py:161} INFO - Started process (PID=1257) to work on /opt/airflow/dags/youtube_trending_dag.py
[2026-03-11T10:48:59.904+0000] {processor.py:830} INFO - Processing file /opt/airflow/dags/youtube_trending_dag.py for tasks to queue
[2026-03-11T10:48:59.910+0000] {logging_mixin.py:188} INFO - [2026-03-11T10:48:59.908+0000] {dagbag.py:538} INFO - Filling up the DagBag from /opt/airflow/dags/youtube_trending_dag.py
[2026-03-11T10:48:59.975+0000] {processor.py:840} INFO - DAG(s) 'youtube_trending_tracker' retrieved from /opt/airflow/dags/youtube_trending_dag.py
[2026-03-11T10:49:00.094+0000] {logging_mixin.py:188} INFO - [2026-03-11T10:49:00.093+0000] {dag.py:3033} INFO - Sync 1 DAGs
[2026-03-11T10:49:00.171+0000] {logging_mixin.py:188} INFO - [2026-03-11T10:49:00.170+0000] {dag.py:3820} INFO - Setting next_dagrun for youtube_trending_tracker to 2026-03-11T08:00:00+00:00, run_after=2026-03-11T10:00:00+00:00
[2026-03-11T10:49:00.237+0000] {processor.py:183} INFO - Processing /opt/airflow/dags/youtube_trending_dag.py took 0.346 seconds
[2026-03-11T10:49:30.646+0000] {processor.py:161} INFO - Started process (PID=1272) to work on /opt/airflow/dags/youtube_trending_dag.py
[2026-03-11T10:49:30.649+0000] {processor.py:830} INFO - Processing file /opt/airflow/dags/youtube_trending_dag.py for tasks to queue
[2026-03-11T10:49:30.653+0000] {logging_mixin.py:188} INFO - [2026-03-11T10:49:30.652+0000] {dagbag.py:538} INFO - Filling up the DagBag from /opt/airflow/dags/youtube_trending_dag.py
[2026-03-11T10:49:30.740+0000] {processor.py:840} INFO - DAG(s) 'youtube_trending_tracker' retrieved from /opt/airflow/dags/youtube_trending_dag.py
[2026-03-11T10:49:30.895+0000] {logging_mixin.py:188} INFO - [2026-03-11T10:49:30.894+0000] {dag.py:3033} INFO - Sync 1 DAGs
[2026-03-11T10:49:31.022+0000] {logging_mixin.py:188} INFO - [2026-03-11T10:49:31.018+0000] {dag.py:3820} INFO - Setting next_dagrun for youtube_trending_tracker to 2026-03-11T08:00:00+00:00, run_after=2026-03-11T10:00:00+00:00
[2026-03-11T10:49:31.119+0000] {processor.py:183} INFO - Processing /opt/airflow/dags/youtube_trending_dag.py took 0.486 seconds
[2026-03-11T10:50:01.650+0000] {processor.py:161} INFO - Started process (PID=1293) to work on /opt/airflow/dags/youtube_trending_dag.py
[2026-03-11T10:50:01.655+0000] {processor.py:830} INFO - Processing file /opt/airflow/dags/youtube_trending_dag.py for tasks to queue
[2026-03-11T10:50:01.661+0000] {logging_mixin.py:188} INFO - [2026-03-11T10:50:01.659+0000] {dagbag.py:538} INFO - Filling up the DagBag from /opt/airflow/dags/youtube_trending_dag.py
[2026-03-11T10:50:01.747+0000] {processor.py:840} INFO - DAG(s) 'youtube_trending_tracker' retrieved from /opt/airflow/dags/youtube_trending_dag.py
[2026-03-11T10:50:01.894+0000] {logging_mixin.py:188} INFO - [2026-03-11T10:50:01.894+0000] {dag.py:3033} INFO - Sync 1 DAGs
[2026-03-11T10:50:02.028+0000] {logging_mixin.py:188} INFO - [2026-03-11T10:50:02.028+0000] {dag.py:3820} INFO - Setting next_dagrun for youtube_trending_tracker to 2026-03-11T08:00:00+00:00, run_after=2026-03-11T10:00:00+00:00
[2026-03-11T10:50:02.127+0000] {processor.py:183} INFO - Processing /opt/airflow/dags/youtube_trending_dag.py took 0.488 seconds
[2026-03-11T10:50:32.769+0000] {processor.py:161} INFO - Started process (PID=1314) to work on /opt/airflow/dags/youtube_trending_dag.py
[2026-03-11T10:50:32.772+0000] {processor.py:830} INFO - Processing file /opt/airflow/dags/youtube_trending_dag.py for tasks to queue
[2026-03-11T10:50:32.775+0000] {logging_mixin.py:188} INFO - [2026-03-11T10:50:32.773+0000] {dagbag.py:538} INFO - Filling up the DagBag from /opt/airflow/dags/youtube_trending_dag.py
[2026-03-11T10:50:32.851+0000] {processor.py:840} INFO - DAG(s) 'youtube_trending_tracker' retrieved from /opt/airflow/dags/youtube_trending_dag.py
[2026-03-11T10:50:32.995+0000] {logging_mixin.py:188} INFO - [2026-03-11T10:50:32.994+0000] {dag.py:3033} INFO - Sync 1 DAGs
[2026-03-11T10:50:33.127+0000] {logging_mixin.py:188} INFO - [2026-03-11T10:50:33.123+0000] {dag.py:3820} INFO - Setting next_dagrun for youtube_trending_tracker to 2026-03-11T08:00:00+00:00, run_after=2026-03-11T10:00:00+00:00
[2026-03-11T10:50:33.223+0000] {processor.py:183} INFO - Processing /opt/airflow/dags/youtube_trending_dag.py took 0.466 seconds
[2026-03-11T10:51:03.421+0000] {processor.py:161} INFO - Started process (PID=1335) to work on /opt/airflow/dags/youtube_trending_dag.py
[2026-03-11T10:51:03.428+0000] {processor.py:830} INFO - Processing file /opt/airflow/dags/youtube_trending_dag.py for tasks to queue
[2026-03-11T10:51:03.430+0000] {logging_mixin.py:188} INFO - [2026-03-11T10:51:03.429+0000] {dagbag.py:538} INFO - Filling up the DagBag from /opt/airflow/dags/youtube_trending_dag.py
[2026-03-11T10:51:03.493+0000] {processor.py:840} INFO - DAG(s) 'youtube_trending_tracker' retrieved from /opt/airflow/dags/youtube_trending_dag.py
[2026-03-11T10:51:03.612+0000] {logging_mixin.py:188} INFO - [2026-03-11T10:51:03.612+0000] {dag.py:3033} INFO - Sync 1 DAGs
[2026-03-11T10:51:03.714+0000] {logging_mixin.py:188} INFO - [2026-03-11T10:51:03.713+0000] {dag.py:3820} INFO - Setting next_dagrun for youtube_trending_tracker to 2026-03-11T08:00:00+00:00, run_after=2026-03-11T10:00:00+00:00
[2026-03-11T10:51:03.802+0000] {processor.py:183} INFO - Processing /opt/airflow/dags/youtube_trending_dag.py took 0.392 seconds
[2026-03-11T10:51:34.439+0000] {processor.py:161} INFO - Started process (PID=1356) to work on /opt/airflow/dags/youtube_trending_dag.py
[2026-03-11T10:51:34.444+0000] {processor.py:830} INFO - Processing file /opt/airflow/dags/youtube_trending_dag.py for tasks to queue
[2026-03-11T10:51:34.448+0000] {logging_mixin.py:188} INFO - [2026-03-11T10:51:34.447+0000] {dagbag.py:538} INFO - Filling up the DagBag from /opt/airflow/dags/youtube_trending_dag.py
[2026-03-11T10:51:34.522+0000] {processor.py:840} INFO - DAG(s) 'youtube_trending_tracker' retrieved from /opt/airflow/dags/youtube_trending_dag.py
[2026-03-11T10:51:34.769+0000] {logging_mixin.py:188} INFO - [2026-03-11T10:51:34.768+0000] {dag.py:3033} INFO - Sync 1 DAGs
[2026-03-11T10:51:34.900+0000] {logging_mixin.py:188} INFO - [2026-03-11T10:51:34.899+0000] {dag.py:3820} INFO - Setting next_dagrun for youtube_trending_tracker to 2026-03-11T08:00:00+00:00, run_after=2026-03-11T10:00:00+00:00
[2026-03-11T10:51:34.985+0000] {processor.py:183} INFO - Processing /opt/airflow/dags/youtube_trending_dag.py took 0.559 seconds
[2026-03-11T10:52:05.949+0000] {processor.py:161} INFO - Started process (PID=1377) to work on /opt/airflow/dags/youtube_trending_dag.py
[2026-03-11T10:52:05.952+0000] {processor.py:830} INFO - Processing file /opt/airflow/dags/youtube_trending_dag.py for tasks to queue
[2026-03-11T10:52:05.955+0000] {logging_mixin.py:188} INFO - [2026-03-11T10:52:05.954+0000] {dagbag.py:538} INFO - Filling up the DagBag from /opt/airflow/dags/youtube_trending_dag.py
[2026-03-11T10:52:06.029+0000] {processor.py:840} INFO - DAG(s) 'youtube_trending_tracker' retrieved from /opt/airflow/dags/youtube_trending_dag.py
[2026-03-11T10:52:06.147+0000] {logging_mixin.py:188} INFO - [2026-03-11T10:52:06.146+0000] {dag.py:3033} INFO - Sync 1 DAGs
[2026-03-11T10:52:06.240+0000] {logging_mixin.py:188} INFO - [2026-03-11T10:52:06.240+0000] {dag.py:3820} INFO - Setting next_dagrun for youtube_trending_tracker to 2026-03-11T08:00:00+00:00, run_after=2026-03-11T10:00:00+00:00
[2026-03-11T10:52:06.313+0000] {processor.py:183} INFO - Processing /opt/airflow/dags/youtube_trending_dag.py took 0.377 seconds
[2026-03-11T10:52:36.767+0000] {processor.py:161} INFO - Started process (PID=1398) to work on /opt/airflow/dags/youtube_trending_dag.py
[2026-03-11T10:52:36.769+0000] {processor.py:830} INFO - Processing file /opt/airflow/dags/youtube_trending_dag.py for tasks to queue
[2026-03-11T10:52:36.773+0000] {logging_mixin.py:188} INFO - [2026-03-11T10:52:36.771+0000] {dagbag.py:538} INFO - Filling up the DagBag from /opt/airflow/dags/youtube_trending_dag.py
[2026-03-11T10:52:36.831+0000] {processor.py:840} INFO - DAG(s) 'youtube_trending_tracker' retrieved from /opt/airflow/dags/youtube_trending_dag.py
[2026-03-11T10:52:36.945+0000] {logging_mixin.py:188} INFO - [2026-03-11T10:52:36.945+0000] {dag.py:3033} INFO - Sync 1 DAGs
[2026-03-11T10:52:37.034+0000] {logging_mixin.py:188} INFO - [2026-03-11T10:52:37.033+0000] {dag.py:3820} INFO - Setting next_dagrun for youtube_trending_tracker to 2026-03-11T08:00:00+00:00, run_after=2026-03-11T10:00:00+00:00
[2026-03-11T10:52:37.102+0000] {processor.py:183} INFO - Processing /opt/airflow/dags/youtube_trending_dag.py took 0.346 seconds
[2026-03-11T10:53:07.894+0000] {processor.py:161} INFO - Started process (PID=1419) to work on /opt/airflow/dags/youtube_trending_dag.py
[2026-03-11T10:53:07.897+0000] {processor.py:830} INFO - Processing file /opt/airflow/dags/youtube_trending_dag.py for tasks to queue
[2026-03-11T10:53:07.900+0000] {logging_mixin.py:188} INFO - [2026-03-11T10:53:07.899+0000] {dagbag.py:538} INFO - Filling up the DagBag from /opt/airflow/dags/youtube_trending_dag.py
[2026-03-11T10:53:07.967+0000] {processor.py:840} INFO - DAG(s) 'youtube_trending_tracker' retrieved from /opt/airflow/dags/youtube_trending_dag.py
[2026-03-11T10:53:08.077+0000] {logging_mixin.py:188} INFO - [2026-03-11T10:53:08.076+0000] {dag.py:3033} INFO - Sync 1 DAGs
[2026-03-11T10:53:08.184+0000] {logging_mixin.py:188} INFO - [2026-03-11T10:53:08.183+0000] {dag.py:3820} INFO - Setting next_dagrun for youtube_trending_tracker to 2026-03-11T08:00:00+00:00, run_after=2026-03-11T10:00:00+00:00
[2026-03-11T10:53:08.286+0000] {processor.py:183} INFO - Processing /opt/airflow/dags/youtube_trending_dag.py took 0.405 seconds
[2026-03-11T10:53:38.559+0000] {processor.py:161} INFO - Started process (PID=1440) to work on /opt/airflow/dags/youtube_trending_dag.py
[2026-03-11T10:53:38.561+0000] {processor.py:830} INFO - Processing file /opt/airflow/dags/youtube_trending_dag.py for tasks to queue
[2026-03-11T10:53:38.565+0000] {logging_mixin.py:188} INFO - [2026-03-11T10:53:38.563+0000] {dagbag.py:538} INFO - Filling up the DagBag from /opt/airflow/dags/youtube_trending_dag.py
[2026-03-11T10:53:38.618+0000] {processor.py:840} INFO - DAG(s) 'youtube_trending_tracker' retrieved from /opt/airflow/dags/youtube_trending_dag.py
[2026-03-11T10:53:38.719+0000] {logging_mixin.py:188} INFO - [2026-03-11T10:53:38.719+0000] {dag.py:3033} INFO - Sync 1 DAGs
[2026-03-11T10:53:38.800+0000] {logging_mixin.py:188} INFO - [2026-03-11T10:53:38.800+0000] {dag.py:3820} INFO - Setting next_dagrun for youtube_trending_tracker to 2026-03-11T08:00:00+00:00, run_after=2026-03-11T10:00:00+00:00
[2026-03-11T10:53:38.869+0000] {processor.py:183} INFO - Processing /opt/airflow/dags/youtube_trending_dag.py took 0.319 seconds
[2026-03-11T10:54:09.549+0000] {processor.py:161} INFO - Started process (PID=1461) to work on /opt/airflow/dags/youtube_trending_dag.py
[2026-03-11T10:54:09.551+0000] {processor.py:830} INFO - Processing file /opt/airflow/dags/youtube_trending_dag.py for tasks to queue
[2026-03-11T10:54:09.553+0000] {logging_mixin.py:188} INFO - [2026-03-11T10:54:09.552+0000] {dagbag.py:538} INFO - Filling up the DagBag from /opt/airflow/dags/youtube_trending_dag.py
[2026-03-11T10:54:09.597+0000] {processor.py:840} INFO - DAG(s) 'youtube_trending_tracker' retrieved from /opt/airflow/dags/youtube_trending_dag.py
[2026-03-11T10:54:09.680+0000] {logging_mixin.py:188} INFO - [2026-03-11T10:54:09.680+0000] {dag.py:3033} INFO - Sync 1 DAGs
[2026-03-11T10:54:09.756+0000] {logging_mixin.py:188} INFO - [2026-03-11T10:54:09.756+0000] {dag.py:3820} INFO - Setting next_dagrun for youtube_trending_tracker to 2026-03-11T08:00:00+00:00, run_after=2026-03-11T10:00:00+00:00
[2026-03-11T10:54:09.816+0000] {processor.py:183} INFO - Processing /opt/airflow/dags/youtube_trending_dag.py took 0.274 seconds
[2026-03-11T10:54:40.136+0000] {processor.py:161} INFO - Started process (PID=1482) to work on /opt/airflow/dags/youtube_trending_dag.py
[2026-03-11T10:54:40.139+0000] {processor.py:830} INFO - Processing file /opt/airflow/dags/youtube_trending_dag.py for tasks to queue
[2026-03-11T10:54:40.144+0000] {logging_mixin.py:188} INFO - [2026-03-11T10:54:40.142+0000] {dagbag.py:538} INFO - Filling up the DagBag from /opt/airflow/dags/youtube_trending_dag.py
[2026-03-11T10:54:40.199+0000] {processor.py:840} INFO - DAG(s) 'youtube_trending_tracker' retrieved from /opt/airflow/dags/youtube_trending_dag.py
[2026-03-11T10:54:40.276+0000] {logging_mixin.py:188} INFO - [2026-03-11T10:54:40.276+0000] {dag.py:3033} INFO - Sync 1 DAGs
[2026-03-11T10:54:40.351+0000] {logging_mixin.py:188} INFO - [2026-03-11T10:54:40.351+0000] {dag.py:3820} INFO - Setting next_dagrun for youtube_trending_tracker to 2026-03-11T08:00:00+00:00, run_after=2026-03-11T10:00:00+00:00
[2026-03-11T10:54:40.412+0000] {processor.py:183} INFO - Processing /opt/airflow/dags/youtube_trending_dag.py took 0.286 seconds
[2026-03-11T10:55:10.810+0000] {processor.py:161} INFO - Started process (PID=1503) to work on /opt/airflow/dags/youtube_trending_dag.py
[2026-03-11T10:55:10.881+0000] {processor.py:830} INFO - Processing file /opt/airflow/dags/youtube_trending_dag.py for tasks to queue
[2026-03-11T10:55:10.903+0000] {logging_mixin.py:188} INFO - [2026-03-11T10:55:10.902+0000] {dagbag.py:538} INFO - Filling up the DagBag from /opt/airflow/dags/youtube_trending_dag.py
[2026-03-11T10:55:10.964+0000] {processor.py:840} INFO - DAG(s) 'youtube_trending_tracker' retrieved from /opt/airflow/dags/youtube_trending_dag.py
[2026-03-11T10:55:11.119+0000] {logging_mixin.py:188} INFO - [2026-03-11T10:55:11.119+0000] {dag.py:3033} INFO - Sync 1 DAGs
[2026-03-11T10:55:11.228+0000] {logging_mixin.py:188} INFO - [2026-03-11T10:55:11.228+0000] {dag.py:3820} INFO - Setting next_dagrun for youtube_trending_tracker to 2026-03-11T08:00:00+00:00, run_after=2026-03-11T10:00:00+00:00
[2026-03-11T10:55:11.298+0000] {processor.py:183} INFO - Processing /opt/airflow/dags/youtube_trending_dag.py took 0.501 seconds
[2026-03-11T10:55:42.130+0000] {processor.py:161} INFO - Started process (PID=1524) to work on /opt/airflow/dags/youtube_trending_dag.py
[2026-03-11T10:55:42.133+0000] {processor.py:830} INFO - Processing file /opt/airflow/dags/youtube_trending_dag.py for tasks to queue
[2026-03-11T10:55:42.135+0000] {logging_mixin.py:188} INFO - [2026-03-11T10:55:42.134+0000] {dagbag.py:538} INFO - Filling up the DagBag from /opt/airflow/dags/youtube_trending_dag.py
[2026-03-11T10:55:42.197+0000] {processor.py:840} INFO - DAG(s) 'youtube_trending_tracker' retrieved from /opt/airflow/dags/youtube_trending_dag.py
[2026-03-11T10:55:42.301+0000] {logging_mixin.py:188} INFO - [2026-03-11T10:55:42.300+0000] {dag.py:3033} INFO - Sync 1 DAGs
[2026-03-11T10:55:42.397+0000] {logging_mixin.py:188} INFO - [2026-03-11T10:55:42.396+0000] {dag.py:3820} INFO - Setting next_dagrun for youtube_trending_tracker to 2026-03-11T08:00:00+00:00, run_after=2026-03-11T10:00:00+00:00
[2026-03-11T10:55:42.449+0000] {processor.py:183} INFO - Processing /opt/airflow/dags/youtube_trending_dag.py took 0.330 seconds
[2026-03-11T10:56:12.931+0000] {processor.py:161} INFO - Started process (PID=1545) to work on /opt/airflow/dags/youtube_trending_dag.py
[2026-03-11T10:56:12.934+0000] {processor.py:830} INFO - Processing file /opt/airflow/dags/youtube_trending_dag.py for tasks to queue
[2026-03-11T10:56:12.937+0000] {logging_mixin.py:188} INFO - [2026-03-11T10:56:12.936+0000] {dagbag.py:538} INFO - Filling up the DagBag from /opt/airflow/dags/youtube_trending_dag.py
[2026-03-11T10:56:13.005+0000] {processor.py:840} INFO - DAG(s) 'youtube_trending_tracker' retrieved from /opt/airflow/dags/youtube_trending_dag.py
[2026-03-11T10:56:13.122+0000] {logging_mixin.py:188} INFO - [2026-03-11T10:56:13.122+0000] {dag.py:3033} INFO - Sync 1 DAGs
[2026-03-11T10:56:13.218+0000] {logging_mixin.py:188} INFO - [2026-03-11T10:56:13.217+0000] {dag.py:3820} INFO - Setting next_dagrun for youtube_trending_tracker to 2026-03-11T08:00:00+00:00, run_after=2026-03-11T10:00:00+00:00
[2026-03-11T10:56:13.294+0000] {processor.py:183} INFO - Processing /opt/airflow/dags/youtube_trending_dag.py took 0.376 seconds
[2026-03-11T10:56:43.782+0000] {processor.py:161} INFO - Started process (PID=1566) to work on /opt/airflow/dags/youtube_trending_dag.py
[2026-03-11T10:56:43.784+0000] {processor.py:830} INFO - Processing file /opt/airflow/dags/youtube_trending_dag.py for tasks to queue
[2026-03-11T10:56:43.786+0000] {logging_mixin.py:188} INFO - [2026-03-11T10:56:43.785+0000] {dagbag.py:538} INFO - Filling up the DagBag from /opt/airflow/dags/youtube_trending_dag.py
[2026-03-11T10:56:43.836+0000] {processor.py:840} INFO - DAG(s) 'youtube_trending_tracker' retrieved from /opt/airflow/dags/youtube_trending_dag.py
[2026-03-11T10:56:43.943+0000] {logging_mixin.py:188} INFO - [2026-03-11T10:56:43.942+0000] {dag.py:3033} INFO - Sync 1 DAGs
[2026-03-11T10:56:44.053+0000] {logging_mixin.py:188} INFO - [2026-03-11T10:56:44.052+0000] {dag.py:3820} INFO - Setting next_dagrun for youtube_trending_tracker to 2026-03-11T08:00:00+00:00, run_after=2026-03-11T10:00:00+00:00
[2026-03-11T10:56:44.141+0000] {processor.py:183} INFO - Processing /opt/airflow/dags/youtube_trending_dag.py took 0.367 seconds
[2026-03-11T10:57:14.605+0000] {processor.py:161} INFO - Started process (PID=1587) to work on /opt/airflow/dags/youtube_trending_dag.py
[2026-03-11T10:57:14.608+0000] {processor.py:830} INFO - Processing file /opt/airflow/dags/youtube_trending_dag.py for tasks to queue
[2026-03-11T10:57:14.614+0000] {logging_mixin.py:188} INFO - [2026-03-11T10:57:14.611+0000] {dagbag.py:538} INFO - Filling up the DagBag from /opt/airflow/dags/youtube_trending_dag.py
[2026-03-11T10:57:14.696+0000] {processor.py:840} INFO - DAG(s) 'youtube_trending_tracker' retrieved from /opt/airflow/dags/youtube_trending_dag.py
[2026-03-11T10:57:14.808+0000] {logging_mixin.py:188} INFO - [2026-03-11T10:57:14.807+0000] {dag.py:3033} INFO - Sync 1 DAGs
[2026-03-11T10:57:14.986+0000] {logging_mixin.py:188} INFO - [2026-03-11T10:57:14.986+0000] {dag.py:3820} INFO - Setting next_dagrun for youtube_trending_tracker to 2026-03-11T08:00:00+00:00, run_after=2026-03-11T10:00:00+00:00
[2026-03-11T10:57:15.051+0000] {processor.py:183} INFO - Processing /opt/airflow/dags/youtube_trending_dag.py took 0.458 seconds
[2026-03-11T10:57:45.340+0000] {processor.py:161} INFO - Started process (PID=1608) to work on /opt/airflow/dags/youtube_trending_dag.py
[2026-03-11T10:57:45.344+0000] {processor.py:830} INFO - Processing file /opt/airflow/dags/youtube_trending_dag.py for tasks to queue
[2026-03-11T10:57:45.347+0000] {logging_mixin.py:188} INFO - [2026-03-11T10:57:45.346+0000] {dagbag.py:538} INFO - Filling up the DagBag from /opt/airflow/dags/youtube_trending_dag.py
[2026-03-11T10:57:45.415+0000] {processor.py:840} INFO - DAG(s) 'youtube_trending_tracker' retrieved from /opt/airflow/dags/youtube_trending_dag.py
[2026-03-11T10:57:45.540+0000] {logging_mixin.py:188} INFO - [2026-03-11T10:57:45.539+0000] {dag.py:3033} INFO - Sync 1 DAGs
[2026-03-11T10:57:45.638+0000] {logging_mixin.py:188} INFO - [2026-03-11T10:57:45.637+0000] {dag.py:3820} INFO - Setting next_dagrun for youtube_trending_tracker to 2026-03-11T08:00:00+00:00, run_after=2026-03-11T10:00:00+00:00
[2026-03-11T10:57:45.719+0000] {processor.py:183} INFO - Processing /opt/airflow/dags/youtube_trending_dag.py took 0.388 seconds
[2026-03-11T10:58:16.118+0000] {processor.py:161} INFO - Started process (PID=1629) to work on /opt/airflow/dags/youtube_trending_dag.py
[2026-03-11T10:58:16.120+0000] {processor.py:830} INFO - Processing file /opt/airflow/dags/youtube_trending_dag.py for tasks to queue
[2026-03-11T10:58:16.123+0000] {logging_mixin.py:188} INFO - [2026-03-11T10:58:16.122+0000] {dagbag.py:538} INFO - Filling up the DagBag from /opt/airflow/dags/youtube_trending_dag.py
[2026-03-11T10:58:16.196+0000] {processor.py:840} INFO - DAG(s) 'youtube_trending_tracker' retrieved from /opt/airflow/dags/youtube_trending_dag.py
[2026-03-11T10:58:16.300+0000] {logging_mixin.py:188} INFO - [2026-03-11T10:58:16.299+0000] {dag.py:3033} INFO - Sync 1 DAGs
[2026-03-11T10:58:16.388+0000] {logging_mixin.py:188} INFO - [2026-03-11T10:58:16.388+0000] {dag.py:3820} INFO - Setting next_dagrun for youtube_trending_tracker to 2026-03-11T08:00:00+00:00, run_after=2026-03-11T10:00:00+00:00
[2026-03-11T10:58:16.481+0000] {processor.py:183} INFO - Processing /opt/airflow/dags/youtube_trending_dag.py took 0.373 seconds
[2026-03-11T10:58:47.052+0000] {processor.py:161} INFO - Started process (PID=1650) to work on /opt/airflow/dags/youtube_trending_dag.py
[2026-03-11T10:58:47.055+0000] {processor.py:830} INFO - Processing file /opt/airflow/dags/youtube_trending_dag.py for tasks to queue
[2026-03-11T10:58:47.058+0000] {logging_mixin.py:188} INFO - [2026-03-11T10:58:47.057+0000] {dagbag.py:538} INFO - Filling up the DagBag from /opt/airflow/dags/youtube_trending_dag.py
[2026-03-11T10:58:47.121+0000] {processor.py:840} INFO - DAG(s) 'youtube_trending_tracker' retrieved from /opt/airflow/dags/youtube_trending_dag.py
[2026-03-11T10:58:47.227+0000] {logging_mixin.py:188} INFO - [2026-03-11T10:58:47.226+0000] {dag.py:3033} INFO - Sync 1 DAGs
[2026-03-11T10:58:47.338+0000] {logging_mixin.py:188} INFO - [2026-03-11T10:58:47.338+0000] {dag.py:3820} INFO - Setting next_dagrun for youtube_trending_tracker to 2026-03-11T08:00:00+00:00, run_after=2026-03-11T10:00:00+00:00
[2026-03-11T10:58:47.448+0000] {processor.py:183} INFO - Processing /opt/airflow/dags/youtube_trending_dag.py took 0.406 seconds
[2026-03-11T10:59:17.872+0000] {processor.py:161} INFO - Started process (PID=1671) to work on /opt/airflow/dags/youtube_trending_dag.py
[2026-03-11T10:59:17.875+0000] {processor.py:830} INFO - Processing file /opt/airflow/dags/youtube_trending_dag.py for tasks to queue
[2026-03-11T10:59:17.879+0000] {logging_mixin.py:188} INFO - [2026-03-11T10:59:17.878+0000] {dagbag.py:538} INFO - Filling up the DagBag from /opt/airflow/dags/youtube_trending_dag.py
[2026-03-11T10:59:17.936+0000] {processor.py:840} INFO - DAG(s) 'youtube_trending_tracker' retrieved from /opt/airflow/dags/youtube_trending_dag.py
[2026-03-11T10:59:18.054+0000] {logging_mixin.py:188} INFO - [2026-03-11T10:59:18.054+0000] {dag.py:3033} INFO - Sync 1 DAGs
[2026-03-11T10:59:18.156+0000] {logging_mixin.py:188} INFO - [2026-03-11T10:59:18.156+0000] {dag.py:3820} INFO - Setting next_dagrun for youtube_trending_tracker to 2026-03-11T08:00:00+00:00, run_after=2026-03-11T10:00:00+00:00
[2026-03-11T10:59:18.217+0000] {processor.py:183} INFO - Processing /opt/airflow/dags/youtube_trending_dag.py took 0.352 seconds
[2026-03-11T10:59:48.347+0000] {processor.py:161} INFO - Started process (PID=1692) to work on /opt/airflow/dags/youtube_trending_dag.py
[2026-03-11T10:59:48.349+0000] {processor.py:830} INFO - Processing file /opt/airflow/dags/youtube_trending_dag.py for tasks to queue
[2026-03-11T10:59:48.352+0000] {logging_mixin.py:188} INFO - [2026-03-11T10:59:48.351+0000] {dagbag.py:538} INFO - Filling up the DagBag from /opt/airflow/dags/youtube_trending_dag.py
[2026-03-11T10:59:48.415+0000] {processor.py:840} INFO - DAG(s) 'youtube_trending_tracker' retrieved from /opt/airflow/dags/youtube_trending_dag.py
[2026-03-11T10:59:48.519+0000] {logging_mixin.py:188} INFO - [2026-03-11T10:59:48.519+0000] {dag.py:3033} INFO - Sync 1 DAGs
[2026-03-11T10:59:48.617+0000] {logging_mixin.py:188} INFO - [2026-03-11T10:59:48.617+0000] {dag.py:3820} INFO - Setting next_dagrun for youtube_trending_tracker to 2026-03-11T08:00:00+00:00, run_after=2026-03-11T10:00:00+00:00
[2026-03-11T10:59:48.691+0000] {processor.py:183} INFO - Processing /opt/airflow/dags/youtube_trending_dag.py took 0.355 seconds
[2026-03-11T11:00:18.938+0000] {processor.py:161} INFO - Started process (PID=1713) to work on /opt/airflow/dags/youtube_trending_dag.py
[2026-03-11T11:00:18.941+0000] {processor.py:830} INFO - Processing file /opt/airflow/dags/youtube_trending_dag.py for tasks to queue
[2026-03-11T11:00:18.946+0000] {logging_mixin.py:188} INFO - [2026-03-11T11:00:18.945+0000] {dagbag.py:538} INFO - Filling up the DagBag from /opt/airflow/dags/youtube_trending_dag.py
[2026-03-11T11:00:19.015+0000] {processor.py:840} INFO - DAG(s) 'youtube_trending_tracker' retrieved from /opt/airflow/dags/youtube_trending_dag.py
[2026-03-11T11:00:19.131+0000] {logging_mixin.py:188} INFO - [2026-03-11T11:00:19.131+0000] {dag.py:3033} INFO - Sync 1 DAGs
[2026-03-11T11:00:19.218+0000] {logging_mixin.py:188} INFO - [2026-03-11T11:00:19.218+0000] {dag.py:3820} INFO - Setting next_dagrun for youtube_trending_tracker to 2026-03-11T08:00:00+00:00, run_after=2026-03-11T10:00:00+00:00
[2026-03-11T11:00:19.288+0000] {processor.py:183} INFO - Processing /opt/airflow/dags/youtube_trending_dag.py took 0.359 seconds
[2026-03-11T11:00:50.067+0000] {processor.py:161} INFO - Started process (PID=1734) to work on /opt/airflow/dags/youtube_trending_dag.py
[2026-03-11T11:00:50.069+0000] {processor.py:830} INFO - Processing file /opt/airflow/dags/youtube_trending_dag.py for tasks to queue
[2026-03-11T11:00:50.072+0000] {logging_mixin.py:188} INFO - [2026-03-11T11:00:50.071+0000] {dagbag.py:538} INFO - Filling up the DagBag from /opt/airflow/dags/youtube_trending_dag.py
[2026-03-11T11:00:50.135+0000] {processor.py:840} INFO - DAG(s) 'youtube_trending_tracker' retrieved from /opt/airflow/dags/youtube_trending_dag.py
[2026-03-11T11:00:50.254+0000] {logging_mixin.py:188} INFO - [2026-03-11T11:00:50.253+0000] {dag.py:3033} INFO - Sync 1 DAGs
[2026-03-11T11:00:50.328+0000] {logging_mixin.py:188} INFO - [2026-03-11T11:00:50.328+0000] {dag.py:3820} INFO - Setting next_dagrun for youtube_trending_tracker to 2026-03-11T08:00:00+00:00, run_after=2026-03-11T10:00:00+00:00
[2026-03-11T11:00:50.391+0000] {processor.py:183} INFO - Processing /opt/airflow/dags/youtube_trending_dag.py took 0.334 seconds
[2026-03-11T11:01:21.181+0000] {processor.py:161} INFO - Started process (PID=1755) to work on /opt/airflow/dags/youtube_trending_dag.py
[2026-03-11T11:01:21.183+0000] {processor.py:830} INFO - Processing file /opt/airflow/dags/youtube_trending_dag.py for tasks to queue
[2026-03-11T11:01:21.186+0000] {logging_mixin.py:188} INFO - [2026-03-11T11:01:21.185+0000] {dagbag.py:538} INFO - Filling up the DagBag from /opt/airflow/dags/youtube_trending_dag.py
[2026-03-11T11:01:21.233+0000] {processor.py:840} INFO - DAG(s) 'youtube_trending_tracker' retrieved from /opt/airflow/dags/youtube_trending_dag.py
[2026-03-11T11:01:21.407+0000] {logging_mixin.py:188} INFO - [2026-03-11T11:01:21.406+0000] {dag.py:3033} INFO - Sync 1 DAGs
[2026-03-11T11:01:21.464+0000] {logging_mixin.py:188} INFO - [2026-03-11T11:01:21.463+0000] {dag.py:3820} INFO - Setting next_dagrun for youtube_trending_tracker to 2026-03-11T08:00:00+00:00, run_after=2026-03-11T10:00:00+00:00
[2026-03-11T11:01:21.519+0000] {processor.py:183} INFO - Processing /opt/airflow/dags/youtube_trending_dag.py took 0.347 seconds
[2026-03-11T11:01:51.918+0000] {processor.py:161} INFO - Started process (PID=1776) to work on /opt/airflow/dags/youtube_trending_dag.py
[2026-03-11T11:01:51.920+0000] {processor.py:830} INFO - Processing file /opt/airflow/dags/youtube_trending_dag.py for tasks to queue
[2026-03-11T11:01:51.922+0000] {logging_mixin.py:188} INFO - [2026-03-11T11:01:51.922+0000] {dagbag.py:538} INFO - Filling up the DagBag from /opt/airflow/dags/youtube_trending_dag.py
[2026-03-11T11:01:51.961+0000] {processor.py:840} INFO - DAG(s) 'youtube_trending_tracker' retrieved from /opt/airflow/dags/youtube_trending_dag.py
[2026-03-11T11:01:52.065+0000] {logging_mixin.py:188} INFO - [2026-03-11T11:01:52.065+0000] {dag.py:3033} INFO - Sync 1 DAGs
[2026-03-11T11:01:52.129+0000] {logging_mixin.py:188} INFO - [2026-03-11T11:01:52.128+0000] {dag.py:3820} INFO - Setting next_dagrun for youtube_trending_tracker to 2026-03-11T08:00:00+00:00, run_after=2026-03-11T10:00:00+00:00
[2026-03-11T11:01:52.186+0000] {processor.py:183} INFO - Processing /opt/airflow/dags/youtube_trending_dag.py took 0.273 seconds
[2026-03-11T11:02:22.827+0000] {processor.py:161} INFO - Started process (PID=1797) to work on /opt/airflow/dags/youtube_trending_dag.py
[2026-03-11T11:02:22.830+0000] {processor.py:830} INFO - Processing file /opt/airflow/dags/youtube_trending_dag.py for tasks to queue
[2026-03-11T11:02:22.834+0000] {logging_mixin.py:188} INFO - [2026-03-11T11:02:22.833+0000] {dagbag.py:538} INFO - Filling up the DagBag from /opt/airflow/dags/youtube_trending_dag.py
[2026-03-11T11:02:22.893+0000] {processor.py:840} INFO - DAG(s) 'youtube_trending_tracker' retrieved from /opt/airflow/dags/youtube_trending_dag.py
[2026-03-11T11:02:22.996+0000] {logging_mixin.py:188} INFO - [2026-03-11T11:02:22.996+0000] {dag.py:3033} INFO - Sync 1 DAGs
[2026-03-11T11:02:23.066+0000] {logging_mixin.py:188} INFO - [2026-03-11T11:02:23.066+0000] {dag.py:3820} INFO - Setting next_dagrun for youtube_trending_tracker to 2026-03-11T08:00:00+00:00, run_after=2026-03-11T10:00:00+00:00
[2026-03-11T11:02:23.122+0000] {processor.py:183} INFO - Processing /opt/airflow/dags/youtube_trending_dag.py took 0.303 seconds
[2026-03-11T11:02:53.591+0000] {processor.py:161} INFO - Started process (PID=1818) to work on /opt/airflow/dags/youtube_trending_dag.py
[2026-03-11T11:02:53.595+0000] {processor.py:830} INFO - Processing file /opt/airflow/dags/youtube_trending_dag.py for tasks to queue
[2026-03-11T11:02:53.598+0000] {logging_mixin.py:188} INFO - [2026-03-11T11:02:53.597+0000] {dagbag.py:538} INFO - Filling up the DagBag from /opt/airflow/dags/youtube_trending_dag.py
[2026-03-11T11:02:53.660+0000] {processor.py:840} INFO - DAG(s) 'youtube_trending_tracker' retrieved from /opt/airflow/dags/youtube_trending_dag.py
[2026-03-11T11:02:53.794+0000] {logging_mixin.py:188} INFO - [2026-03-11T11:02:53.794+0000] {dag.py:3033} INFO - Sync 1 DAGs
[2026-03-11T11:02:53.896+0000] {logging_mixin.py:188} INFO - [2026-03-11T11:02:53.896+0000] {dag.py:3820} INFO - Setting next_dagrun for youtube_trending_tracker to 2026-03-11T08:00:00+00:00, run_after=2026-03-11T10:00:00+00:00
[2026-03-11T11:02:53.971+0000] {processor.py:183} INFO - Processing /opt/airflow/dags/youtube_trending_dag.py took 0.392 seconds
[2026-03-11T11:03:24.430+0000] {processor.py:161} INFO - Started process (PID=1839) to work on /opt/airflow/dags/youtube_trending_dag.py
[2026-03-11T11:03:24.432+0000] {processor.py:830} INFO - Processing file /opt/airflow/dags/youtube_trending_dag.py for tasks to queue
[2026-03-11T11:03:24.434+0000] {logging_mixin.py:188} INFO - [2026-03-11T11:03:24.434+0000] {dagbag.py:538} INFO - Filling up the DagBag from /opt/airflow/dags/youtube_trending_dag.py
[2026-03-11T11:03:24.499+0000] {processor.py:840} INFO - DAG(s) 'youtube_trending_tracker' retrieved from /opt/airflow/dags/youtube_trending_dag.py
[2026-03-11T11:03:24.615+0000] {logging_mixin.py:188} INFO - [2026-03-11T11:03:24.614+0000] {dag.py:3033} INFO - Sync 1 DAGs
[2026-03-11T11:03:24.709+0000] {logging_mixin.py:188} INFO - [2026-03-11T11:03:24.708+0000] {dag.py:3820} INFO - Setting next_dagrun for youtube_trending_tracker to 2026-03-11T08:00:00+00:00, run_after=2026-03-11T10:00:00+00:00
[2026-03-11T11:03:24.791+0000] {processor.py:183} INFO - Processing /opt/airflow/dags/youtube_trending_dag.py took 0.373 seconds
[2026-03-11T11:03:55.423+0000] {processor.py:161} INFO - Started process (PID=1860) to work on /opt/airflow/dags/youtube_trending_dag.py
[2026-03-11T11:03:55.426+0000] {processor.py:830} INFO - Processing file /opt/airflow/dags/youtube_trending_dag.py for tasks to queue
[2026-03-11T11:03:55.429+0000] {logging_mixin.py:188} INFO - [2026-03-11T11:03:55.428+0000] {dagbag.py:538} INFO - Filling up the DagBag from /opt/airflow/dags/youtube_trending_dag.py
[2026-03-11T11:03:55.490+0000] {processor.py:840} INFO - DAG(s) 'youtube_trending_tracker' retrieved from /opt/airflow/dags/youtube_trending_dag.py
[2026-03-11T11:03:55.610+0000] {logging_mixin.py:188} INFO - [2026-03-11T11:03:55.609+0000] {dag.py:3033} INFO - Sync 1 DAGs
[2026-03-11T11:03:55.703+0000] {logging_mixin.py:188} INFO - [2026-03-11T11:03:55.702+0000] {dag.py:3820} INFO - Setting next_dagrun for youtube_trending_tracker to 2026-03-11T08:00:00+00:00, run_after=2026-03-11T10:00:00+00:00
[2026-03-11T11:03:55.765+0000] {processor.py:183} INFO - Processing /opt/airflow/dags/youtube_trending_dag.py took 0.354 seconds
[2026-03-11T11:04:26.428+0000] {processor.py:161} INFO - Started process (PID=1881) to work on /opt/airflow/dags/youtube_trending_dag.py
[2026-03-11T11:04:26.430+0000] {processor.py:830} INFO - Processing file /opt/airflow/dags/youtube_trending_dag.py for tasks to queue
[2026-03-11T11:04:26.432+0000] {logging_mixin.py:188} INFO - [2026-03-11T11:04:26.432+0000] {dagbag.py:538} INFO - Filling up the DagBag from /opt/airflow/dags/youtube_trending_dag.py
[2026-03-11T11:04:26.479+0000] {processor.py:840} INFO - DAG(s) 'youtube_trending_tracker' retrieved from /opt/airflow/dags/youtube_trending_dag.py
[2026-03-11T11:04:26.571+0000] {logging_mixin.py:188} INFO - [2026-03-11T11:04:26.571+0000] {dag.py:3033} INFO - Sync 1 DAGs
[2026-03-11T11:04:26.672+0000] {logging_mixin.py:188} INFO - [2026-03-11T11:04:26.672+0000] {dag.py:3820} INFO - Setting next_dagrun for youtube_trending_tracker to 2026-03-11T08:00:00+00:00, run_after=2026-03-11T10:00:00+00:00
[2026-03-11T11:04:26.749+0000] {processor.py:183} INFO - Processing /opt/airflow/dags/youtube_trending_dag.py took 0.329 seconds
[2026-03-11T11:04:57.902+0000] {processor.py:161} INFO - Started process (PID=1902) to work on /opt/airflow/dags/youtube_trending_dag.py
[2026-03-11T11:04:57.906+0000] {processor.py:830} INFO - Processing file /opt/airflow/dags/youtube_trending_dag.py for tasks to queue
[2026-03-11T11:04:57.911+0000] {logging_mixin.py:188} INFO - [2026-03-11T11:04:57.909+0000] {dagbag.py:538} INFO - Filling up the DagBag from /opt/airflow/dags/youtube_trending_dag.py
[2026-03-11T11:04:58.005+0000] {processor.py:840} INFO - DAG(s) 'youtube_trending_tracker' retrieved from /opt/airflow/dags/youtube_trending_dag.py
[2026-03-11T11:04:58.213+0000] {logging_mixin.py:188} INFO - [2026-03-11T11:04:58.212+0000] {dag.py:3033} INFO - Sync 1 DAGs
[2026-03-11T11:04:58.443+0000] {logging_mixin.py:188} INFO - [2026-03-11T11:04:58.442+0000] {dag.py:3820} INFO - Setting next_dagrun for youtube_trending_tracker to 2026-03-11T08:00:00+00:00, run_after=2026-03-11T10:00:00+00:00
[2026-03-11T11:04:58.547+0000] {processor.py:183} INFO - Processing /opt/airflow/dags/youtube_trending_dag.py took 0.658 seconds
[2026-03-11T11:05:28.820+0000] {processor.py:161} INFO - Started process (PID=1917) to work on /opt/airflow/dags/youtube_trending_dag.py
[2026-03-11T11:05:28.833+0000] {processor.py:830} INFO - Processing file /opt/airflow/dags/youtube_trending_dag.py for tasks to queue
[2026-03-11T11:05:28.845+0000] {logging_mixin.py:188} INFO - [2026-03-11T11:05:28.840+0000] {dagbag.py:538} INFO - Filling up the DagBag from /opt/airflow/dags/youtube_trending_dag.py
[2026-03-11T11:05:28.957+0000] {processor.py:840} INFO - DAG(s) 'youtube_trending_tracker' retrieved from /opt/airflow/dags/youtube_trending_dag.py
[2026-03-11T11:05:29.181+0000] {logging_mixin.py:188} INFO - [2026-03-11T11:05:29.180+0000] {dag.py:3033} INFO - Sync 1 DAGs
[2026-03-11T11:05:29.370+0000] {logging_mixin.py:188} INFO - [2026-03-11T11:05:29.369+0000] {dag.py:3820} INFO - Setting next_dagrun for youtube_trending_tracker to 2026-03-11T08:00:00+00:00, run_after=2026-03-11T10:00:00+00:00
[2026-03-11T11:05:29.505+0000] {processor.py:183} INFO - Processing /opt/airflow/dags/youtube_trending_dag.py took 0.712 seconds
[2026-03-11T11:06:00.138+0000] {processor.py:161} INFO - Started process (PID=1940) to work on /opt/airflow/dags/youtube_trending_dag.py
[2026-03-11T11:06:00.143+0000] {processor.py:830} INFO - Processing file /opt/airflow/dags/youtube_trending_dag.py for tasks to queue
[2026-03-11T11:06:00.148+0000] {logging_mixin.py:188} INFO - [2026-03-11T11:06:00.147+0000] {dagbag.py:538} INFO - Filling up the DagBag from /opt/airflow/dags/youtube_trending_dag.py
[2026-03-11T11:06:00.265+0000] {processor.py:840} INFO - DAG(s) 'youtube_trending_tracker' retrieved from /opt/airflow/dags/youtube_trending_dag.py
[2026-03-11T11:06:00.540+0000] {logging_mixin.py:188} INFO - [2026-03-11T11:06:00.539+0000] {dag.py:3033} INFO - Sync 1 DAGs
[2026-03-11T11:06:00.711+0000] {logging_mixin.py:188} INFO - [2026-03-11T11:06:00.709+0000] {dag.py:3820} INFO - Setting next_dagrun for youtube_trending_tracker to 2026-03-11T08:00:00+00:00, run_after=2026-03-11T10:00:00+00:00
[2026-03-11T11:06:00.828+0000] {processor.py:183} INFO - Processing /opt/airflow/dags/youtube_trending_dag.py took 0.708 seconds
[2026-03-11T11:06:30.948+0000] {processor.py:161} INFO - Started process (PID=1961) to work on /opt/airflow/dags/youtube_trending_dag.py
[2026-03-11T11:06:30.951+0000] {processor.py:830} INFO - Processing file /opt/airflow/dags/youtube_trending_dag.py for tasks to queue
[2026-03-11T11:06:30.955+0000] {logging_mixin.py:188} INFO - [2026-03-11T11:06:30.954+0000] {dagbag.py:538} INFO - Filling up the DagBag from /opt/airflow/dags/youtube_trending_dag.py
[2026-03-11T11:06:31.024+0000] {processor.py:840} INFO - DAG(s) 'youtube_trending_tracker' retrieved from /opt/airflow/dags/youtube_trending_dag.py
[2026-03-11T11:06:31.136+0000] {logging_mixin.py:188} INFO - [2026-03-11T11:06:31.136+0000] {dag.py:3033} INFO - Sync 1 DAGs
[2026-03-11T11:06:31.216+0000] {logging_mixin.py:188} INFO - [2026-03-11T11:06:31.216+0000] {dag.py:3820} INFO - Setting next_dagrun for youtube_trending_tracker to 2026-03-11T08:00:00+00:00, run_after=2026-03-11T10:00:00+00:00
[2026-03-11T11:06:31.280+0000] {processor.py:183} INFO - Processing /opt/airflow/dags/youtube_trending_dag.py took 0.344 seconds
[2026-03-11T11:07:01.821+0000] {processor.py:161} INFO - Started process (PID=1980) to work on /opt/airflow/dags/youtube_trending_dag.py
[2026-03-11T11:07:01.824+0000] {processor.py:830} INFO - Processing file /opt/airflow/dags/youtube_trending_dag.py for tasks to queue
[2026-03-11T11:07:01.826+0000] {logging_mixin.py:188} INFO - [2026-03-11T11:07:01.825+0000] {dagbag.py:538} INFO - Filling up the DagBag from /opt/airflow/dags/youtube_trending_dag.py
[2026-03-11T11:07:01.885+0000] {processor.py:840} INFO - DAG(s) 'youtube_trending_tracker' retrieved from /opt/airflow/dags/youtube_trending_dag.py
[2026-03-11T11:07:02.000+0000] {logging_mixin.py:188} INFO - [2026-03-11T11:07:02.000+0000] {dag.py:3033} INFO - Sync 1 DAGs
[2026-03-11T11:07:02.084+0000] {logging_mixin.py:188} INFO - [2026-03-11T11:07:02.083+0000] {dag.py:3820} INFO - Setting next_dagrun for youtube_trending_tracker to 2026-03-11T08:00:00+00:00, run_after=2026-03-11T10:00:00+00:00
[2026-03-11T11:07:02.185+0000] {processor.py:183} INFO - Processing /opt/airflow/dags/youtube_trending_dag.py took 0.370 seconds
[2026-03-11T11:07:32.472+0000] {processor.py:161} INFO - Started process (PID=2001) to work on /opt/airflow/dags/youtube_trending_dag.py
[2026-03-11T11:07:32.477+0000] {processor.py:830} INFO - Processing file /opt/airflow/dags/youtube_trending_dag.py for tasks to queue
[2026-03-11T11:07:32.482+0000] {logging_mixin.py:188} INFO - [2026-03-11T11:07:32.481+0000] {dagbag.py:538} INFO - Filling up the DagBag from /opt/airflow/dags/youtube_trending_dag.py
[2026-03-11T11:07:32.567+0000] {processor.py:840} INFO - DAG(s) 'youtube_trending_tracker' retrieved from /opt/airflow/dags/youtube_trending_dag.py
[2026-03-11T11:07:32.680+0000] {logging_mixin.py:188} INFO - [2026-03-11T11:07:32.680+0000] {dag.py:3033} INFO - Sync 1 DAGs
[2026-03-11T11:07:32.769+0000] {logging_mixin.py:188} INFO - [2026-03-11T11:07:32.768+0000] {dag.py:3820} INFO - Setting next_dagrun for youtube_trending_tracker to 2026-03-11T08:00:00+00:00, run_after=2026-03-11T10:00:00+00:00
[2026-03-11T11:07:32.853+0000] {processor.py:183} INFO - Processing /opt/airflow/dags/youtube_trending_dag.py took 0.395 seconds
[2026-03-11T11:08:03.055+0000] {processor.py:161} INFO - Started process (PID=2022) to work on /opt/airflow/dags/youtube_trending_dag.py
[2026-03-11T11:08:03.059+0000] {processor.py:830} INFO - Processing file /opt/airflow/dags/youtube_trending_dag.py for tasks to queue
[2026-03-11T11:08:03.063+0000] {logging_mixin.py:188} INFO - [2026-03-11T11:08:03.062+0000] {dagbag.py:538} INFO - Filling up the DagBag from /opt/airflow/dags/youtube_trending_dag.py
[2026-03-11T11:08:03.144+0000] {processor.py:840} INFO - DAG(s) 'youtube_trending_tracker' retrieved from /opt/airflow/dags/youtube_trending_dag.py
[2026-03-11T11:08:03.345+0000] {logging_mixin.py:188} INFO - [2026-03-11T11:08:03.344+0000] {dag.py:3033} INFO - Sync 1 DAGs
[2026-03-11T11:08:03.489+0000] {logging_mixin.py:188} INFO - [2026-03-11T11:08:03.489+0000] {dag.py:3820} INFO - Setting next_dagrun for youtube_trending_tracker to 2026-03-11T08:00:00+00:00, run_after=2026-03-11T10:00:00+00:00
[2026-03-11T11:08:03.606+0000] {processor.py:183} INFO - Processing /opt/airflow/dags/youtube_trending_dag.py took 0.568 seconds
[2026-03-11T11:08:33.938+0000] {processor.py:161} INFO - Started process (PID=2043) to work on /opt/airflow/dags/youtube_trending_dag.py
[2026-03-11T11:08:33.944+0000] {processor.py:830} INFO - Processing file /opt/airflow/dags/youtube_trending_dag.py for tasks to queue
[2026-03-11T11:08:33.960+0000] {logging_mixin.py:188} INFO - [2026-03-11T11:08:33.947+0000] {dagbag.py:538} INFO - Filling up the DagBag from /opt/airflow/dags/youtube_trending_dag.py
[2026-03-11T11:08:34.039+0000] {processor.py:840} INFO - DAG(s) 'youtube_trending_tracker' retrieved from /opt/airflow/dags/youtube_trending_dag.py
[2026-03-11T11:08:34.226+0000] {logging_mixin.py:188} INFO - [2026-03-11T11:08:34.225+0000] {dag.py:3033} INFO - Sync 1 DAGs
[2026-03-11T11:08:34.364+0000] {logging_mixin.py:188} INFO - [2026-03-11T11:08:34.363+0000] {dag.py:3820} INFO - Setting next_dagrun for youtube_trending_tracker to 2026-03-11T08:00:00+00:00, run_after=2026-03-11T10:00:00+00:00
[2026-03-11T11:08:34.468+0000] {processor.py:183} INFO - Processing /opt/airflow/dags/youtube_trending_dag.py took 0.641 seconds
[2026-03-11T11:09:05.116+0000] {processor.py:161} INFO - Started process (PID=2064) to work on /opt/airflow/dags/youtube_trending_dag.py
[2026-03-11T11:09:05.119+0000] {processor.py:830} INFO - Processing file /opt/airflow/dags/youtube_trending_dag.py for tasks to queue
[2026-03-11T11:09:05.122+0000] {logging_mixin.py:188} INFO - [2026-03-11T11:09:05.121+0000] {dagbag.py:538} INFO - Filling up the DagBag from /opt/airflow/dags/youtube_trending_dag.py
[2026-03-11T11:09:05.181+0000] {processor.py:840} INFO - DAG(s) 'youtube_trending_tracker' retrieved from /opt/airflow/dags/youtube_trending_dag.py
[2026-03-11T11:09:05.286+0000] {logging_mixin.py:188} INFO - [2026-03-11T11:09:05.286+0000] {dag.py:3033} INFO - Sync 1 DAGs
[2026-03-11T11:09:05.400+0000] {logging_mixin.py:188} INFO - [2026-03-11T11:09:05.399+0000] {dag.py:3820} INFO - Setting next_dagrun for youtube_trending_tracker to 2026-03-11T08:00:00+00:00, run_after=2026-03-11T10:00:00+00:00
[2026-03-11T11:09:05.486+0000] {processor.py:183} INFO - Processing /opt/airflow/dags/youtube_trending_dag.py took 0.382 seconds
[2026-03-11T11:09:35.866+0000] {processor.py:161} INFO - Started process (PID=2085) to work on /opt/airflow/dags/youtube_trending_dag.py
[2026-03-11T11:09:35.869+0000] {processor.py:830} INFO - Processing file /opt/airflow/dags/youtube_trending_dag.py for tasks to queue
[2026-03-11T11:09:35.872+0000] {logging_mixin.py:188} INFO - [2026-03-11T11:09:35.870+0000] {dagbag.py:538} INFO - Filling up the DagBag from /opt/airflow/dags/youtube_trending_dag.py
[2026-03-11T11:09:35.943+0000] {processor.py:840} INFO - DAG(s) 'youtube_trending_tracker' retrieved from /opt/airflow/dags/youtube_trending_dag.py
[2026-03-11T11:09:36.038+0000] {logging_mixin.py:188} INFO - [2026-03-11T11:09:36.038+0000] {dag.py:3033} INFO - Sync 1 DAGs
[2026-03-11T11:09:36.166+0000] {logging_mixin.py:188} INFO - [2026-03-11T11:09:36.165+0000] {dag.py:3820} INFO - Setting next_dagrun for youtube_trending_tracker to 2026-03-11T08:00:00+00:00, run_after=2026-03-11T10:00:00+00:00
[2026-03-11T11:09:36.274+0000] {processor.py:183} INFO - Processing /opt/airflow/dags/youtube_trending_dag.py took 0.420 seconds
[2026-03-11T11:10:06.452+0000] {processor.py:161} INFO - Started process (PID=2106) to work on /opt/airflow/dags/youtube_trending_dag.py
[2026-03-11T11:10:06.456+0000] {processor.py:830} INFO - Processing file /opt/airflow/dags/youtube_trending_dag.py for tasks to queue
[2026-03-11T11:10:06.458+0000] {logging_mixin.py:188} INFO - [2026-03-11T11:10:06.457+0000] {dagbag.py:538} INFO - Filling up the DagBag from /opt/airflow/dags/youtube_trending_dag.py
[2026-03-11T11:10:06.523+0000] {processor.py:840} INFO - DAG(s) 'youtube_trending_tracker' retrieved from /opt/airflow/dags/youtube_trending_dag.py
[2026-03-11T11:10:06.631+0000] {logging_mixin.py:188} INFO - [2026-03-11T11:10:06.631+0000] {dag.py:3033} INFO - Sync 1 DAGs
[2026-03-11T11:10:06.731+0000] {logging_mixin.py:188} INFO - [2026-03-11T11:10:06.730+0000] {dag.py:3820} INFO - Setting next_dagrun for youtube_trending_tracker to 2026-03-11T08:00:00+00:00, run_after=2026-03-11T10:00:00+00:00
[2026-03-11T11:10:06.795+0000] {processor.py:183} INFO - Processing /opt/airflow/dags/youtube_trending_dag.py took 0.356 seconds
[2026-03-11T11:10:36.982+0000] {processor.py:161} INFO - Started process (PID=2127) to work on /opt/airflow/dags/youtube_trending_dag.py
[2026-03-11T11:10:36.987+0000] {processor.py:830} INFO - Processing file /opt/airflow/dags/youtube_trending_dag.py for tasks to queue
[2026-03-11T11:10:36.996+0000] {logging_mixin.py:188} INFO - [2026-03-11T11:10:36.990+0000] {dagbag.py:538} INFO - Filling up the DagBag from /opt/airflow/dags/youtube_trending_dag.py
[2026-03-11T11:10:37.074+0000] {processor.py:840} INFO - DAG(s) 'youtube_trending_tracker' retrieved from /opt/airflow/dags/youtube_trending_dag.py
[2026-03-11T11:10:37.224+0000] {logging_mixin.py:188} INFO - [2026-03-11T11:10:37.224+0000] {dag.py:3033} INFO - Sync 1 DAGs
[2026-03-11T11:10:37.391+0000] {logging_mixin.py:188} INFO - [2026-03-11T11:10:37.390+0000] {dag.py:3820} INFO - Setting next_dagrun for youtube_trending_tracker to 2026-03-11T08:00:00+00:00, run_after=2026-03-11T10:00:00+00:00
[2026-03-11T11:10:37.470+0000] {processor.py:183} INFO - Processing /opt/airflow/dags/youtube_trending_dag.py took 0.501 seconds
[2026-03-11T11:11:07.632+0000] {processor.py:161} INFO - Started process (PID=2148) to work on /opt/airflow/dags/youtube_trending_dag.py
[2026-03-11T11:11:07.637+0000] {processor.py:830} INFO - Processing file /opt/airflow/dags/youtube_trending_dag.py for tasks to queue
[2026-03-11T11:11:07.644+0000] {logging_mixin.py:188} INFO - [2026-03-11T11:11:07.641+0000] {dagbag.py:538} INFO - Filling up the DagBag from /opt/airflow/dags/youtube_trending_dag.py
[2026-03-11T11:11:07.724+0000] {processor.py:840} INFO - DAG(s) 'youtube_trending_tracker' retrieved from /opt/airflow/dags/youtube_trending_dag.py
[2026-03-11T11:11:07.821+0000] {logging_mixin.py:188} INFO - [2026-03-11T11:11:07.821+0000] {dag.py:3033} INFO - Sync 1 DAGs
[2026-03-11T11:11:07.945+0000] {logging_mixin.py:188} INFO - [2026-03-11T11:11:07.945+0000] {dag.py:3820} INFO - Setting next_dagrun for youtube_trending_tracker to 2026-03-11T08:00:00+00:00, run_after=2026-03-11T10:00:00+00:00
[2026-03-11T11:11:08.023+0000] {processor.py:183} INFO - Processing /opt/airflow/dags/youtube_trending_dag.py took 0.409 seconds
[2026-03-11T11:11:38.310+0000] {processor.py:161} INFO - Started process (PID=2169) to work on /opt/airflow/dags/youtube_trending_dag.py
[2026-03-11T11:11:38.313+0000] {processor.py:830} INFO - Processing file /opt/airflow/dags/youtube_trending_dag.py for tasks to queue
[2026-03-11T11:11:38.318+0000] {logging_mixin.py:188} INFO - [2026-03-11T11:11:38.317+0000] {dagbag.py:538} INFO - Filling up the DagBag from /opt/airflow/dags/youtube_trending_dag.py
[2026-03-11T11:11:38.399+0000] {processor.py:840} INFO - DAG(s) 'youtube_trending_tracker' retrieved from /opt/airflow/dags/youtube_trending_dag.py
[2026-03-11T11:11:38.590+0000] {logging_mixin.py:188} INFO - [2026-03-11T11:11:38.590+0000] {dag.py:3033} INFO - Sync 1 DAGs
[2026-03-11T11:11:38.700+0000] {logging_mixin.py:188} INFO - [2026-03-11T11:11:38.699+0000] {dag.py:3820} INFO - Setting next_dagrun for youtube_trending_tracker to 2026-03-11T08:00:00+00:00, run_after=2026-03-11T10:00:00+00:00
[2026-03-11T11:11:38.784+0000] {processor.py:183} INFO - Processing /opt/airflow/dags/youtube_trending_dag.py took 0.483 seconds
[2026-03-11T11:12:09.546+0000] {processor.py:161} INFO - Started process (PID=2190) to work on /opt/airflow/dags/youtube_trending_dag.py
[2026-03-11T11:12:09.550+0000] {processor.py:830} INFO - Processing file /opt/airflow/dags/youtube_trending_dag.py for tasks to queue
[2026-03-11T11:12:09.554+0000] {logging_mixin.py:188} INFO - [2026-03-11T11:12:09.553+0000] {dagbag.py:538} INFO - Filling up the DagBag from /opt/airflow/dags/youtube_trending_dag.py
[2026-03-11T11:12:09.624+0000] {processor.py:840} INFO - DAG(s) 'youtube_trending_tracker' retrieved from /opt/airflow/dags/youtube_trending_dag.py
[2026-03-11T11:12:09.764+0000] {logging_mixin.py:188} INFO - [2026-03-11T11:12:09.763+0000] {dag.py:3033} INFO - Sync 1 DAGs
[2026-03-11T11:12:09.896+0000] {logging_mixin.py:188} INFO - [2026-03-11T11:12:09.896+0000] {dag.py:3820} INFO - Setting next_dagrun for youtube_trending_tracker to 2026-03-11T08:00:00+00:00, run_after=2026-03-11T10:00:00+00:00
[2026-03-11T11:12:10.008+0000] {processor.py:183} INFO - Processing /opt/airflow/dags/youtube_trending_dag.py took 0.475 seconds
[2026-03-11T11:12:40.739+0000] {processor.py:161} INFO - Started process (PID=2211) to work on /opt/airflow/dags/youtube_trending_dag.py
[2026-03-11T11:12:40.744+0000] {processor.py:830} INFO - Processing file /opt/airflow/dags/youtube_trending_dag.py for tasks to queue
[2026-03-11T11:12:40.748+0000] {logging_mixin.py:188} INFO - [2026-03-11T11:12:40.746+0000] {dagbag.py:538} INFO - Filling up the DagBag from /opt/airflow/dags/youtube_trending_dag.py
[2026-03-11T11:12:40.815+0000] {processor.py:840} INFO - DAG(s) 'youtube_trending_tracker' retrieved from /opt/airflow/dags/youtube_trending_dag.py
[2026-03-11T11:12:40.942+0000] {logging_mixin.py:188} INFO - [2026-03-11T11:12:40.941+0000] {dag.py:3033} INFO - Sync 1 DAGs
[2026-03-11T11:12:41.045+0000] {logging_mixin.py:188} INFO - [2026-03-11T11:12:41.044+0000] {dag.py:3820} INFO - Setting next_dagrun for youtube_trending_tracker to 2026-03-11T08:00:00+00:00, run_after=2026-03-11T10:00:00+00:00
[2026-03-11T11:12:41.127+0000] {processor.py:183} INFO - Processing /opt/airflow/dags/youtube_trending_dag.py took 0.399 seconds
[2026-03-11T11:13:11.524+0000] {processor.py:161} INFO - Started process (PID=2229) to work on /opt/airflow/dags/youtube_trending_dag.py
[2026-03-11T11:13:11.526+0000] {processor.py:830} INFO - Processing file /opt/airflow/dags/youtube_trending_dag.py for tasks to queue
[2026-03-11T11:13:11.529+0000] {logging_mixin.py:188} INFO - [2026-03-11T11:13:11.528+0000] {dagbag.py:538} INFO - Filling up the DagBag from /opt/airflow/dags/youtube_trending_dag.py
[2026-03-11T11:13:11.588+0000] {processor.py:840} INFO - DAG(s) 'youtube_trending_tracker' retrieved from /opt/airflow/dags/youtube_trending_dag.py
[2026-03-11T11:13:11.705+0000] {logging_mixin.py:188} INFO - [2026-03-11T11:13:11.705+0000] {dag.py:3033} INFO - Sync 1 DAGs
[2026-03-11T11:13:11.800+0000] {logging_mixin.py:188} INFO - [2026-03-11T11:13:11.800+0000] {dag.py:3820} INFO - Setting next_dagrun for youtube_trending_tracker to 2026-03-11T08:00:00+00:00, run_after=2026-03-11T10:00:00+00:00
[2026-03-11T11:13:11.898+0000] {processor.py:183} INFO - Processing /opt/airflow/dags/youtube_trending_dag.py took 0.385 seconds
[2026-03-11T11:13:42.119+0000] {processor.py:161} INFO - Started process (PID=2250) to work on /opt/airflow/dags/youtube_trending_dag.py
[2026-03-11T11:13:42.123+0000] {processor.py:830} INFO - Processing file /opt/airflow/dags/youtube_trending_dag.py for tasks to queue
[2026-03-11T11:13:42.127+0000] {logging_mixin.py:188} INFO - [2026-03-11T11:13:42.126+0000] {dagbag.py:538} INFO - Filling up the DagBag from /opt/airflow/dags/youtube_trending_dag.py
[2026-03-11T11:13:42.202+0000] {processor.py:840} INFO - DAG(s) 'youtube_trending_tracker' retrieved from /opt/airflow/dags/youtube_trending_dag.py
[2026-03-11T11:13:42.375+0000] {logging_mixin.py:188} INFO - [2026-03-11T11:13:42.374+0000] {dag.py:3033} INFO - Sync 1 DAGs
[2026-03-11T11:13:42.607+0000] {logging_mixin.py:188} INFO - [2026-03-11T11:13:42.606+0000] {dag.py:3820} INFO - Setting next_dagrun for youtube_trending_tracker to 2026-03-11T08:00:00+00:00, run_after=2026-03-11T10:00:00+00:00
[2026-03-11T11:13:42.700+0000] {processor.py:183} INFO - Processing /opt/airflow/dags/youtube_trending_dag.py took 0.598 seconds
[2026-03-11T11:14:12.899+0000] {processor.py:161} INFO - Started process (PID=2271) to work on /opt/airflow/dags/youtube_trending_dag.py
[2026-03-11T11:14:12.902+0000] {processor.py:830} INFO - Processing file /opt/airflow/dags/youtube_trending_dag.py for tasks to queue
[2026-03-11T11:14:12.905+0000] {logging_mixin.py:188} INFO - [2026-03-11T11:14:12.904+0000] {dagbag.py:538} INFO - Filling up the DagBag from /opt/airflow/dags/youtube_trending_dag.py
[2026-03-11T11:14:12.976+0000] {processor.py:840} INFO - DAG(s) 'youtube_trending_tracker' retrieved from /opt/airflow/dags/youtube_trending_dag.py
[2026-03-11T11:14:13.111+0000] {logging_mixin.py:188} INFO - [2026-03-11T11:14:13.111+0000] {dag.py:3033} INFO - Sync 1 DAGs
[2026-03-11T11:14:13.245+0000] {logging_mixin.py:188} INFO - [2026-03-11T11:14:13.244+0000] {dag.py:3820} INFO - Setting next_dagrun for youtube_trending_tracker to 2026-03-11T08:00:00+00:00, run_after=2026-03-11T10:00:00+00:00
[2026-03-11T11:14:13.737+0000] {processor.py:183} INFO - Processing /opt/airflow/dags/youtube_trending_dag.py took 0.854 seconds
[2026-03-11T11:16:13.573+0000] {processor.py:161} INFO - Started process (PID=182) to work on /opt/airflow/dags/youtube_trending_dag.py
[2026-03-11T11:16:13.575+0000] {processor.py:830} INFO - Processing file /opt/airflow/dags/youtube_trending_dag.py for tasks to queue
[2026-03-11T11:16:13.582+0000] {logging_mixin.py:188} INFO - [2026-03-11T11:16:13.581+0000] {dagbag.py:538} INFO - Filling up the DagBag from /opt/airflow/dags/youtube_trending_dag.py
[2026-03-11T11:16:13.630+0000] {processor.py:840} INFO - DAG(s) 'youtube_trending_tracker' retrieved from /opt/airflow/dags/youtube_trending_dag.py
[2026-03-11T11:16:13.696+0000] {logging_mixin.py:188} INFO - [2026-03-11T11:16:13.694+0000] {dag.py:3033} INFO - Sync 1 DAGs
[2026-03-11T11:16:13.798+0000] {logging_mixin.py:188} INFO - [2026-03-11T11:16:13.797+0000] {dag.py:3820} INFO - Setting next_dagrun for youtube_trending_tracker to 2026-03-11T08:00:00+00:00, run_after=2026-03-11T10:00:00+00:00
[2026-03-11T11:16:13.872+0000] {processor.py:183} INFO - Processing /opt/airflow/dags/youtube_trending_dag.py took 0.307 seconds
[2026-03-11T11:16:44.044+0000] {processor.py:161} INFO - Started process (PID=208) to work on /opt/airflow/dags/youtube_trending_dag.py
[2026-03-11T11:16:44.047+0000] {processor.py:830} INFO - Processing file /opt/airflow/dags/youtube_trending_dag.py for tasks to queue
[2026-03-11T11:16:44.052+0000] {logging_mixin.py:188} INFO - [2026-03-11T11:16:44.051+0000] {dagbag.py:538} INFO - Filling up the DagBag from /opt/airflow/dags/youtube_trending_dag.py
[2026-03-11T11:16:44.105+0000] {processor.py:840} INFO - DAG(s) 'youtube_trending_tracker' retrieved from /opt/airflow/dags/youtube_trending_dag.py
[2026-03-11T11:16:44.526+0000] {logging_mixin.py:188} INFO - [2026-03-11T11:16:44.524+0000] {dag.py:3033} INFO - Sync 1 DAGs
[2026-03-11T11:16:44.622+0000] {logging_mixin.py:188} INFO - [2026-03-11T11:16:44.622+0000] {dag.py:3820} INFO - Setting next_dagrun for youtube_trending_tracker to 2026-03-11T08:00:00+00:00, run_after=2026-03-11T10:00:00+00:00
[2026-03-11T11:16:44.731+0000] {processor.py:183} INFO - Processing /opt/airflow/dags/youtube_trending_dag.py took 0.698 seconds
[2026-03-11T11:17:15.223+0000] {processor.py:161} INFO - Started process (PID=240) to work on /opt/airflow/dags/youtube_trending_dag.py
[2026-03-11T11:17:15.226+0000] {processor.py:830} INFO - Processing file /opt/airflow/dags/youtube_trending_dag.py for tasks to queue
[2026-03-11T11:17:15.235+0000] {logging_mixin.py:188} INFO - [2026-03-11T11:17:15.234+0000] {dagbag.py:538} INFO - Filling up the DagBag from /opt/airflow/dags/youtube_trending_dag.py
[2026-03-11T11:17:15.315+0000] {processor.py:840} INFO - DAG(s) 'youtube_trending_tracker' retrieved from /opt/airflow/dags/youtube_trending_dag.py
[2026-03-11T11:17:15.436+0000] {logging_mixin.py:188} INFO - [2026-03-11T11:17:15.434+0000] {dag.py:3033} INFO - Sync 1 DAGs
[2026-03-11T11:17:15.534+0000] {logging_mixin.py:188} INFO - [2026-03-11T11:17:15.534+0000] {dag.py:3820} INFO - Setting next_dagrun for youtube_trending_tracker to 2026-03-11T08:00:00+00:00, run_after=2026-03-11T10:00:00+00:00
[2026-03-11T11:17:15.674+0000] {processor.py:183} INFO - Processing /opt/airflow/dags/youtube_trending_dag.py took 0.463 seconds
[2026-03-11T11:17:46.284+0000] {processor.py:161} INFO - Started process (PID=272) to work on /opt/airflow/dags/youtube_trending_dag.py
[2026-03-11T11:17:46.290+0000] {processor.py:830} INFO - Processing file /opt/airflow/dags/youtube_trending_dag.py for tasks to queue
[2026-03-11T11:17:46.300+0000] {logging_mixin.py:188} INFO - [2026-03-11T11:17:46.298+0000] {dagbag.py:538} INFO - Filling up the DagBag from /opt/airflow/dags/youtube_trending_dag.py
[2026-03-11T11:17:46.389+0000] {processor.py:840} INFO - DAG(s) 'youtube_trending_tracker' retrieved from /opt/airflow/dags/youtube_trending_dag.py
[2026-03-11T11:17:46.546+0000] {logging_mixin.py:188} INFO - [2026-03-11T11:17:46.544+0000] {dag.py:3033} INFO - Sync 1 DAGs
[2026-03-11T11:17:46.706+0000] {logging_mixin.py:188} INFO - [2026-03-11T11:17:46.705+0000] {dag.py:3820} INFO - Setting next_dagrun for youtube_trending_tracker to 2026-03-11T08:00:00+00:00, run_after=2026-03-11T10:00:00+00:00
[2026-03-11T11:17:46.846+0000] {processor.py:183} INFO - Processing /opt/airflow/dags/youtube_trending_dag.py took 0.576 seconds
[2026-03-11T11:18:17.237+0000] {processor.py:161} INFO - Started process (PID=304) to work on /opt/airflow/dags/youtube_trending_dag.py
[2026-03-11T11:18:17.241+0000] {processor.py:830} INFO - Processing file /opt/airflow/dags/youtube_trending_dag.py for tasks to queue
[2026-03-11T11:18:17.254+0000] {logging_mixin.py:188} INFO - [2026-03-11T11:18:17.252+0000] {dagbag.py:538} INFO - Filling up the DagBag from /opt/airflow/dags/youtube_trending_dag.py
[2026-03-11T11:18:17.314+0000] {processor.py:840} INFO - DAG(s) 'youtube_trending_tracker' retrieved from /opt/airflow/dags/youtube_trending_dag.py
[2026-03-11T11:18:17.485+0000] {logging_mixin.py:188} INFO - [2026-03-11T11:18:17.482+0000] {dag.py:3033} INFO - Sync 1 DAGs
[2026-03-11T11:18:17.609+0000] {logging_mixin.py:188} INFO - [2026-03-11T11:18:17.608+0000] {dag.py:3820} INFO - Setting next_dagrun for youtube_trending_tracker to 2026-03-11T08:00:00+00:00, run_after=2026-03-11T10:00:00+00:00
[2026-03-11T11:18:17.670+0000] {processor.py:183} INFO - Processing /opt/airflow/dags/youtube_trending_dag.py took 0.448 seconds
[2026-03-11T11:18:48.092+0000] {processor.py:161} INFO - Started process (PID=336) to work on /opt/airflow/dags/youtube_trending_dag.py
[2026-03-11T11:18:48.095+0000] {processor.py:830} INFO - Processing file /opt/airflow/dags/youtube_trending_dag.py for tasks to queue
[2026-03-11T11:18:48.103+0000] {logging_mixin.py:188} INFO - [2026-03-11T11:18:48.102+0000] {dagbag.py:538} INFO - Filling up the DagBag from /opt/airflow/dags/youtube_trending_dag.py
[2026-03-11T11:18:48.156+0000] {processor.py:840} INFO - DAG(s) 'youtube_trending_tracker' retrieved from /opt/airflow/dags/youtube_trending_dag.py
[2026-03-11T11:18:48.258+0000] {logging_mixin.py:188} INFO - [2026-03-11T11:18:48.257+0000] {dag.py:3033} INFO - Sync 1 DAGs
[2026-03-11T11:18:48.338+0000] {logging_mixin.py:188} INFO - [2026-03-11T11:18:48.338+0000] {dag.py:3820} INFO - Setting next_dagrun for youtube_trending_tracker to 2026-03-11T08:00:00+00:00, run_after=2026-03-11T10:00:00+00:00
[2026-03-11T11:18:48.410+0000] {processor.py:183} INFO - Processing /opt/airflow/dags/youtube_trending_dag.py took 0.331 seconds
[2026-03-11T11:19:18.715+0000] {processor.py:161} INFO - Started process (PID=376) to work on /opt/airflow/dags/youtube_trending_dag.py
[2026-03-11T11:19:18.717+0000] {processor.py:830} INFO - Processing file /opt/airflow/dags/youtube_trending_dag.py for tasks to queue
[2026-03-11T11:19:18.723+0000] {logging_mixin.py:188} INFO - [2026-03-11T11:19:18.723+0000] {dagbag.py:538} INFO - Filling up the DagBag from /opt/airflow/dags/youtube_trending_dag.py
[2026-03-11T11:19:18.769+0000] {processor.py:840} INFO - DAG(s) 'youtube_trending_tracker' retrieved from /opt/airflow/dags/youtube_trending_dag.py
[2026-03-11T11:19:18.861+0000] {logging_mixin.py:188} INFO - [2026-03-11T11:19:18.859+0000] {dag.py:3033} INFO - Sync 1 DAGs
[2026-03-11T11:19:18.986+0000] {logging_mixin.py:188} INFO - [2026-03-11T11:19:18.981+0000] {dag.py:3820} INFO - Setting next_dagrun for youtube_trending_tracker to 2026-03-11T08:00:00+00:00, run_after=2026-03-11T10:00:00+00:00
[2026-03-11T11:19:19.077+0000] {processor.py:183} INFO - Processing /opt/airflow/dags/youtube_trending_dag.py took 0.371 seconds
[2026-03-11T11:19:49.387+0000] {processor.py:161} INFO - Started process (PID=408) to work on /opt/airflow/dags/youtube_trending_dag.py
[2026-03-11T11:19:49.389+0000] {processor.py:830} INFO - Processing file /opt/airflow/dags/youtube_trending_dag.py for tasks to queue
[2026-03-11T11:19:49.398+0000] {logging_mixin.py:188} INFO - [2026-03-11T11:19:49.396+0000] {dagbag.py:538} INFO - Filling up the DagBag from /opt/airflow/dags/youtube_trending_dag.py
[2026-03-11T11:19:49.455+0000] {processor.py:840} INFO - DAG(s) 'youtube_trending_tracker' retrieved from /opt/airflow/dags/youtube_trending_dag.py
[2026-03-11T11:19:49.590+0000] {logging_mixin.py:188} INFO - [2026-03-11T11:19:49.587+0000] {dag.py:3033} INFO - Sync 1 DAGs
[2026-03-11T11:19:49.749+0000] {logging_mixin.py:188} INFO - [2026-03-11T11:19:49.749+0000] {dag.py:3820} INFO - Setting next_dagrun for youtube_trending_tracker to 2026-03-11T08:00:00+00:00, run_after=2026-03-11T10:00:00+00:00
[2026-03-11T11:19:49.827+0000] {processor.py:183} INFO - Processing /opt/airflow/dags/youtube_trending_dag.py took 0.450 seconds
[2026-03-11T11:20:20.525+0000] {processor.py:161} INFO - Started process (PID=440) to work on /opt/airflow/dags/youtube_trending_dag.py
[2026-03-11T11:20:20.528+0000] {processor.py:830} INFO - Processing file /opt/airflow/dags/youtube_trending_dag.py for tasks to queue
[2026-03-11T11:20:20.535+0000] {logging_mixin.py:188} INFO - [2026-03-11T11:20:20.534+0000] {dagbag.py:538} INFO - Filling up the DagBag from /opt/airflow/dags/youtube_trending_dag.py
[2026-03-11T11:20:20.611+0000] {processor.py:840} INFO - DAG(s) 'youtube_trending_tracker' retrieved from /opt/airflow/dags/youtube_trending_dag.py
[2026-03-11T11:20:20.717+0000] {logging_mixin.py:188} INFO - [2026-03-11T11:20:20.713+0000] {dag.py:3033} INFO - Sync 1 DAGs
[2026-03-11T11:20:20.844+0000] {logging_mixin.py:188} INFO - [2026-03-11T11:20:20.843+0000] {dag.py:3820} INFO - Setting next_dagrun for youtube_trending_tracker to 2026-03-11T08:00:00+00:00, run_after=2026-03-11T10:00:00+00:00
[2026-03-11T11:20:20.914+0000] {processor.py:183} INFO - Processing /opt/airflow/dags/youtube_trending_dag.py took 0.398 seconds
[2026-03-11T11:20:51.625+0000] {processor.py:161} INFO - Started process (PID=490) to work on /opt/airflow/dags/youtube_trending_dag.py
[2026-03-11T11:20:51.629+0000] {processor.py:830} INFO - Processing file /opt/airflow/dags/youtube_trending_dag.py for tasks to queue
[2026-03-11T11:20:51.639+0000] {logging_mixin.py:188} INFO - [2026-03-11T11:20:51.638+0000] {dagbag.py:538} INFO - Filling up the DagBag from /opt/airflow/dags/youtube_trending_dag.py
[2026-03-11T11:20:51.719+0000] {processor.py:840} INFO - DAG(s) 'youtube_trending_tracker' retrieved from /opt/airflow/dags/youtube_trending_dag.py
[2026-03-11T11:20:51.867+0000] {logging_mixin.py:188} INFO - [2026-03-11T11:20:51.865+0000] {dag.py:3033} INFO - Sync 1 DAGs
[2026-03-11T11:20:52.014+0000] {logging_mixin.py:188} INFO - [2026-03-11T11:20:52.013+0000] {dag.py:3820} INFO - Setting next_dagrun for youtube_trending_tracker to 2026-03-11T10:00:00+00:00, run_after=2026-03-11T12:00:00+00:00
[2026-03-11T11:20:52.148+0000] {processor.py:183} INFO - Processing /opt/airflow/dags/youtube_trending_dag.py took 0.539 seconds
[2026-03-11T11:21:22.437+0000] {processor.py:161} INFO - Started process (PID=540) to work on /opt/airflow/dags/youtube_trending_dag.py
[2026-03-11T11:21:22.440+0000] {processor.py:830} INFO - Processing file /opt/airflow/dags/youtube_trending_dag.py for tasks to queue
[2026-03-11T11:21:22.455+0000] {logging_mixin.py:188} INFO - [2026-03-11T11:21:22.452+0000] {dagbag.py:538} INFO - Filling up the DagBag from /opt/airflow/dags/youtube_trending_dag.py
[2026-03-11T11:21:22.539+0000] {processor.py:840} INFO - DAG(s) 'youtube_trending_tracker' retrieved from /opt/airflow/dags/youtube_trending_dag.py
[2026-03-11T11:21:22.660+0000] {logging_mixin.py:188} INFO - [2026-03-11T11:21:22.658+0000] {dag.py:3033} INFO - Sync 1 DAGs
[2026-03-11T11:21:22.797+0000] {logging_mixin.py:188} INFO - [2026-03-11T11:21:22.796+0000] {dag.py:3820} INFO - Setting next_dagrun for youtube_trending_tracker to 2026-03-11T10:00:00+00:00, run_after=2026-03-11T12:00:00+00:00
[2026-03-11T11:21:22.894+0000] {processor.py:183} INFO - Processing /opt/airflow/dags/youtube_trending_dag.py took 0.470 seconds
[2026-03-11T11:21:53.223+0000] {processor.py:161} INFO - Started process (PID=574) to work on /opt/airflow/dags/youtube_trending_dag.py
[2026-03-11T11:21:53.230+0000] {processor.py:830} INFO - Processing file /opt/airflow/dags/youtube_trending_dag.py for tasks to queue
[2026-03-11T11:21:53.254+0000] {logging_mixin.py:188} INFO - [2026-03-11T11:21:53.253+0000] {dagbag.py:538} INFO - Filling up the DagBag from /opt/airflow/dags/youtube_trending_dag.py
[2026-03-11T11:21:53.379+0000] {processor.py:840} INFO - DAG(s) 'youtube_trending_tracker' retrieved from /opt/airflow/dags/youtube_trending_dag.py
[2026-03-11T11:21:53.534+0000] {logging_mixin.py:188} INFO - [2026-03-11T11:21:53.533+0000] {dag.py:3033} INFO - Sync 1 DAGs
[2026-03-11T11:21:53.743+0000] {logging_mixin.py:188} INFO - [2026-03-11T11:21:53.742+0000] {dag.py:3820} INFO - Setting next_dagrun for youtube_trending_tracker to 2026-03-11T10:00:00+00:00, run_after=2026-03-11T12:00:00+00:00
[2026-03-11T11:21:53.837+0000] {processor.py:183} INFO - Processing /opt/airflow/dags/youtube_trending_dag.py took 0.629 seconds
[2026-03-11T11:22:24.656+0000] {processor.py:161} INFO - Started process (PID=606) to work on /opt/airflow/dags/youtube_trending_dag.py
[2026-03-11T11:22:24.661+0000] {processor.py:830} INFO - Processing file /opt/airflow/dags/youtube_trending_dag.py for tasks to queue
[2026-03-11T11:22:24.670+0000] {logging_mixin.py:188} INFO - [2026-03-11T11:22:24.669+0000] {dagbag.py:538} INFO - Filling up the DagBag from /opt/airflow/dags/youtube_trending_dag.py
[2026-03-11T11:22:24.737+0000] {processor.py:840} INFO - DAG(s) 'youtube_trending_tracker' retrieved from /opt/airflow/dags/youtube_trending_dag.py
[2026-03-11T11:22:24.865+0000] {logging_mixin.py:188} INFO - [2026-03-11T11:22:24.864+0000] {dag.py:3033} INFO - Sync 1 DAGs
[2026-03-11T11:22:24.963+0000] {logging_mixin.py:188} INFO - [2026-03-11T11:22:24.963+0000] {dag.py:3820} INFO - Setting next_dagrun for youtube_trending_tracker to 2026-03-11T10:00:00+00:00, run_after=2026-03-11T12:00:00+00:00
[2026-03-11T11:22:25.029+0000] {processor.py:183} INFO - Processing /opt/airflow/dags/youtube_trending_dag.py took 0.387 seconds
[2026-03-11T11:22:55.479+0000] {processor.py:161} INFO - Started process (PID=638) to work on /opt/airflow/dags/youtube_trending_dag.py
[2026-03-11T11:22:55.491+0000] {processor.py:830} INFO - Processing file /opt/airflow/dags/youtube_trending_dag.py for tasks to queue
[2026-03-11T11:22:55.619+0000] {logging_mixin.py:188} INFO - [2026-03-11T11:22:55.509+0000] {dagbag.py:538} INFO - Filling up the DagBag from /opt/airflow/dags/youtube_trending_dag.py
[2026-03-11T11:22:55.686+0000] {processor.py:840} INFO - DAG(s) 'youtube_trending_tracker' retrieved from /opt/airflow/dags/youtube_trending_dag.py
[2026-03-11T11:22:55.792+0000] {logging_mixin.py:188} INFO - [2026-03-11T11:22:55.790+0000] {dag.py:3033} INFO - Sync 1 DAGs
[2026-03-11T11:22:55.870+0000] {logging_mixin.py:188} INFO - [2026-03-11T11:22:55.869+0000] {dag.py:3820} INFO - Setting next_dagrun for youtube_trending_tracker to 2026-03-11T10:00:00+00:00, run_after=2026-03-11T12:00:00+00:00
[2026-03-11T11:22:55.936+0000] {processor.py:183} INFO - Processing /opt/airflow/dags/youtube_trending_dag.py took 0.472 seconds
[2026-03-11T11:23:26.273+0000] {processor.py:161} INFO - Started process (PID=670) to work on /opt/airflow/dags/youtube_trending_dag.py
[2026-03-11T11:23:26.277+0000] {processor.py:830} INFO - Processing file /opt/airflow/dags/youtube_trending_dag.py for tasks to queue
[2026-03-11T11:23:26.289+0000] {logging_mixin.py:188} INFO - [2026-03-11T11:23:26.288+0000] {dagbag.py:538} INFO - Filling up the DagBag from /opt/airflow/dags/youtube_trending_dag.py
[2026-03-11T11:23:26.355+0000] {processor.py:840} INFO - DAG(s) 'youtube_trending_tracker' retrieved from /opt/airflow/dags/youtube_trending_dag.py
[2026-03-11T11:23:26.475+0000] {logging_mixin.py:188} INFO - [2026-03-11T11:23:26.474+0000] {dag.py:3033} INFO - Sync 1 DAGs
[2026-03-11T11:23:26.582+0000] {logging_mixin.py:188} INFO - [2026-03-11T11:23:26.581+0000] {dag.py:3820} INFO - Setting next_dagrun for youtube_trending_tracker to 2026-03-11T10:00:00+00:00, run_after=2026-03-11T12:00:00+00:00
[2026-03-11T11:23:26.655+0000] {processor.py:183} INFO - Processing /opt/airflow/dags/youtube_trending_dag.py took 0.397 seconds
[2026-03-11T11:23:57.537+0000] {processor.py:161} INFO - Started process (PID=702) to work on /opt/airflow/dags/youtube_trending_dag.py
[2026-03-11T11:23:57.541+0000] {processor.py:830} INFO - Processing file /opt/airflow/dags/youtube_trending_dag.py for tasks to queue
[2026-03-11T11:23:57.552+0000] {logging_mixin.py:188} INFO - [2026-03-11T11:23:57.550+0000] {dagbag.py:538} INFO - Filling up the DagBag from /opt/airflow/dags/youtube_trending_dag.py
[2026-03-11T11:23:57.647+0000] {processor.py:840} INFO - DAG(s) 'youtube_trending_tracker' retrieved from /opt/airflow/dags/youtube_trending_dag.py
[2026-03-11T11:23:57.827+0000] {logging_mixin.py:188} INFO - [2026-03-11T11:23:57.826+0000] {dag.py:3033} INFO - Sync 1 DAGs
[2026-03-11T11:23:57.932+0000] {logging_mixin.py:188} INFO - [2026-03-11T11:23:57.932+0000] {dag.py:3820} INFO - Setting next_dagrun for youtube_trending_tracker to 2026-03-11T10:00:00+00:00, run_after=2026-03-11T12:00:00+00:00
[2026-03-11T11:23:58.063+0000] {processor.py:183} INFO - Processing /opt/airflow/dags/youtube_trending_dag.py took 0.539 seconds
[2026-03-11T11:24:28.385+0000] {processor.py:161} INFO - Started process (PID=737) to work on /opt/airflow/dags/youtube_trending_dag.py
[2026-03-11T11:24:28.388+0000] {processor.py:830} INFO - Processing file /opt/airflow/dags/youtube_trending_dag.py for tasks to queue
[2026-03-11T11:24:28.398+0000] {logging_mixin.py:188} INFO - [2026-03-11T11:24:28.397+0000] {dagbag.py:538} INFO - Filling up the DagBag from /opt/airflow/dags/youtube_trending_dag.py
[2026-03-11T11:24:28.472+0000] {processor.py:840} INFO - DAG(s) 'youtube_trending_tracker' retrieved from /opt/airflow/dags/youtube_trending_dag.py
[2026-03-11T11:24:28.606+0000] {logging_mixin.py:188} INFO - [2026-03-11T11:24:28.604+0000] {dag.py:3033} INFO - Sync 1 DAGs
[2026-03-11T11:24:28.730+0000] {logging_mixin.py:188} INFO - [2026-03-11T11:24:28.729+0000] {dag.py:3820} INFO - Setting next_dagrun for youtube_trending_tracker to 2026-03-11T10:00:00+00:00, run_after=2026-03-11T12:00:00+00:00
[2026-03-11T11:24:28.817+0000] {processor.py:183} INFO - Processing /opt/airflow/dags/youtube_trending_dag.py took 0.444 seconds
[2026-03-11T11:24:59.114+0000] {processor.py:161} INFO - Started process (PID=769) to work on /opt/airflow/dags/youtube_trending_dag.py
[2026-03-11T11:24:59.117+0000] {processor.py:830} INFO - Processing file /opt/airflow/dags/youtube_trending_dag.py for tasks to queue
[2026-03-11T11:24:59.175+0000] {logging_mixin.py:188} INFO - [2026-03-11T11:24:59.172+0000] {dagbag.py:538} INFO - Filling up the DagBag from /opt/airflow/dags/youtube_trending_dag.py
[2026-03-11T11:24:59.273+0000] {processor.py:840} INFO - DAG(s) 'youtube_trending_tracker' retrieved from /opt/airflow/dags/youtube_trending_dag.py
[2026-03-11T11:24:59.452+0000] {logging_mixin.py:188} INFO - [2026-03-11T11:24:59.449+0000] {dag.py:3033} INFO - Sync 1 DAGs
[2026-03-11T11:24:59.625+0000] {logging_mixin.py:188} INFO - [2026-03-11T11:24:59.625+0000] {dag.py:3820} INFO - Setting next_dagrun for youtube_trending_tracker to 2026-03-11T10:00:00+00:00, run_after=2026-03-11T12:00:00+00:00
[2026-03-11T11:24:59.728+0000] {processor.py:183} INFO - Processing /opt/airflow/dags/youtube_trending_dag.py took 0.632 seconds
[2026-03-11T11:25:31.234+0000] {processor.py:161} INFO - Started process (PID=801) to work on /opt/airflow/dags/youtube_trending_dag.py
[2026-03-11T11:25:31.237+0000] {processor.py:830} INFO - Processing file /opt/airflow/dags/youtube_trending_dag.py for tasks to queue
[2026-03-11T11:25:31.248+0000] {logging_mixin.py:188} INFO - [2026-03-11T11:25:31.247+0000] {dagbag.py:538} INFO - Filling up the DagBag from /opt/airflow/dags/youtube_trending_dag.py
[2026-03-11T11:25:31.325+0000] {processor.py:840} INFO - DAG(s) 'youtube_trending_tracker' retrieved from /opt/airflow/dags/youtube_trending_dag.py
[2026-03-11T11:25:31.445+0000] {logging_mixin.py:188} INFO - [2026-03-11T11:25:31.444+0000] {dag.py:3033} INFO - Sync 1 DAGs
[2026-03-11T11:25:31.584+0000] {logging_mixin.py:188} INFO - [2026-03-11T11:25:31.584+0000] {dag.py:3820} INFO - Setting next_dagrun for youtube_trending_tracker to 2026-03-11T10:00:00+00:00, run_after=2026-03-11T12:00:00+00:00
[2026-03-11T11:25:31.674+0000] {processor.py:183} INFO - Processing /opt/airflow/dags/youtube_trending_dag.py took 0.454 seconds
[2026-03-11T11:26:04.269+0000] {processor.py:161} INFO - Started process (PID=834) to work on /opt/airflow/dags/youtube_trending_dag.py
[2026-03-11T11:26:04.275+0000] {processor.py:830} INFO - Processing file /opt/airflow/dags/youtube_trending_dag.py for tasks to queue
[2026-03-11T11:26:04.285+0000] {logging_mixin.py:188} INFO - [2026-03-11T11:26:04.284+0000] {dagbag.py:538} INFO - Filling up the DagBag from /opt/airflow/dags/youtube_trending_dag.py
[2026-03-11T11:26:04.427+0000] {processor.py:840} INFO - DAG(s) 'youtube_trending_tracker' retrieved from /opt/airflow/dags/youtube_trending_dag.py
[2026-03-11T11:26:04.561+0000] {logging_mixin.py:188} INFO - [2026-03-11T11:26:04.559+0000] {dag.py:3033} INFO - Sync 1 DAGs
[2026-03-11T11:26:04.687+0000] {logging_mixin.py:188} INFO - [2026-03-11T11:26:04.686+0000] {dag.py:3820} INFO - Setting next_dagrun for youtube_trending_tracker to 2026-03-11T10:00:00+00:00, run_after=2026-03-11T12:00:00+00:00
[2026-03-11T11:26:04.774+0000] {processor.py:183} INFO - Processing /opt/airflow/dags/youtube_trending_dag.py took 0.521 seconds
[2026-03-11T11:26:36.977+0000] {processor.py:161} INFO - Started process (PID=866) to work on /opt/airflow/dags/youtube_trending_dag.py
[2026-03-11T11:26:36.980+0000] {processor.py:830} INFO - Processing file /opt/airflow/dags/youtube_trending_dag.py for tasks to queue
[2026-03-11T11:26:36.989+0000] {logging_mixin.py:188} INFO - [2026-03-11T11:26:36.988+0000] {dagbag.py:538} INFO - Filling up the DagBag from /opt/airflow/dags/youtube_trending_dag.py
[2026-03-11T11:26:37.082+0000] {processor.py:840} INFO - DAG(s) 'youtube_trending_tracker' retrieved from /opt/airflow/dags/youtube_trending_dag.py
[2026-03-11T11:26:37.212+0000] {logging_mixin.py:188} INFO - [2026-03-11T11:26:37.210+0000] {dag.py:3033} INFO - Sync 1 DAGs
[2026-03-11T11:26:37.350+0000] {logging_mixin.py:188} INFO - [2026-03-11T11:26:37.349+0000] {dag.py:3820} INFO - Setting next_dagrun for youtube_trending_tracker to 2026-03-11T10:00:00+00:00, run_after=2026-03-11T12:00:00+00:00
[2026-03-11T11:26:37.450+0000] {processor.py:183} INFO - Processing /opt/airflow/dags/youtube_trending_dag.py took 0.486 seconds
[2026-03-11T11:27:10.502+0000] {processor.py:161} INFO - Started process (PID=900) to work on /opt/airflow/dags/youtube_trending_dag.py
[2026-03-11T11:27:10.508+0000] {processor.py:830} INFO - Processing file /opt/airflow/dags/youtube_trending_dag.py for tasks to queue
[2026-03-11T11:27:10.520+0000] {logging_mixin.py:188} INFO - [2026-03-11T11:27:10.518+0000] {dagbag.py:538} INFO - Filling up the DagBag from /opt/airflow/dags/youtube_trending_dag.py
[2026-03-11T11:27:10.609+0000] {processor.py:840} INFO - DAG(s) 'youtube_trending_tracker' retrieved from /opt/airflow/dags/youtube_trending_dag.py
[2026-03-11T11:27:10.768+0000] {logging_mixin.py:188} INFO - [2026-03-11T11:27:10.766+0000] {dag.py:3033} INFO - Sync 1 DAGs
[2026-03-11T11:27:10.919+0000] {logging_mixin.py:188} INFO - [2026-03-11T11:27:10.918+0000] {dag.py:3820} INFO - Setting next_dagrun for youtube_trending_tracker to 2026-03-11T10:00:00+00:00, run_after=2026-03-11T12:00:00+00:00
[2026-03-11T11:27:11.065+0000] {processor.py:183} INFO - Processing /opt/airflow/dags/youtube_trending_dag.py took 0.581 seconds
[2026-03-11T11:27:42.366+0000] {processor.py:161} INFO - Started process (PID=930) to work on /opt/airflow/dags/youtube_trending_dag.py
[2026-03-11T11:27:42.372+0000] {processor.py:830} INFO - Processing file /opt/airflow/dags/youtube_trending_dag.py for tasks to queue
[2026-03-11T11:27:42.383+0000] {logging_mixin.py:188} INFO - [2026-03-11T11:27:42.382+0000] {dagbag.py:538} INFO - Filling up the DagBag from /opt/airflow/dags/youtube_trending_dag.py
[2026-03-11T11:27:42.474+0000] {processor.py:840} INFO - DAG(s) 'youtube_trending_tracker' retrieved from /opt/airflow/dags/youtube_trending_dag.py
[2026-03-11T11:27:42.655+0000] {logging_mixin.py:188} INFO - [2026-03-11T11:27:42.652+0000] {dag.py:3033} INFO - Sync 1 DAGs
[2026-03-11T11:27:42.872+0000] {logging_mixin.py:188} INFO - [2026-03-11T11:27:42.871+0000] {dag.py:3820} INFO - Setting next_dagrun for youtube_trending_tracker to 2026-03-11T10:00:00+00:00, run_after=2026-03-11T12:00:00+00:00
[2026-03-11T11:27:42.972+0000] {processor.py:183} INFO - Processing /opt/airflow/dags/youtube_trending_dag.py took 0.621 seconds
[2026-03-11T11:28:15.112+0000] {processor.py:161} INFO - Started process (PID=962) to work on /opt/airflow/dags/youtube_trending_dag.py
[2026-03-11T11:28:15.115+0000] {processor.py:830} INFO - Processing file /opt/airflow/dags/youtube_trending_dag.py for tasks to queue
[2026-03-11T11:28:15.126+0000] {logging_mixin.py:188} INFO - [2026-03-11T11:28:15.124+0000] {dagbag.py:538} INFO - Filling up the DagBag from /opt/airflow/dags/youtube_trending_dag.py
[2026-03-11T11:28:15.204+0000] {processor.py:840} INFO - DAG(s) 'youtube_trending_tracker' retrieved from /opt/airflow/dags/youtube_trending_dag.py
[2026-03-11T11:28:15.350+0000] {logging_mixin.py:188} INFO - [2026-03-11T11:28:15.349+0000] {dag.py:3033} INFO - Sync 1 DAGs
[2026-03-11T11:28:15.490+0000] {logging_mixin.py:188} INFO - [2026-03-11T11:28:15.489+0000] {dag.py:3820} INFO - Setting next_dagrun for youtube_trending_tracker to 2026-03-11T10:00:00+00:00, run_after=2026-03-11T12:00:00+00:00
[2026-03-11T11:28:15.582+0000] {processor.py:183} INFO - Processing /opt/airflow/dags/youtube_trending_dag.py took 0.485 seconds
[2026-03-11T11:28:48.138+0000] {processor.py:161} INFO - Started process (PID=996) to work on /opt/airflow/dags/youtube_trending_dag.py
[2026-03-11T11:28:48.141+0000] {processor.py:830} INFO - Processing file /opt/airflow/dags/youtube_trending_dag.py for tasks to queue
[2026-03-11T11:28:48.151+0000] {logging_mixin.py:188} INFO - [2026-03-11T11:28:48.150+0000] {dagbag.py:538} INFO - Filling up the DagBag from /opt/airflow/dags/youtube_trending_dag.py
[2026-03-11T11:28:48.215+0000] {processor.py:840} INFO - DAG(s) 'youtube_trending_tracker' retrieved from /opt/airflow/dags/youtube_trending_dag.py
[2026-03-11T11:28:48.347+0000] {logging_mixin.py:188} INFO - [2026-03-11T11:28:48.343+0000] {dag.py:3033} INFO - Sync 1 DAGs
[2026-03-11T11:28:48.514+0000] {logging_mixin.py:188} INFO - [2026-03-11T11:28:48.513+0000] {dag.py:3820} INFO - Setting next_dagrun for youtube_trending_tracker to 2026-03-11T10:00:00+00:00, run_after=2026-03-11T12:00:00+00:00
[2026-03-11T11:28:48.655+0000] {processor.py:183} INFO - Processing /opt/airflow/dags/youtube_trending_dag.py took 0.526 seconds
[2026-03-11T11:29:20.445+0000] {processor.py:161} INFO - Started process (PID=1026) to work on /opt/airflow/dags/youtube_trending_dag.py
[2026-03-11T11:29:20.449+0000] {processor.py:830} INFO - Processing file /opt/airflow/dags/youtube_trending_dag.py for tasks to queue
[2026-03-11T11:29:20.461+0000] {logging_mixin.py:188} INFO - [2026-03-11T11:29:20.460+0000] {dagbag.py:538} INFO - Filling up the DagBag from /opt/airflow/dags/youtube_trending_dag.py
[2026-03-11T11:29:20.541+0000] {processor.py:840} INFO - DAG(s) 'youtube_trending_tracker' retrieved from /opt/airflow/dags/youtube_trending_dag.py
[2026-03-11T11:29:20.685+0000] {logging_mixin.py:188} INFO - [2026-03-11T11:29:20.681+0000] {dag.py:3033} INFO - Sync 1 DAGs
[2026-03-11T11:29:20.811+0000] {logging_mixin.py:188} INFO - [2026-03-11T11:29:20.811+0000] {dag.py:3820} INFO - Setting next_dagrun for youtube_trending_tracker to 2026-03-11T10:00:00+00:00, run_after=2026-03-11T12:00:00+00:00
[2026-03-11T11:29:20.898+0000] {processor.py:183} INFO - Processing /opt/airflow/dags/youtube_trending_dag.py took 0.474 seconds
[2026-03-11T11:29:53.120+0000] {processor.py:161} INFO - Started process (PID=1058) to work on /opt/airflow/dags/youtube_trending_dag.py
[2026-03-11T11:29:53.122+0000] {processor.py:830} INFO - Processing file /opt/airflow/dags/youtube_trending_dag.py for tasks to queue
[2026-03-11T11:29:53.131+0000] {logging_mixin.py:188} INFO - [2026-03-11T11:29:53.130+0000] {dagbag.py:538} INFO - Filling up the DagBag from /opt/airflow/dags/youtube_trending_dag.py
[2026-03-11T11:29:53.207+0000] {processor.py:840} INFO - DAG(s) 'youtube_trending_tracker' retrieved from /opt/airflow/dags/youtube_trending_dag.py
[2026-03-11T11:29:53.362+0000] {logging_mixin.py:188} INFO - [2026-03-11T11:29:53.359+0000] {dag.py:3033} INFO - Sync 1 DAGs
[2026-03-11T11:29:53.513+0000] {logging_mixin.py:188} INFO - [2026-03-11T11:29:53.513+0000] {dag.py:3820} INFO - Setting next_dagrun for youtube_trending_tracker to 2026-03-11T10:00:00+00:00, run_after=2026-03-11T12:00:00+00:00
[2026-03-11T11:29:53.605+0000] {processor.py:183} INFO - Processing /opt/airflow/dags/youtube_trending_dag.py took 0.498 seconds
[2026-03-11T11:30:26.307+0000] {processor.py:161} INFO - Started process (PID=1096) to work on /opt/airflow/dags/youtube_trending_dag.py
[2026-03-11T11:30:26.313+0000] {processor.py:830} INFO - Processing file /opt/airflow/dags/youtube_trending_dag.py for tasks to queue
[2026-03-11T11:30:26.323+0000] {logging_mixin.py:188} INFO - [2026-03-11T11:30:26.322+0000] {dagbag.py:538} INFO - Filling up the DagBag from /opt/airflow/dags/youtube_trending_dag.py
[2026-03-11T11:30:26.412+0000] {processor.py:840} INFO - DAG(s) 'youtube_trending_tracker' retrieved from /opt/airflow/dags/youtube_trending_dag.py
[2026-03-11T11:30:26.613+0000] {logging_mixin.py:188} INFO - [2026-03-11T11:30:26.609+0000] {dag.py:3033} INFO - Sync 1 DAGs
[2026-03-11T11:30:26.810+0000] {logging_mixin.py:188} INFO - [2026-03-11T11:30:26.809+0000] {dag.py:3820} INFO - Setting next_dagrun for youtube_trending_tracker to 2026-03-11T10:00:00+00:00, run_after=2026-03-11T12:00:00+00:00
[2026-03-11T11:30:26.936+0000] {processor.py:183} INFO - Processing /opt/airflow/dags/youtube_trending_dag.py took 0.647 seconds
[2026-03-11T11:30:58.874+0000] {processor.py:161} INFO - Started process (PID=1128) to work on /opt/airflow/dags/youtube_trending_dag.py
[2026-03-11T11:30:58.881+0000] {processor.py:830} INFO - Processing file /opt/airflow/dags/youtube_trending_dag.py for tasks to queue
[2026-03-11T11:30:58.896+0000] {logging_mixin.py:188} INFO - [2026-03-11T11:30:58.894+0000] {dagbag.py:538} INFO - Filling up the DagBag from /opt/airflow/dags/youtube_trending_dag.py
[2026-03-11T11:30:59.001+0000] {processor.py:840} INFO - DAG(s) 'youtube_trending_tracker' retrieved from /opt/airflow/dags/youtube_trending_dag.py
[2026-03-11T11:30:59.164+0000] {logging_mixin.py:188} INFO - [2026-03-11T11:30:59.163+0000] {dag.py:3033} INFO - Sync 1 DAGs
[2026-03-11T11:30:59.303+0000] {logging_mixin.py:188} INFO - [2026-03-11T11:30:59.303+0000] {dag.py:3820} INFO - Setting next_dagrun for youtube_trending_tracker to 2026-03-11T10:00:00+00:00, run_after=2026-03-11T12:00:00+00:00
[2026-03-11T11:30:59.412+0000] {processor.py:183} INFO - Processing /opt/airflow/dags/youtube_trending_dag.py took 0.560 seconds
[2026-03-11T11:31:30.022+0000] {processor.py:161} INFO - Started process (PID=1162) to work on /opt/airflow/dags/youtube_trending_dag.py
[2026-03-11T11:31:30.026+0000] {processor.py:830} INFO - Processing file /opt/airflow/dags/youtube_trending_dag.py for tasks to queue
[2026-03-11T11:31:30.038+0000] {logging_mixin.py:188} INFO - [2026-03-11T11:31:30.034+0000] {dagbag.py:538} INFO - Filling up the DagBag from /opt/airflow/dags/youtube_trending_dag.py
[2026-03-11T11:31:30.134+0000] {processor.py:840} INFO - DAG(s) 'youtube_trending_tracker' retrieved from /opt/airflow/dags/youtube_trending_dag.py
[2026-03-11T11:31:30.330+0000] {logging_mixin.py:188} INFO - [2026-03-11T11:31:30.328+0000] {dag.py:3033} INFO - Sync 1 DAGs
[2026-03-11T11:31:30.456+0000] {logging_mixin.py:188} INFO - [2026-03-11T11:31:30.456+0000] {dag.py:3820} INFO - Setting next_dagrun for youtube_trending_tracker to 2026-03-11T10:00:00+00:00, run_after=2026-03-11T12:00:00+00:00
[2026-03-11T11:31:30.531+0000] {processor.py:183} INFO - Processing /opt/airflow/dags/youtube_trending_dag.py took 0.523 seconds
[2026-03-11T11:32:00.863+0000] {processor.py:161} INFO - Started process (PID=1190) to work on /opt/airflow/dags/youtube_trending_dag.py
[2026-03-11T11:32:00.866+0000] {processor.py:830} INFO - Processing file /opt/airflow/dags/youtube_trending_dag.py for tasks to queue
[2026-03-11T11:32:00.875+0000] {logging_mixin.py:188} INFO - [2026-03-11T11:32:00.874+0000] {dagbag.py:538} INFO - Filling up the DagBag from /opt/airflow/dags/youtube_trending_dag.py
[2026-03-11T11:32:00.937+0000] {processor.py:840} INFO - DAG(s) 'youtube_trending_tracker' retrieved from /opt/airflow/dags/youtube_trending_dag.py
[2026-03-11T11:32:01.038+0000] {logging_mixin.py:188} INFO - [2026-03-11T11:32:01.036+0000] {dag.py:3033} INFO - Sync 1 DAGs
[2026-03-11T11:32:01.193+0000] {logging_mixin.py:188} INFO - [2026-03-11T11:32:01.193+0000] {dag.py:3820} INFO - Setting next_dagrun for youtube_trending_tracker to 2026-03-11T10:00:00+00:00, run_after=2026-03-11T12:00:00+00:00
[2026-03-11T11:32:01.318+0000] {processor.py:183} INFO - Processing /opt/airflow/dags/youtube_trending_dag.py took 0.466 seconds
[2026-03-11T11:32:31.658+0000] {processor.py:161} INFO - Started process (PID=1222) to work on /opt/airflow/dags/youtube_trending_dag.py
[2026-03-11T11:32:31.661+0000] {processor.py:830} INFO - Processing file /opt/airflow/dags/youtube_trending_dag.py for tasks to queue
[2026-03-11T11:32:31.670+0000] {logging_mixin.py:188} INFO - [2026-03-11T11:32:31.669+0000] {dagbag.py:538} INFO - Filling up the DagBag from /opt/airflow/dags/youtube_trending_dag.py
[2026-03-11T11:32:31.748+0000] {processor.py:840} INFO - DAG(s) 'youtube_trending_tracker' retrieved from /opt/airflow/dags/youtube_trending_dag.py
[2026-03-11T11:32:31.894+0000] {logging_mixin.py:188} INFO - [2026-03-11T11:32:31.891+0000] {dag.py:3033} INFO - Sync 1 DAGs
[2026-03-11T11:32:32.091+0000] {logging_mixin.py:188} INFO - [2026-03-11T11:32:32.090+0000] {dag.py:3820} INFO - Setting next_dagrun for youtube_trending_tracker to 2026-03-11T10:00:00+00:00, run_after=2026-03-11T12:00:00+00:00
[2026-03-11T11:32:32.180+0000] {processor.py:183} INFO - Processing /opt/airflow/dags/youtube_trending_dag.py took 0.536 seconds
[2026-03-11T11:33:02.338+0000] {processor.py:161} INFO - Started process (PID=1254) to work on /opt/airflow/dags/youtube_trending_dag.py
[2026-03-11T11:33:02.343+0000] {processor.py:830} INFO - Processing file /opt/airflow/dags/youtube_trending_dag.py for tasks to queue
[2026-03-11T11:33:02.353+0000] {logging_mixin.py:188} INFO - [2026-03-11T11:33:02.352+0000] {dagbag.py:538} INFO - Filling up the DagBag from /opt/airflow/dags/youtube_trending_dag.py
[2026-03-11T11:33:02.511+0000] {processor.py:840} INFO - DAG(s) 'youtube_trending_tracker' retrieved from /opt/airflow/dags/youtube_trending_dag.py
[2026-03-11T11:33:02.668+0000] {logging_mixin.py:188} INFO - [2026-03-11T11:33:02.667+0000] {dag.py:3033} INFO - Sync 1 DAGs
[2026-03-11T11:33:02.775+0000] {logging_mixin.py:188} INFO - [2026-03-11T11:33:02.774+0000] {dag.py:3820} INFO - Setting next_dagrun for youtube_trending_tracker to 2026-03-11T10:00:00+00:00, run_after=2026-03-11T12:00:00+00:00
[2026-03-11T11:33:02.858+0000] {processor.py:183} INFO - Processing /opt/airflow/dags/youtube_trending_dag.py took 0.538 seconds
[2026-03-11T11:33:33.750+0000] {processor.py:161} INFO - Started process (PID=1286) to work on /opt/airflow/dags/youtube_trending_dag.py
[2026-03-11T11:33:33.756+0000] {processor.py:830} INFO - Processing file /opt/airflow/dags/youtube_trending_dag.py for tasks to queue
[2026-03-11T11:33:33.769+0000] {logging_mixin.py:188} INFO - [2026-03-11T11:33:33.767+0000] {dagbag.py:538} INFO - Filling up the DagBag from /opt/airflow/dags/youtube_trending_dag.py
[2026-03-11T11:33:33.861+0000] {processor.py:840} INFO - DAG(s) 'youtube_trending_tracker' retrieved from /opt/airflow/dags/youtube_trending_dag.py
[2026-03-11T11:33:33.996+0000] {logging_mixin.py:188} INFO - [2026-03-11T11:33:33.994+0000] {dag.py:3033} INFO - Sync 1 DAGs
[2026-03-11T11:33:34.449+0000] {logging_mixin.py:188} INFO - [2026-03-11T11:33:34.448+0000] {dag.py:3820} INFO - Setting next_dagrun for youtube_trending_tracker to 2026-03-11T10:00:00+00:00, run_after=2026-03-11T12:00:00+00:00
[2026-03-11T11:33:34.511+0000] {processor.py:183} INFO - Processing /opt/airflow/dags/youtube_trending_dag.py took 0.788 seconds
[2026-03-11T11:34:05.012+0000] {processor.py:161} INFO - Started process (PID=1318) to work on /opt/airflow/dags/youtube_trending_dag.py
[2026-03-11T11:34:05.015+0000] {processor.py:830} INFO - Processing file /opt/airflow/dags/youtube_trending_dag.py for tasks to queue
[2026-03-11T11:34:05.023+0000] {logging_mixin.py:188} INFO - [2026-03-11T11:34:05.023+0000] {dagbag.py:538} INFO - Filling up the DagBag from /opt/airflow/dags/youtube_trending_dag.py
[2026-03-11T11:34:05.090+0000] {processor.py:840} INFO - DAG(s) 'youtube_trending_tracker' retrieved from /opt/airflow/dags/youtube_trending_dag.py
[2026-03-11T11:34:05.253+0000] {logging_mixin.py:188} INFO - [2026-03-11T11:34:05.251+0000] {dag.py:3033} INFO - Sync 1 DAGs
[2026-03-11T11:34:05.400+0000] {logging_mixin.py:188} INFO - [2026-03-11T11:34:05.399+0000] {dag.py:3820} INFO - Setting next_dagrun for youtube_trending_tracker to 2026-03-11T10:00:00+00:00, run_after=2026-03-11T12:00:00+00:00
[2026-03-11T11:34:05.496+0000] {processor.py:183} INFO - Processing /opt/airflow/dags/youtube_trending_dag.py took 0.497 seconds
[2026-03-11T11:34:36.349+0000] {processor.py:161} INFO - Started process (PID=1350) to work on /opt/airflow/dags/youtube_trending_dag.py
[2026-03-11T11:34:36.352+0000] {processor.py:830} INFO - Processing file /opt/airflow/dags/youtube_trending_dag.py for tasks to queue
[2026-03-11T11:34:36.359+0000] {logging_mixin.py:188} INFO - [2026-03-11T11:34:36.358+0000] {dagbag.py:538} INFO - Filling up the DagBag from /opt/airflow/dags/youtube_trending_dag.py
[2026-03-11T11:34:36.428+0000] {processor.py:840} INFO - DAG(s) 'youtube_trending_tracker' retrieved from /opt/airflow/dags/youtube_trending_dag.py
[2026-03-11T11:34:36.561+0000] {logging_mixin.py:188} INFO - [2026-03-11T11:34:36.559+0000] {dag.py:3033} INFO - Sync 1 DAGs
[2026-03-11T11:34:36.654+0000] {logging_mixin.py:188} INFO - [2026-03-11T11:34:36.653+0000] {dag.py:3820} INFO - Setting next_dagrun for youtube_trending_tracker to 2026-03-11T10:00:00+00:00, run_after=2026-03-11T12:00:00+00:00
[2026-03-11T11:34:36.764+0000] {processor.py:183} INFO - Processing /opt/airflow/dags/youtube_trending_dag.py took 0.428 seconds
[2026-03-11T11:35:07.057+0000] {processor.py:161} INFO - Started process (PID=1382) to work on /opt/airflow/dags/youtube_trending_dag.py
[2026-03-11T11:35:07.060+0000] {processor.py:830} INFO - Processing file /opt/airflow/dags/youtube_trending_dag.py for tasks to queue
[2026-03-11T11:35:07.067+0000] {logging_mixin.py:188} INFO - [2026-03-11T11:35:07.066+0000] {dagbag.py:538} INFO - Filling up the DagBag from /opt/airflow/dags/youtube_trending_dag.py
[2026-03-11T11:35:07.108+0000] {processor.py:840} INFO - DAG(s) 'youtube_trending_tracker' retrieved from /opt/airflow/dags/youtube_trending_dag.py
[2026-03-11T11:35:07.196+0000] {logging_mixin.py:188} INFO - [2026-03-11T11:35:07.195+0000] {dag.py:3033} INFO - Sync 1 DAGs
[2026-03-11T11:35:07.671+0000] {logging_mixin.py:188} INFO - [2026-03-11T11:35:07.671+0000] {dag.py:3820} INFO - Setting next_dagrun for youtube_trending_tracker to 2026-03-11T10:00:00+00:00, run_after=2026-03-11T12:00:00+00:00
[2026-03-11T11:35:07.805+0000] {processor.py:183} INFO - Processing /opt/airflow/dags/youtube_trending_dag.py took 0.755 seconds
[2026-03-11T11:35:38.365+0000] {processor.py:161} INFO - Started process (PID=1414) to work on /opt/airflow/dags/youtube_trending_dag.py
[2026-03-11T11:35:38.376+0000] {processor.py:830} INFO - Processing file /opt/airflow/dags/youtube_trending_dag.py for tasks to queue
[2026-03-11T11:35:38.386+0000] {logging_mixin.py:188} INFO - [2026-03-11T11:35:38.384+0000] {dagbag.py:538} INFO - Filling up the DagBag from /opt/airflow/dags/youtube_trending_dag.py
[2026-03-11T11:35:38.441+0000] {processor.py:840} INFO - DAG(s) 'youtube_trending_tracker' retrieved from /opt/airflow/dags/youtube_trending_dag.py
[2026-03-11T11:35:38.544+0000] {logging_mixin.py:188} INFO - [2026-03-11T11:35:38.543+0000] {dag.py:3033} INFO - Sync 1 DAGs
[2026-03-11T11:35:38.621+0000] {logging_mixin.py:188} INFO - [2026-03-11T11:35:38.621+0000] {dag.py:3820} INFO - Setting next_dagrun for youtube_trending_tracker to 2026-03-11T10:00:00+00:00, run_after=2026-03-11T12:00:00+00:00
[2026-03-11T11:35:38.690+0000] {processor.py:183} INFO - Processing /opt/airflow/dags/youtube_trending_dag.py took 0.341 seconds
[2026-03-11T11:36:08.844+0000] {processor.py:161} INFO - Started process (PID=1446) to work on /opt/airflow/dags/youtube_trending_dag.py
[2026-03-11T11:36:08.847+0000] {processor.py:830} INFO - Processing file /opt/airflow/dags/youtube_trending_dag.py for tasks to queue
[2026-03-11T11:36:08.855+0000] {logging_mixin.py:188} INFO - [2026-03-11T11:36:08.854+0000] {dagbag.py:538} INFO - Filling up the DagBag from /opt/airflow/dags/youtube_trending_dag.py
[2026-03-11T11:36:09.255+0000] {processor.py:840} INFO - DAG(s) 'youtube_trending_tracker' retrieved from /opt/airflow/dags/youtube_trending_dag.py
[2026-03-11T11:36:09.322+0000] {logging_mixin.py:188} INFO - [2026-03-11T11:36:09.321+0000] {dag.py:3033} INFO - Sync 1 DAGs
[2026-03-11T11:36:09.392+0000] {logging_mixin.py:188} INFO - [2026-03-11T11:36:09.391+0000] {dag.py:3820} INFO - Setting next_dagrun for youtube_trending_tracker to 2026-03-11T10:00:00+00:00, run_after=2026-03-11T12:00:00+00:00
[2026-03-11T11:36:09.448+0000] {processor.py:183} INFO - Processing /opt/airflow/dags/youtube_trending_dag.py took 0.614 seconds
[2026-03-11T11:36:39.643+0000] {processor.py:161} INFO - Started process (PID=1478) to work on /opt/airflow/dags/youtube_trending_dag.py
[2026-03-11T11:36:39.649+0000] {processor.py:830} INFO - Processing file /opt/airflow/dags/youtube_trending_dag.py for tasks to queue
[2026-03-11T11:36:39.658+0000] {logging_mixin.py:188} INFO - [2026-03-11T11:36:39.658+0000] {dagbag.py:538} INFO - Filling up the DagBag from /opt/airflow/dags/youtube_trending_dag.py
[2026-03-11T11:36:39.721+0000] {processor.py:840} INFO - DAG(s) 'youtube_trending_tracker' retrieved from /opt/airflow/dags/youtube_trending_dag.py
[2026-03-11T11:36:39.844+0000] {logging_mixin.py:188} INFO - [2026-03-11T11:36:39.841+0000] {dag.py:3033} INFO - Sync 1 DAGs
[2026-03-11T11:36:39.955+0000] {logging_mixin.py:188} INFO - [2026-03-11T11:36:39.955+0000] {dag.py:3820} INFO - Setting next_dagrun for youtube_trending_tracker to 2026-03-11T10:00:00+00:00, run_after=2026-03-11T12:00:00+00:00
[2026-03-11T11:36:40.026+0000] {processor.py:183} INFO - Processing /opt/airflow/dags/youtube_trending_dag.py took 0.394 seconds
[2026-03-11T11:37:10.262+0000] {processor.py:161} INFO - Started process (PID=1510) to work on /opt/airflow/dags/youtube_trending_dag.py
[2026-03-11T11:37:10.266+0000] {processor.py:830} INFO - Processing file /opt/airflow/dags/youtube_trending_dag.py for tasks to queue
[2026-03-11T11:37:10.276+0000] {logging_mixin.py:188} INFO - [2026-03-11T11:37:10.274+0000] {dagbag.py:538} INFO - Filling up the DagBag from /opt/airflow/dags/youtube_trending_dag.py
[2026-03-11T11:37:10.346+0000] {processor.py:840} INFO - DAG(s) 'youtube_trending_tracker' retrieved from /opt/airflow/dags/youtube_trending_dag.py
[2026-03-11T11:37:10.448+0000] {logging_mixin.py:188} INFO - [2026-03-11T11:37:10.446+0000] {dag.py:3033} INFO - Sync 1 DAGs
[2026-03-11T11:37:10.543+0000] {logging_mixin.py:188} INFO - [2026-03-11T11:37:10.542+0000] {dag.py:3820} INFO - Setting next_dagrun for youtube_trending_tracker to 2026-03-11T10:00:00+00:00, run_after=2026-03-11T12:00:00+00:00
[2026-03-11T11:37:10.599+0000] {processor.py:183} INFO - Processing /opt/airflow/dags/youtube_trending_dag.py took 0.348 seconds
[2026-03-11T11:37:40.994+0000] {processor.py:161} INFO - Started process (PID=1542) to work on /opt/airflow/dags/youtube_trending_dag.py
[2026-03-11T11:37:40.996+0000] {processor.py:830} INFO - Processing file /opt/airflow/dags/youtube_trending_dag.py for tasks to queue
[2026-03-11T11:37:41.003+0000] {logging_mixin.py:188} INFO - [2026-03-11T11:37:41.002+0000] {dagbag.py:538} INFO - Filling up the DagBag from /opt/airflow/dags/youtube_trending_dag.py
[2026-03-11T11:37:41.049+0000] {processor.py:840} INFO - DAG(s) 'youtube_trending_tracker' retrieved from /opt/airflow/dags/youtube_trending_dag.py
[2026-03-11T11:37:41.158+0000] {logging_mixin.py:188} INFO - [2026-03-11T11:37:41.157+0000] {dag.py:3033} INFO - Sync 1 DAGs
[2026-03-11T11:37:41.252+0000] {logging_mixin.py:188} INFO - [2026-03-11T11:37:41.251+0000] {dag.py:3820} INFO - Setting next_dagrun for youtube_trending_tracker to 2026-03-11T10:00:00+00:00, run_after=2026-03-11T12:00:00+00:00
[2026-03-11T11:37:41.338+0000] {processor.py:183} INFO - Processing /opt/airflow/dags/youtube_trending_dag.py took 0.350 seconds
[2026-03-11T11:38:11.733+0000] {processor.py:161} INFO - Started process (PID=1572) to work on /opt/airflow/dags/youtube_trending_dag.py
[2026-03-11T11:38:11.736+0000] {processor.py:830} INFO - Processing file /opt/airflow/dags/youtube_trending_dag.py for tasks to queue
[2026-03-11T11:38:11.748+0000] {logging_mixin.py:188} INFO - [2026-03-11T11:38:11.744+0000] {dagbag.py:538} INFO - Filling up the DagBag from /opt/airflow/dags/youtube_trending_dag.py
[2026-03-11T11:38:11.799+0000] {processor.py:840} INFO - DAG(s) 'youtube_trending_tracker' retrieved from /opt/airflow/dags/youtube_trending_dag.py
[2026-03-11T11:38:11.884+0000] {logging_mixin.py:188} INFO - [2026-03-11T11:38:11.880+0000] {dag.py:3033} INFO - Sync 1 DAGs
[2026-03-11T11:38:11.980+0000] {logging_mixin.py:188} INFO - [2026-03-11T11:38:11.979+0000] {dag.py:3820} INFO - Setting next_dagrun for youtube_trending_tracker to 2026-03-11T10:00:00+00:00, run_after=2026-03-11T12:00:00+00:00
[2026-03-11T11:38:12.043+0000] {processor.py:183} INFO - Processing /opt/airflow/dags/youtube_trending_dag.py took 0.325 seconds
[2026-03-11T11:38:42.770+0000] {processor.py:161} INFO - Started process (PID=1604) to work on /opt/airflow/dags/youtube_trending_dag.py
[2026-03-11T11:38:42.775+0000] {processor.py:830} INFO - Processing file /opt/airflow/dags/youtube_trending_dag.py for tasks to queue
[2026-03-11T11:38:42.785+0000] {logging_mixin.py:188} INFO - [2026-03-11T11:38:42.783+0000] {dagbag.py:538} INFO - Filling up the DagBag from /opt/airflow/dags/youtube_trending_dag.py
[2026-03-11T11:38:42.852+0000] {processor.py:840} INFO - DAG(s) 'youtube_trending_tracker' retrieved from /opt/airflow/dags/youtube_trending_dag.py
[2026-03-11T11:38:42.958+0000] {logging_mixin.py:188} INFO - [2026-03-11T11:38:42.956+0000] {dag.py:3033} INFO - Sync 1 DAGs
[2026-03-11T11:38:43.058+0000] {logging_mixin.py:188} INFO - [2026-03-11T11:38:43.058+0000] {dag.py:3820} INFO - Setting next_dagrun for youtube_trending_tracker to 2026-03-11T10:00:00+00:00, run_after=2026-03-11T12:00:00+00:00
[2026-03-11T11:38:43.138+0000] {processor.py:183} INFO - Processing /opt/airflow/dags/youtube_trending_dag.py took 0.384 seconds
