[2026-03-11T10:22:12.566+0000] {processor.py:161} INFO - Started process (PID=181) to work on /opt/airflow/dags/youtube_pipeline_dag.py
[2026-03-11T10:22:12.570+0000] {processor.py:830} INFO - Processing file /opt/airflow/dags/youtube_pipeline_dag.py for tasks to queue
[2026-03-11T10:22:12.575+0000] {logging_mixin.py:188} INFO - [2026-03-11T10:22:12.574+0000] {dagbag.py:538} INFO - Filling up the DagBag from /opt/airflow/dags/youtube_pipeline_dag.py
[2026-03-11T10:22:12.661+0000] {processor.py:840} INFO - DAG(s) 'youtube_data_pipeline' retrieved from /opt/airflow/dags/youtube_pipeline_dag.py
[2026-03-11T10:22:13.150+0000] {logging_mixin.py:188} INFO - [2026-03-11T10:22:13.147+0000] {override.py:1769} INFO - Created Permission View: can edit on DAG:youtube_data_pipeline
[2026-03-11T10:22:13.192+0000] {logging_mixin.py:188} INFO - [2026-03-11T10:22:13.191+0000] {override.py:1769} INFO - Created Permission View: can read on DAG:youtube_data_pipeline
[2026-03-11T10:22:13.216+0000] {logging_mixin.py:188} INFO - [2026-03-11T10:22:13.216+0000] {override.py:1769} INFO - Created Permission View: can delete on DAG:youtube_data_pipeline
[2026-03-11T10:22:13.219+0000] {logging_mixin.py:188} INFO - [2026-03-11T10:22:13.217+0000] {dag.py:3033} INFO - Sync 1 DAGs
[2026-03-11T10:22:13.268+0000] {logging_mixin.py:188} INFO - [2026-03-11T10:22:13.267+0000] {dag.py:3055} INFO - Creating ORM DAG for youtube_data_pipeline
[2026-03-11T10:22:13.307+0000] {logging_mixin.py:188} INFO - [2026-03-11T10:22:13.307+0000] {dag.py:3820} INFO - Setting next_dagrun for youtube_data_pipeline to 2026-03-10T00:00:00+00:00, run_after=2026-03-11T00:00:00+00:00
[2026-03-11T10:22:13.368+0000] {processor.py:183} INFO - Processing /opt/airflow/dags/youtube_pipeline_dag.py took 0.818 seconds
[2026-03-11T10:22:43.976+0000] {processor.py:161} INFO - Started process (PID=199) to work on /opt/airflow/dags/youtube_pipeline_dag.py
[2026-03-11T10:22:43.979+0000] {processor.py:830} INFO - Processing file /opt/airflow/dags/youtube_pipeline_dag.py for tasks to queue
[2026-03-11T10:22:43.982+0000] {logging_mixin.py:188} INFO - [2026-03-11T10:22:43.981+0000] {dagbag.py:538} INFO - Filling up the DagBag from /opt/airflow/dags/youtube_pipeline_dag.py
[2026-03-11T10:22:44.032+0000] {processor.py:840} INFO - DAG(s) 'youtube_data_pipeline' retrieved from /opt/airflow/dags/youtube_pipeline_dag.py
[2026-03-11T10:22:44.145+0000] {logging_mixin.py:188} INFO - [2026-03-11T10:22:44.145+0000] {dag.py:3033} INFO - Sync 1 DAGs
[2026-03-11T10:22:44.234+0000] {logging_mixin.py:188} INFO - [2026-03-11T10:22:44.234+0000] {dag.py:3820} INFO - Setting next_dagrun for youtube_data_pipeline to 2026-03-10T00:00:00+00:00, run_after=2026-03-11T00:00:00+00:00
[2026-03-11T10:22:44.313+0000] {processor.py:183} INFO - Processing /opt/airflow/dags/youtube_pipeline_dag.py took 0.347 seconds
[2026-03-11T10:23:15.089+0000] {processor.py:161} INFO - Started process (PID=220) to work on /opt/airflow/dags/youtube_pipeline_dag.py
[2026-03-11T10:23:15.092+0000] {processor.py:830} INFO - Processing file /opt/airflow/dags/youtube_pipeline_dag.py for tasks to queue
[2026-03-11T10:23:15.095+0000] {logging_mixin.py:188} INFO - [2026-03-11T10:23:15.094+0000] {dagbag.py:538} INFO - Filling up the DagBag from /opt/airflow/dags/youtube_pipeline_dag.py
[2026-03-11T10:23:15.164+0000] {processor.py:840} INFO - DAG(s) 'youtube_data_pipeline' retrieved from /opt/airflow/dags/youtube_pipeline_dag.py
[2026-03-11T10:23:15.277+0000] {logging_mixin.py:188} INFO - [2026-03-11T10:23:15.276+0000] {dag.py:3033} INFO - Sync 1 DAGs
[2026-03-11T10:23:15.358+0000] {logging_mixin.py:188} INFO - [2026-03-11T10:23:15.357+0000] {dag.py:3820} INFO - Setting next_dagrun for youtube_data_pipeline to 2026-03-10T00:00:00+00:00, run_after=2026-03-11T00:00:00+00:00
[2026-03-11T10:23:15.419+0000] {processor.py:183} INFO - Processing /opt/airflow/dags/youtube_pipeline_dag.py took 0.341 seconds
[2026-03-11T10:23:45.882+0000] {processor.py:161} INFO - Started process (PID=241) to work on /opt/airflow/dags/youtube_pipeline_dag.py
[2026-03-11T10:23:45.883+0000] {processor.py:830} INFO - Processing file /opt/airflow/dags/youtube_pipeline_dag.py for tasks to queue
[2026-03-11T10:23:45.886+0000] {logging_mixin.py:188} INFO - [2026-03-11T10:23:45.885+0000] {dagbag.py:538} INFO - Filling up the DagBag from /opt/airflow/dags/youtube_pipeline_dag.py
[2026-03-11T10:23:45.932+0000] {processor.py:840} INFO - DAG(s) 'youtube_data_pipeline' retrieved from /opt/airflow/dags/youtube_pipeline_dag.py
[2026-03-11T10:23:46.030+0000] {logging_mixin.py:188} INFO - [2026-03-11T10:23:46.030+0000] {dag.py:3033} INFO - Sync 1 DAGs
[2026-03-11T10:23:46.111+0000] {logging_mixin.py:188} INFO - [2026-03-11T10:23:46.110+0000] {dag.py:3820} INFO - Setting next_dagrun for youtube_data_pipeline to 2026-03-10T00:00:00+00:00, run_after=2026-03-11T00:00:00+00:00
[2026-03-11T10:23:46.171+0000] {processor.py:183} INFO - Processing /opt/airflow/dags/youtube_pipeline_dag.py took 0.298 seconds
[2026-03-11T10:24:16.380+0000] {processor.py:161} INFO - Started process (PID=262) to work on /opt/airflow/dags/youtube_pipeline_dag.py
[2026-03-11T10:24:16.382+0000] {processor.py:830} INFO - Processing file /opt/airflow/dags/youtube_pipeline_dag.py for tasks to queue
[2026-03-11T10:24:16.386+0000] {logging_mixin.py:188} INFO - [2026-03-11T10:24:16.384+0000] {dagbag.py:538} INFO - Filling up the DagBag from /opt/airflow/dags/youtube_pipeline_dag.py
[2026-03-11T10:24:16.440+0000] {processor.py:840} INFO - DAG(s) 'youtube_data_pipeline' retrieved from /opt/airflow/dags/youtube_pipeline_dag.py
[2026-03-11T10:24:16.533+0000] {logging_mixin.py:188} INFO - [2026-03-11T10:24:16.532+0000] {dag.py:3033} INFO - Sync 1 DAGs
[2026-03-11T10:24:16.628+0000] {logging_mixin.py:188} INFO - [2026-03-11T10:24:16.628+0000] {dag.py:3820} INFO - Setting next_dagrun for youtube_data_pipeline to 2026-03-10T00:00:00+00:00, run_after=2026-03-11T00:00:00+00:00
[2026-03-11T10:24:16.715+0000] {processor.py:183} INFO - Processing /opt/airflow/dags/youtube_pipeline_dag.py took 0.346 seconds
[2026-03-11T10:24:47.496+0000] {processor.py:161} INFO - Started process (PID=283) to work on /opt/airflow/dags/youtube_pipeline_dag.py
[2026-03-11T10:24:47.501+0000] {processor.py:830} INFO - Processing file /opt/airflow/dags/youtube_pipeline_dag.py for tasks to queue
[2026-03-11T10:24:47.506+0000] {logging_mixin.py:188} INFO - [2026-03-11T10:24:47.504+0000] {dagbag.py:538} INFO - Filling up the DagBag from /opt/airflow/dags/youtube_pipeline_dag.py
[2026-03-11T10:24:47.587+0000] {processor.py:840} INFO - DAG(s) 'youtube_data_pipeline' retrieved from /opt/airflow/dags/youtube_pipeline_dag.py
[2026-03-11T10:24:47.712+0000] {logging_mixin.py:188} INFO - [2026-03-11T10:24:47.712+0000] {dag.py:3033} INFO - Sync 1 DAGs
[2026-03-11T10:24:47.847+0000] {logging_mixin.py:188} INFO - [2026-03-11T10:24:47.846+0000] {dag.py:3820} INFO - Setting next_dagrun for youtube_data_pipeline to 2026-03-10T00:00:00+00:00, run_after=2026-03-11T00:00:00+00:00
[2026-03-11T10:24:47.944+0000] {processor.py:183} INFO - Processing /opt/airflow/dags/youtube_pipeline_dag.py took 0.463 seconds
[2026-03-11T10:25:18.437+0000] {processor.py:161} INFO - Started process (PID=304) to work on /opt/airflow/dags/youtube_pipeline_dag.py
[2026-03-11T10:25:18.440+0000] {processor.py:830} INFO - Processing file /opt/airflow/dags/youtube_pipeline_dag.py for tasks to queue
[2026-03-11T10:25:18.444+0000] {logging_mixin.py:188} INFO - [2026-03-11T10:25:18.442+0000] {dagbag.py:538} INFO - Filling up the DagBag from /opt/airflow/dags/youtube_pipeline_dag.py
[2026-03-11T10:25:18.497+0000] {processor.py:840} INFO - DAG(s) 'youtube_data_pipeline' retrieved from /opt/airflow/dags/youtube_pipeline_dag.py
[2026-03-11T10:25:18.654+0000] {logging_mixin.py:188} INFO - [2026-03-11T10:25:18.653+0000] {dag.py:3033} INFO - Sync 1 DAGs
[2026-03-11T10:25:18.779+0000] {logging_mixin.py:188} INFO - [2026-03-11T10:25:18.778+0000] {dag.py:3820} INFO - Setting next_dagrun for youtube_data_pipeline to 2026-03-10T00:00:00+00:00, run_after=2026-03-11T00:00:00+00:00
[2026-03-11T10:25:18.873+0000] {processor.py:183} INFO - Processing /opt/airflow/dags/youtube_pipeline_dag.py took 0.446 seconds
[2026-03-11T10:25:49.471+0000] {processor.py:161} INFO - Started process (PID=325) to work on /opt/airflow/dags/youtube_pipeline_dag.py
[2026-03-11T10:25:49.474+0000] {processor.py:830} INFO - Processing file /opt/airflow/dags/youtube_pipeline_dag.py for tasks to queue
[2026-03-11T10:25:49.476+0000] {logging_mixin.py:188} INFO - [2026-03-11T10:25:49.476+0000] {dagbag.py:538} INFO - Filling up the DagBag from /opt/airflow/dags/youtube_pipeline_dag.py
[2026-03-11T10:25:49.518+0000] {processor.py:840} INFO - DAG(s) 'youtube_data_pipeline' retrieved from /opt/airflow/dags/youtube_pipeline_dag.py
[2026-03-11T10:25:49.616+0000] {logging_mixin.py:188} INFO - [2026-03-11T10:25:49.615+0000] {dag.py:3033} INFO - Sync 1 DAGs
[2026-03-11T10:25:49.686+0000] {logging_mixin.py:188} INFO - [2026-03-11T10:25:49.686+0000] {dag.py:3820} INFO - Setting next_dagrun for youtube_data_pipeline to 2026-03-10T00:00:00+00:00, run_after=2026-03-11T00:00:00+00:00
[2026-03-11T10:25:49.738+0000] {processor.py:183} INFO - Processing /opt/airflow/dags/youtube_pipeline_dag.py took 0.273 seconds
[2026-03-11T10:26:20.343+0000] {processor.py:161} INFO - Started process (PID=346) to work on /opt/airflow/dags/youtube_pipeline_dag.py
[2026-03-11T10:26:20.346+0000] {processor.py:830} INFO - Processing file /opt/airflow/dags/youtube_pipeline_dag.py for tasks to queue
[2026-03-11T10:26:20.350+0000] {logging_mixin.py:188} INFO - [2026-03-11T10:26:20.349+0000] {dagbag.py:538} INFO - Filling up the DagBag from /opt/airflow/dags/youtube_pipeline_dag.py
[2026-03-11T10:26:20.406+0000] {processor.py:840} INFO - DAG(s) 'youtube_data_pipeline' retrieved from /opt/airflow/dags/youtube_pipeline_dag.py
[2026-03-11T10:26:20.535+0000] {logging_mixin.py:188} INFO - [2026-03-11T10:26:20.534+0000] {dag.py:3033} INFO - Sync 1 DAGs
[2026-03-11T10:26:20.756+0000] {logging_mixin.py:188} INFO - [2026-03-11T10:26:20.755+0000] {dag.py:3820} INFO - Setting next_dagrun for youtube_data_pipeline to 2026-03-10T00:00:00+00:00, run_after=2026-03-11T00:00:00+00:00
[2026-03-11T10:26:20.862+0000] {processor.py:183} INFO - Processing /opt/airflow/dags/youtube_pipeline_dag.py took 0.530 seconds
[2026-03-11T10:26:51.792+0000] {processor.py:161} INFO - Started process (PID=367) to work on /opt/airflow/dags/youtube_pipeline_dag.py
[2026-03-11T10:26:51.794+0000] {processor.py:830} INFO - Processing file /opt/airflow/dags/youtube_pipeline_dag.py for tasks to queue
[2026-03-11T10:26:51.797+0000] {logging_mixin.py:188} INFO - [2026-03-11T10:26:51.796+0000] {dagbag.py:538} INFO - Filling up the DagBag from /opt/airflow/dags/youtube_pipeline_dag.py
[2026-03-11T10:26:51.851+0000] {processor.py:840} INFO - DAG(s) 'youtube_data_pipeline' retrieved from /opt/airflow/dags/youtube_pipeline_dag.py
[2026-03-11T10:26:51.952+0000] {logging_mixin.py:188} INFO - [2026-03-11T10:26:51.952+0000] {dag.py:3033} INFO - Sync 1 DAGs
[2026-03-11T10:26:52.037+0000] {logging_mixin.py:188} INFO - [2026-03-11T10:26:52.036+0000] {dag.py:3820} INFO - Setting next_dagrun for youtube_data_pipeline to 2026-03-10T00:00:00+00:00, run_after=2026-03-11T00:00:00+00:00
[2026-03-11T10:26:52.189+0000] {processor.py:183} INFO - Processing /opt/airflow/dags/youtube_pipeline_dag.py took 0.406 seconds
[2026-03-11T10:27:22.648+0000] {processor.py:161} INFO - Started process (PID=388) to work on /opt/airflow/dags/youtube_pipeline_dag.py
[2026-03-11T10:27:22.654+0000] {processor.py:830} INFO - Processing file /opt/airflow/dags/youtube_pipeline_dag.py for tasks to queue
[2026-03-11T10:27:22.657+0000] {logging_mixin.py:188} INFO - [2026-03-11T10:27:22.655+0000] {dagbag.py:538} INFO - Filling up the DagBag from /opt/airflow/dags/youtube_pipeline_dag.py
[2026-03-11T10:27:22.705+0000] {processor.py:840} INFO - DAG(s) 'youtube_data_pipeline' retrieved from /opt/airflow/dags/youtube_pipeline_dag.py
[2026-03-11T10:27:22.815+0000] {logging_mixin.py:188} INFO - [2026-03-11T10:27:22.815+0000] {dag.py:3033} INFO - Sync 1 DAGs
[2026-03-11T10:27:22.874+0000] {logging_mixin.py:188} INFO - [2026-03-11T10:27:22.873+0000] {dag.py:3820} INFO - Setting next_dagrun for youtube_data_pipeline to 2026-03-10T00:00:00+00:00, run_after=2026-03-11T00:00:00+00:00
[2026-03-11T10:27:22.941+0000] {processor.py:183} INFO - Processing /opt/airflow/dags/youtube_pipeline_dag.py took 0.304 seconds
[2026-03-11T10:27:53.478+0000] {processor.py:161} INFO - Started process (PID=409) to work on /opt/airflow/dags/youtube_pipeline_dag.py
[2026-03-11T10:27:53.480+0000] {processor.py:830} INFO - Processing file /opt/airflow/dags/youtube_pipeline_dag.py for tasks to queue
[2026-03-11T10:27:53.483+0000] {logging_mixin.py:188} INFO - [2026-03-11T10:27:53.482+0000] {dagbag.py:538} INFO - Filling up the DagBag from /opt/airflow/dags/youtube_pipeline_dag.py
[2026-03-11T10:27:53.538+0000] {processor.py:840} INFO - DAG(s) 'youtube_data_pipeline' retrieved from /opt/airflow/dags/youtube_pipeline_dag.py
[2026-03-11T10:27:53.652+0000] {logging_mixin.py:188} INFO - [2026-03-11T10:27:53.651+0000] {dag.py:3033} INFO - Sync 1 DAGs
[2026-03-11T10:27:53.751+0000] {logging_mixin.py:188} INFO - [2026-03-11T10:27:53.750+0000] {dag.py:3820} INFO - Setting next_dagrun for youtube_data_pipeline to 2026-03-10T00:00:00+00:00, run_after=2026-03-11T00:00:00+00:00
[2026-03-11T10:27:53.813+0000] {processor.py:183} INFO - Processing /opt/airflow/dags/youtube_pipeline_dag.py took 0.345 seconds
[2026-03-11T10:28:24.691+0000] {processor.py:161} INFO - Started process (PID=430) to work on /opt/airflow/dags/youtube_pipeline_dag.py
[2026-03-11T10:28:24.694+0000] {processor.py:830} INFO - Processing file /opt/airflow/dags/youtube_pipeline_dag.py for tasks to queue
[2026-03-11T10:28:24.699+0000] {logging_mixin.py:188} INFO - [2026-03-11T10:28:24.695+0000] {dagbag.py:538} INFO - Filling up the DagBag from /opt/airflow/dags/youtube_pipeline_dag.py
[2026-03-11T10:28:24.757+0000] {processor.py:840} INFO - DAG(s) 'youtube_data_pipeline' retrieved from /opt/airflow/dags/youtube_pipeline_dag.py
[2026-03-11T10:28:24.862+0000] {logging_mixin.py:188} INFO - [2026-03-11T10:28:24.862+0000] {dag.py:3033} INFO - Sync 1 DAGs
[2026-03-11T10:28:24.965+0000] {logging_mixin.py:188} INFO - [2026-03-11T10:28:24.964+0000] {dag.py:3820} INFO - Setting next_dagrun for youtube_data_pipeline to 2026-03-10T00:00:00+00:00, run_after=2026-03-11T00:00:00+00:00
[2026-03-11T10:28:25.038+0000] {processor.py:183} INFO - Processing /opt/airflow/dags/youtube_pipeline_dag.py took 0.356 seconds
[2026-03-11T10:28:55.388+0000] {processor.py:161} INFO - Started process (PID=451) to work on /opt/airflow/dags/youtube_pipeline_dag.py
[2026-03-11T10:28:55.391+0000] {processor.py:830} INFO - Processing file /opt/airflow/dags/youtube_pipeline_dag.py for tasks to queue
[2026-03-11T10:28:55.394+0000] {logging_mixin.py:188} INFO - [2026-03-11T10:28:55.393+0000] {dagbag.py:538} INFO - Filling up the DagBag from /opt/airflow/dags/youtube_pipeline_dag.py
[2026-03-11T10:28:55.437+0000] {processor.py:840} INFO - DAG(s) 'youtube_data_pipeline' retrieved from /opt/airflow/dags/youtube_pipeline_dag.py
[2026-03-11T10:28:55.550+0000] {logging_mixin.py:188} INFO - [2026-03-11T10:28:55.550+0000] {dag.py:3033} INFO - Sync 1 DAGs
[2026-03-11T10:28:55.638+0000] {logging_mixin.py:188} INFO - [2026-03-11T10:28:55.638+0000] {dag.py:3820} INFO - Setting next_dagrun for youtube_data_pipeline to 2026-03-10T00:00:00+00:00, run_after=2026-03-11T00:00:00+00:00
[2026-03-11T10:28:55.716+0000] {processor.py:183} INFO - Processing /opt/airflow/dags/youtube_pipeline_dag.py took 0.334 seconds
[2026-03-11T10:29:26.098+0000] {processor.py:161} INFO - Started process (PID=472) to work on /opt/airflow/dags/youtube_pipeline_dag.py
[2026-03-11T10:29:26.100+0000] {processor.py:830} INFO - Processing file /opt/airflow/dags/youtube_pipeline_dag.py for tasks to queue
[2026-03-11T10:29:26.103+0000] {logging_mixin.py:188} INFO - [2026-03-11T10:29:26.102+0000] {dagbag.py:538} INFO - Filling up the DagBag from /opt/airflow/dags/youtube_pipeline_dag.py
[2026-03-11T10:29:26.166+0000] {processor.py:840} INFO - DAG(s) 'youtube_data_pipeline' retrieved from /opt/airflow/dags/youtube_pipeline_dag.py
[2026-03-11T10:29:26.272+0000] {logging_mixin.py:188} INFO - [2026-03-11T10:29:26.272+0000] {dag.py:3033} INFO - Sync 1 DAGs
[2026-03-11T10:29:26.358+0000] {logging_mixin.py:188} INFO - [2026-03-11T10:29:26.357+0000] {dag.py:3820} INFO - Setting next_dagrun for youtube_data_pipeline to 2026-03-10T00:00:00+00:00, run_after=2026-03-11T00:00:00+00:00
[2026-03-11T10:29:26.425+0000] {processor.py:183} INFO - Processing /opt/airflow/dags/youtube_pipeline_dag.py took 0.337 seconds
[2026-03-11T10:29:56.905+0000] {processor.py:161} INFO - Started process (PID=493) to work on /opt/airflow/dags/youtube_pipeline_dag.py
[2026-03-11T10:29:56.908+0000] {processor.py:830} INFO - Processing file /opt/airflow/dags/youtube_pipeline_dag.py for tasks to queue
[2026-03-11T10:29:56.910+0000] {logging_mixin.py:188} INFO - [2026-03-11T10:29:56.910+0000] {dagbag.py:538} INFO - Filling up the DagBag from /opt/airflow/dags/youtube_pipeline_dag.py
[2026-03-11T10:29:56.944+0000] {processor.py:840} INFO - DAG(s) 'youtube_data_pipeline' retrieved from /opt/airflow/dags/youtube_pipeline_dag.py
[2026-03-11T10:29:57.015+0000] {logging_mixin.py:188} INFO - [2026-03-11T10:29:57.015+0000] {dag.py:3033} INFO - Sync 1 DAGs
[2026-03-11T10:29:57.077+0000] {logging_mixin.py:188} INFO - [2026-03-11T10:29:57.077+0000] {dag.py:3820} INFO - Setting next_dagrun for youtube_data_pipeline to 2026-03-10T00:00:00+00:00, run_after=2026-03-11T00:00:00+00:00
[2026-03-11T10:29:57.131+0000] {processor.py:183} INFO - Processing /opt/airflow/dags/youtube_pipeline_dag.py took 0.236 seconds
[2026-03-11T10:30:27.665+0000] {processor.py:161} INFO - Started process (PID=514) to work on /opt/airflow/dags/youtube_pipeline_dag.py
[2026-03-11T10:30:27.668+0000] {processor.py:830} INFO - Processing file /opt/airflow/dags/youtube_pipeline_dag.py for tasks to queue
[2026-03-11T10:30:27.670+0000] {logging_mixin.py:188} INFO - [2026-03-11T10:30:27.669+0000] {dagbag.py:538} INFO - Filling up the DagBag from /opt/airflow/dags/youtube_pipeline_dag.py
[2026-03-11T10:30:27.719+0000] {processor.py:840} INFO - DAG(s) 'youtube_data_pipeline' retrieved from /opt/airflow/dags/youtube_pipeline_dag.py
[2026-03-11T10:30:27.872+0000] {logging_mixin.py:188} INFO - [2026-03-11T10:30:27.872+0000] {dag.py:3033} INFO - Sync 1 DAGs
[2026-03-11T10:30:27.943+0000] {logging_mixin.py:188} INFO - [2026-03-11T10:30:27.943+0000] {dag.py:3820} INFO - Setting next_dagrun for youtube_data_pipeline to 2026-03-10T00:00:00+00:00, run_after=2026-03-11T00:00:00+00:00
[2026-03-11T10:30:28.014+0000] {processor.py:183} INFO - Processing /opt/airflow/dags/youtube_pipeline_dag.py took 0.359 seconds
[2026-03-11T10:30:58.320+0000] {processor.py:161} INFO - Started process (PID=535) to work on /opt/airflow/dags/youtube_pipeline_dag.py
[2026-03-11T10:30:58.321+0000] {processor.py:830} INFO - Processing file /opt/airflow/dags/youtube_pipeline_dag.py for tasks to queue
[2026-03-11T10:30:58.323+0000] {logging_mixin.py:188} INFO - [2026-03-11T10:30:58.322+0000] {dagbag.py:538} INFO - Filling up the DagBag from /opt/airflow/dags/youtube_pipeline_dag.py
[2026-03-11T10:30:58.372+0000] {processor.py:840} INFO - DAG(s) 'youtube_data_pipeline' retrieved from /opt/airflow/dags/youtube_pipeline_dag.py
[2026-03-11T10:30:58.487+0000] {logging_mixin.py:188} INFO - [2026-03-11T10:30:58.486+0000] {dag.py:3033} INFO - Sync 1 DAGs
[2026-03-11T10:30:58.578+0000] {logging_mixin.py:188} INFO - [2026-03-11T10:30:58.577+0000] {dag.py:3820} INFO - Setting next_dagrun for youtube_data_pipeline to 2026-03-10T00:00:00+00:00, run_after=2026-03-11T00:00:00+00:00
[2026-03-11T10:30:58.651+0000] {processor.py:183} INFO - Processing /opt/airflow/dags/youtube_pipeline_dag.py took 0.338 seconds
[2026-03-11T10:31:29.220+0000] {processor.py:161} INFO - Started process (PID=556) to work on /opt/airflow/dags/youtube_pipeline_dag.py
[2026-03-11T10:31:29.224+0000] {processor.py:830} INFO - Processing file /opt/airflow/dags/youtube_pipeline_dag.py for tasks to queue
[2026-03-11T10:31:29.228+0000] {logging_mixin.py:188} INFO - [2026-03-11T10:31:29.227+0000] {dagbag.py:538} INFO - Filling up the DagBag from /opt/airflow/dags/youtube_pipeline_dag.py
[2026-03-11T10:31:29.321+0000] {processor.py:840} INFO - DAG(s) 'youtube_data_pipeline' retrieved from /opt/airflow/dags/youtube_pipeline_dag.py
[2026-03-11T10:31:29.440+0000] {logging_mixin.py:188} INFO - [2026-03-11T10:31:29.439+0000] {dag.py:3033} INFO - Sync 1 DAGs
[2026-03-11T10:31:29.526+0000] {logging_mixin.py:188} INFO - [2026-03-11T10:31:29.526+0000] {dag.py:3820} INFO - Setting next_dagrun for youtube_data_pipeline to 2026-03-10T00:00:00+00:00, run_after=2026-03-11T00:00:00+00:00
[2026-03-11T10:31:29.594+0000] {processor.py:183} INFO - Processing /opt/airflow/dags/youtube_pipeline_dag.py took 0.390 seconds
[2026-03-11T10:32:00.376+0000] {processor.py:161} INFO - Started process (PID=577) to work on /opt/airflow/dags/youtube_pipeline_dag.py
[2026-03-11T10:32:00.382+0000] {processor.py:830} INFO - Processing file /opt/airflow/dags/youtube_pipeline_dag.py for tasks to queue
[2026-03-11T10:32:00.388+0000] {logging_mixin.py:188} INFO - [2026-03-11T10:32:00.387+0000] {dagbag.py:538} INFO - Filling up the DagBag from /opt/airflow/dags/youtube_pipeline_dag.py
[2026-03-11T10:32:00.451+0000] {processor.py:840} INFO - DAG(s) 'youtube_data_pipeline' retrieved from /opt/airflow/dags/youtube_pipeline_dag.py
[2026-03-11T10:32:00.558+0000] {logging_mixin.py:188} INFO - [2026-03-11T10:32:00.558+0000] {dag.py:3033} INFO - Sync 1 DAGs
[2026-03-11T10:32:00.625+0000] {logging_mixin.py:188} INFO - [2026-03-11T10:32:00.624+0000] {dag.py:3820} INFO - Setting next_dagrun for youtube_data_pipeline to 2026-03-10T00:00:00+00:00, run_after=2026-03-11T00:00:00+00:00
[2026-03-11T10:32:00.684+0000] {processor.py:183} INFO - Processing /opt/airflow/dags/youtube_pipeline_dag.py took 0.320 seconds
[2026-03-11T10:32:31.522+0000] {processor.py:161} INFO - Started process (PID=598) to work on /opt/airflow/dags/youtube_pipeline_dag.py
[2026-03-11T10:32:31.525+0000] {processor.py:830} INFO - Processing file /opt/airflow/dags/youtube_pipeline_dag.py for tasks to queue
[2026-03-11T10:32:31.527+0000] {logging_mixin.py:188} INFO - [2026-03-11T10:32:31.526+0000] {dagbag.py:538} INFO - Filling up the DagBag from /opt/airflow/dags/youtube_pipeline_dag.py
[2026-03-11T10:32:31.568+0000] {processor.py:840} INFO - DAG(s) 'youtube_data_pipeline' retrieved from /opt/airflow/dags/youtube_pipeline_dag.py
[2026-03-11T10:32:31.655+0000] {logging_mixin.py:188} INFO - [2026-03-11T10:32:31.654+0000] {dag.py:3033} INFO - Sync 1 DAGs
[2026-03-11T10:32:31.722+0000] {logging_mixin.py:188} INFO - [2026-03-11T10:32:31.721+0000] {dag.py:3820} INFO - Setting next_dagrun for youtube_data_pipeline to 2026-03-10T00:00:00+00:00, run_after=2026-03-11T00:00:00+00:00
[2026-03-11T10:32:31.769+0000] {processor.py:183} INFO - Processing /opt/airflow/dags/youtube_pipeline_dag.py took 0.252 seconds
[2026-03-11T10:33:02.198+0000] {processor.py:161} INFO - Started process (PID=619) to work on /opt/airflow/dags/youtube_pipeline_dag.py
[2026-03-11T10:33:02.201+0000] {processor.py:830} INFO - Processing file /opt/airflow/dags/youtube_pipeline_dag.py for tasks to queue
[2026-03-11T10:33:02.204+0000] {logging_mixin.py:188} INFO - [2026-03-11T10:33:02.203+0000] {dagbag.py:538} INFO - Filling up the DagBag from /opt/airflow/dags/youtube_pipeline_dag.py
[2026-03-11T10:33:02.270+0000] {processor.py:840} INFO - DAG(s) 'youtube_data_pipeline' retrieved from /opt/airflow/dags/youtube_pipeline_dag.py
[2026-03-11T10:33:02.387+0000] {logging_mixin.py:188} INFO - [2026-03-11T10:33:02.386+0000] {dag.py:3033} INFO - Sync 1 DAGs
[2026-03-11T10:33:02.492+0000] {logging_mixin.py:188} INFO - [2026-03-11T10:33:02.492+0000] {dag.py:3820} INFO - Setting next_dagrun for youtube_data_pipeline to 2026-03-10T00:00:00+00:00, run_after=2026-03-11T00:00:00+00:00
[2026-03-11T10:33:02.571+0000] {processor.py:183} INFO - Processing /opt/airflow/dags/youtube_pipeline_dag.py took 0.386 seconds
[2026-03-11T10:33:32.938+0000] {processor.py:161} INFO - Started process (PID=640) to work on /opt/airflow/dags/youtube_pipeline_dag.py
[2026-03-11T10:33:32.942+0000] {processor.py:830} INFO - Processing file /opt/airflow/dags/youtube_pipeline_dag.py for tasks to queue
[2026-03-11T10:33:32.946+0000] {logging_mixin.py:188} INFO - [2026-03-11T10:33:32.944+0000] {dagbag.py:538} INFO - Filling up the DagBag from /opt/airflow/dags/youtube_pipeline_dag.py
[2026-03-11T10:33:33.002+0000] {processor.py:840} INFO - DAG(s) 'youtube_data_pipeline' retrieved from /opt/airflow/dags/youtube_pipeline_dag.py
[2026-03-11T10:33:33.122+0000] {logging_mixin.py:188} INFO - [2026-03-11T10:33:33.121+0000] {dag.py:3033} INFO - Sync 1 DAGs
[2026-03-11T10:33:33.226+0000] {logging_mixin.py:188} INFO - [2026-03-11T10:33:33.226+0000] {dag.py:3820} INFO - Setting next_dagrun for youtube_data_pipeline to 2026-03-10T00:00:00+00:00, run_after=2026-03-11T00:00:00+00:00
[2026-03-11T10:33:33.301+0000] {processor.py:183} INFO - Processing /opt/airflow/dags/youtube_pipeline_dag.py took 0.372 seconds
[2026-03-11T10:34:03.544+0000] {processor.py:161} INFO - Started process (PID=661) to work on /opt/airflow/dags/youtube_pipeline_dag.py
[2026-03-11T10:34:03.546+0000] {processor.py:830} INFO - Processing file /opt/airflow/dags/youtube_pipeline_dag.py for tasks to queue
[2026-03-11T10:34:03.548+0000] {logging_mixin.py:188} INFO - [2026-03-11T10:34:03.547+0000] {dagbag.py:538} INFO - Filling up the DagBag from /opt/airflow/dags/youtube_pipeline_dag.py
[2026-03-11T10:34:03.594+0000] {processor.py:840} INFO - DAG(s) 'youtube_data_pipeline' retrieved from /opt/airflow/dags/youtube_pipeline_dag.py
[2026-03-11T10:34:03.692+0000] {logging_mixin.py:188} INFO - [2026-03-11T10:34:03.692+0000] {dag.py:3033} INFO - Sync 1 DAGs
[2026-03-11T10:34:03.741+0000] {logging_mixin.py:188} INFO - [2026-03-11T10:34:03.741+0000] {dag.py:3820} INFO - Setting next_dagrun for youtube_data_pipeline to 2026-03-10T00:00:00+00:00, run_after=2026-03-11T00:00:00+00:00
[2026-03-11T10:34:03.780+0000] {processor.py:183} INFO - Processing /opt/airflow/dags/youtube_pipeline_dag.py took 0.243 seconds
[2026-03-11T10:34:34.185+0000] {processor.py:161} INFO - Started process (PID=682) to work on /opt/airflow/dags/youtube_pipeline_dag.py
[2026-03-11T10:34:34.188+0000] {processor.py:830} INFO - Processing file /opt/airflow/dags/youtube_pipeline_dag.py for tasks to queue
[2026-03-11T10:34:34.190+0000] {logging_mixin.py:188} INFO - [2026-03-11T10:34:34.189+0000] {dagbag.py:538} INFO - Filling up the DagBag from /opt/airflow/dags/youtube_pipeline_dag.py
[2026-03-11T10:34:34.244+0000] {processor.py:840} INFO - DAG(s) 'youtube_data_pipeline' retrieved from /opt/airflow/dags/youtube_pipeline_dag.py
[2026-03-11T10:34:34.343+0000] {logging_mixin.py:188} INFO - [2026-03-11T10:34:34.342+0000] {dag.py:3033} INFO - Sync 1 DAGs
[2026-03-11T10:34:34.423+0000] {logging_mixin.py:188} INFO - [2026-03-11T10:34:34.422+0000] {dag.py:3820} INFO - Setting next_dagrun for youtube_data_pipeline to 2026-03-10T00:00:00+00:00, run_after=2026-03-11T00:00:00+00:00
[2026-03-11T10:34:34.483+0000] {processor.py:183} INFO - Processing /opt/airflow/dags/youtube_pipeline_dag.py took 0.307 seconds
[2026-03-11T10:35:05.145+0000] {processor.py:161} INFO - Started process (PID=703) to work on /opt/airflow/dags/youtube_pipeline_dag.py
[2026-03-11T10:35:05.148+0000] {processor.py:830} INFO - Processing file /opt/airflow/dags/youtube_pipeline_dag.py for tasks to queue
[2026-03-11T10:35:05.150+0000] {logging_mixin.py:188} INFO - [2026-03-11T10:35:05.149+0000] {dagbag.py:538} INFO - Filling up the DagBag from /opt/airflow/dags/youtube_pipeline_dag.py
[2026-03-11T10:35:05.201+0000] {processor.py:840} INFO - DAG(s) 'youtube_data_pipeline' retrieved from /opt/airflow/dags/youtube_pipeline_dag.py
[2026-03-11T10:35:05.293+0000] {logging_mixin.py:188} INFO - [2026-03-11T10:35:05.293+0000] {dag.py:3033} INFO - Sync 1 DAGs
[2026-03-11T10:35:05.387+0000] {logging_mixin.py:188} INFO - [2026-03-11T10:35:05.386+0000] {dag.py:3820} INFO - Setting next_dagrun for youtube_data_pipeline to 2026-03-10T00:00:00+00:00, run_after=2026-03-11T00:00:00+00:00
[2026-03-11T10:35:05.538+0000] {processor.py:183} INFO - Processing /opt/airflow/dags/youtube_pipeline_dag.py took 0.402 seconds
[2026-03-11T10:35:36.353+0000] {processor.py:161} INFO - Started process (PID=724) to work on /opt/airflow/dags/youtube_pipeline_dag.py
[2026-03-11T10:35:36.357+0000] {processor.py:830} INFO - Processing file /opt/airflow/dags/youtube_pipeline_dag.py for tasks to queue
[2026-03-11T10:35:36.362+0000] {logging_mixin.py:188} INFO - [2026-03-11T10:35:36.361+0000] {dagbag.py:538} INFO - Filling up the DagBag from /opt/airflow/dags/youtube_pipeline_dag.py
[2026-03-11T10:35:36.449+0000] {processor.py:840} INFO - DAG(s) 'youtube_data_pipeline' retrieved from /opt/airflow/dags/youtube_pipeline_dag.py
[2026-03-11T10:35:36.661+0000] {logging_mixin.py:188} INFO - [2026-03-11T10:35:36.661+0000] {dag.py:3033} INFO - Sync 1 DAGs
[2026-03-11T10:35:36.790+0000] {logging_mixin.py:188} INFO - [2026-03-11T10:35:36.789+0000] {dag.py:3820} INFO - Setting next_dagrun for youtube_data_pipeline to 2026-03-10T00:00:00+00:00, run_after=2026-03-11T00:00:00+00:00
[2026-03-11T10:35:36.921+0000] {processor.py:183} INFO - Processing /opt/airflow/dags/youtube_pipeline_dag.py took 0.582 seconds
[2026-03-11T10:36:08.032+0000] {processor.py:161} INFO - Started process (PID=745) to work on /opt/airflow/dags/youtube_pipeline_dag.py
[2026-03-11T10:36:08.036+0000] {processor.py:830} INFO - Processing file /opt/airflow/dags/youtube_pipeline_dag.py for tasks to queue
[2026-03-11T10:36:08.041+0000] {logging_mixin.py:188} INFO - [2026-03-11T10:36:08.038+0000] {dagbag.py:538} INFO - Filling up the DagBag from /opt/airflow/dags/youtube_pipeline_dag.py
[2026-03-11T10:36:08.143+0000] {processor.py:840} INFO - DAG(s) 'youtube_data_pipeline' retrieved from /opt/airflow/dags/youtube_pipeline_dag.py
[2026-03-11T10:36:08.275+0000] {logging_mixin.py:188} INFO - [2026-03-11T10:36:08.272+0000] {dag.py:3033} INFO - Sync 1 DAGs
[2026-03-11T10:36:08.412+0000] {logging_mixin.py:188} INFO - [2026-03-11T10:36:08.412+0000] {dag.py:3820} INFO - Setting next_dagrun for youtube_data_pipeline to 2026-03-10T00:00:00+00:00, run_after=2026-03-11T00:00:00+00:00
[2026-03-11T10:36:08.493+0000] {processor.py:183} INFO - Processing /opt/airflow/dags/youtube_pipeline_dag.py took 0.476 seconds
[2026-03-11T10:36:38.721+0000] {processor.py:161} INFO - Started process (PID=766) to work on /opt/airflow/dags/youtube_pipeline_dag.py
[2026-03-11T10:36:38.734+0000] {processor.py:830} INFO - Processing file /opt/airflow/dags/youtube_pipeline_dag.py for tasks to queue
[2026-03-11T10:36:38.757+0000] {logging_mixin.py:188} INFO - [2026-03-11T10:36:38.756+0000] {dagbag.py:538} INFO - Filling up the DagBag from /opt/airflow/dags/youtube_pipeline_dag.py
[2026-03-11T10:36:38.846+0000] {processor.py:840} INFO - DAG(s) 'youtube_data_pipeline' retrieved from /opt/airflow/dags/youtube_pipeline_dag.py
[2026-03-11T10:36:38.990+0000] {logging_mixin.py:188} INFO - [2026-03-11T10:36:38.989+0000] {dag.py:3033} INFO - Sync 1 DAGs
[2026-03-11T10:36:39.120+0000] {logging_mixin.py:188} INFO - [2026-03-11T10:36:39.119+0000] {dag.py:3820} INFO - Setting next_dagrun for youtube_data_pipeline to 2026-03-10T00:00:00+00:00, run_after=2026-03-11T00:00:00+00:00
[2026-03-11T10:36:39.227+0000] {processor.py:183} INFO - Processing /opt/airflow/dags/youtube_pipeline_dag.py took 0.515 seconds
[2026-03-11T10:37:09.645+0000] {processor.py:161} INFO - Started process (PID=787) to work on /opt/airflow/dags/youtube_pipeline_dag.py
[2026-03-11T10:37:09.646+0000] {processor.py:830} INFO - Processing file /opt/airflow/dags/youtube_pipeline_dag.py for tasks to queue
[2026-03-11T10:37:09.648+0000] {logging_mixin.py:188} INFO - [2026-03-11T10:37:09.647+0000] {dagbag.py:538} INFO - Filling up the DagBag from /opt/airflow/dags/youtube_pipeline_dag.py
[2026-03-11T10:37:09.710+0000] {processor.py:840} INFO - DAG(s) 'youtube_data_pipeline' retrieved from /opt/airflow/dags/youtube_pipeline_dag.py
[2026-03-11T10:37:09.836+0000] {logging_mixin.py:188} INFO - [2026-03-11T10:37:09.836+0000] {dag.py:3033} INFO - Sync 1 DAGs
[2026-03-11T10:37:09.946+0000] {logging_mixin.py:188} INFO - [2026-03-11T10:37:09.946+0000] {dag.py:3820} INFO - Setting next_dagrun for youtube_data_pipeline to 2026-03-10T00:00:00+00:00, run_after=2026-03-11T00:00:00+00:00
[2026-03-11T10:37:10.033+0000] {processor.py:183} INFO - Processing /opt/airflow/dags/youtube_pipeline_dag.py took 0.398 seconds
[2026-03-11T10:37:40.459+0000] {processor.py:161} INFO - Started process (PID=808) to work on /opt/airflow/dags/youtube_pipeline_dag.py
[2026-03-11T10:37:40.462+0000] {processor.py:830} INFO - Processing file /opt/airflow/dags/youtube_pipeline_dag.py for tasks to queue
[2026-03-11T10:37:40.465+0000] {logging_mixin.py:188} INFO - [2026-03-11T10:37:40.464+0000] {dagbag.py:538} INFO - Filling up the DagBag from /opt/airflow/dags/youtube_pipeline_dag.py
[2026-03-11T10:37:40.523+0000] {processor.py:840} INFO - DAG(s) 'youtube_data_pipeline' retrieved from /opt/airflow/dags/youtube_pipeline_dag.py
[2026-03-11T10:37:40.678+0000] {logging_mixin.py:188} INFO - [2026-03-11T10:37:40.678+0000] {dag.py:3033} INFO - Sync 1 DAGs
[2026-03-11T10:37:40.753+0000] {logging_mixin.py:188} INFO - [2026-03-11T10:37:40.753+0000] {dag.py:3820} INFO - Setting next_dagrun for youtube_data_pipeline to 2026-03-10T00:00:00+00:00, run_after=2026-03-11T00:00:00+00:00
[2026-03-11T10:37:40.813+0000] {processor.py:183} INFO - Processing /opt/airflow/dags/youtube_pipeline_dag.py took 0.366 seconds
[2026-03-11T10:38:11.430+0000] {processor.py:161} INFO - Started process (PID=829) to work on /opt/airflow/dags/youtube_pipeline_dag.py
[2026-03-11T10:38:11.432+0000] {processor.py:830} INFO - Processing file /opt/airflow/dags/youtube_pipeline_dag.py for tasks to queue
[2026-03-11T10:38:11.436+0000] {logging_mixin.py:188} INFO - [2026-03-11T10:38:11.435+0000] {dagbag.py:538} INFO - Filling up the DagBag from /opt/airflow/dags/youtube_pipeline_dag.py
[2026-03-11T10:38:11.527+0000] {processor.py:840} INFO - DAG(s) 'youtube_data_pipeline' retrieved from /opt/airflow/dags/youtube_pipeline_dag.py
[2026-03-11T10:38:11.671+0000] {logging_mixin.py:188} INFO - [2026-03-11T10:38:11.671+0000] {dag.py:3033} INFO - Sync 1 DAGs
[2026-03-11T10:38:11.793+0000] {logging_mixin.py:188} INFO - [2026-03-11T10:38:11.792+0000] {dag.py:3820} INFO - Setting next_dagrun for youtube_data_pipeline to 2026-03-10T00:00:00+00:00, run_after=2026-03-11T00:00:00+00:00
[2026-03-11T10:38:11.867+0000] {processor.py:183} INFO - Processing /opt/airflow/dags/youtube_pipeline_dag.py took 0.450 seconds
[2026-03-11T10:38:42.439+0000] {processor.py:161} INFO - Started process (PID=850) to work on /opt/airflow/dags/youtube_pipeline_dag.py
[2026-03-11T10:38:42.442+0000] {processor.py:830} INFO - Processing file /opt/airflow/dags/youtube_pipeline_dag.py for tasks to queue
[2026-03-11T10:38:42.446+0000] {logging_mixin.py:188} INFO - [2026-03-11T10:38:42.445+0000] {dagbag.py:538} INFO - Filling up the DagBag from /opt/airflow/dags/youtube_pipeline_dag.py
[2026-03-11T10:38:42.525+0000] {processor.py:840} INFO - DAG(s) 'youtube_data_pipeline' retrieved from /opt/airflow/dags/youtube_pipeline_dag.py
[2026-03-11T10:38:42.654+0000] {logging_mixin.py:188} INFO - [2026-03-11T10:38:42.654+0000] {dag.py:3033} INFO - Sync 1 DAGs
[2026-03-11T10:38:42.750+0000] {logging_mixin.py:188} INFO - [2026-03-11T10:38:42.750+0000] {dag.py:3820} INFO - Setting next_dagrun for youtube_data_pipeline to 2026-03-10T00:00:00+00:00, run_after=2026-03-11T00:00:00+00:00
[2026-03-11T10:38:42.825+0000] {processor.py:183} INFO - Processing /opt/airflow/dags/youtube_pipeline_dag.py took 0.397 seconds
[2026-03-11T10:39:13.266+0000] {processor.py:161} INFO - Started process (PID=869) to work on /opt/airflow/dags/youtube_pipeline_dag.py
[2026-03-11T10:39:13.269+0000] {processor.py:830} INFO - Processing file /opt/airflow/dags/youtube_pipeline_dag.py for tasks to queue
[2026-03-11T10:39:13.273+0000] {logging_mixin.py:188} INFO - [2026-03-11T10:39:13.271+0000] {dagbag.py:538} INFO - Filling up the DagBag from /opt/airflow/dags/youtube_pipeline_dag.py
[2026-03-11T10:39:13.346+0000] {processor.py:840} INFO - DAG(s) 'youtube_data_pipeline' retrieved from /opt/airflow/dags/youtube_pipeline_dag.py
[2026-03-11T10:39:13.461+0000] {logging_mixin.py:188} INFO - [2026-03-11T10:39:13.460+0000] {dag.py:3033} INFO - Sync 1 DAGs
[2026-03-11T10:39:13.581+0000] {logging_mixin.py:188} INFO - [2026-03-11T10:39:13.581+0000] {dag.py:3820} INFO - Setting next_dagrun for youtube_data_pipeline to 2026-03-10T00:00:00+00:00, run_after=2026-03-11T00:00:00+00:00
[2026-03-11T10:39:13.637+0000] {processor.py:183} INFO - Processing /opt/airflow/dags/youtube_pipeline_dag.py took 0.385 seconds
[2026-03-11T10:39:43.865+0000] {processor.py:161} INFO - Started process (PID=889) to work on /opt/airflow/dags/youtube_pipeline_dag.py
[2026-03-11T10:39:43.869+0000] {processor.py:830} INFO - Processing file /opt/airflow/dags/youtube_pipeline_dag.py for tasks to queue
[2026-03-11T10:39:43.875+0000] {logging_mixin.py:188} INFO - [2026-03-11T10:39:43.873+0000] {dagbag.py:538} INFO - Filling up the DagBag from /opt/airflow/dags/youtube_pipeline_dag.py
[2026-03-11T10:39:43.952+0000] {processor.py:840} INFO - DAG(s) 'youtube_data_pipeline' retrieved from /opt/airflow/dags/youtube_pipeline_dag.py
[2026-03-11T10:39:44.098+0000] {logging_mixin.py:188} INFO - [2026-03-11T10:39:44.098+0000] {dag.py:3033} INFO - Sync 1 DAGs
[2026-03-11T10:39:44.233+0000] {logging_mixin.py:188} INFO - [2026-03-11T10:39:44.232+0000] {dag.py:3820} INFO - Setting next_dagrun for youtube_data_pipeline to 2026-03-10T00:00:00+00:00, run_after=2026-03-11T00:00:00+00:00
[2026-03-11T10:39:44.364+0000] {processor.py:183} INFO - Processing /opt/airflow/dags/youtube_pipeline_dag.py took 0.515 seconds
[2026-03-11T10:40:15.019+0000] {processor.py:161} INFO - Started process (PID=907) to work on /opt/airflow/dags/youtube_pipeline_dag.py
[2026-03-11T10:40:15.023+0000] {processor.py:830} INFO - Processing file /opt/airflow/dags/youtube_pipeline_dag.py for tasks to queue
[2026-03-11T10:40:15.027+0000] {logging_mixin.py:188} INFO - [2026-03-11T10:40:15.026+0000] {dagbag.py:538} INFO - Filling up the DagBag from /opt/airflow/dags/youtube_pipeline_dag.py
[2026-03-11T10:40:15.095+0000] {processor.py:840} INFO - DAG(s) 'youtube_data_pipeline' retrieved from /opt/airflow/dags/youtube_pipeline_dag.py
[2026-03-11T10:40:15.235+0000] {logging_mixin.py:188} INFO - [2026-03-11T10:40:15.234+0000] {dag.py:3033} INFO - Sync 1 DAGs
[2026-03-11T10:40:15.373+0000] {logging_mixin.py:188} INFO - [2026-03-11T10:40:15.372+0000] {dag.py:3820} INFO - Setting next_dagrun for youtube_data_pipeline to 2026-03-10T00:00:00+00:00, run_after=2026-03-11T00:00:00+00:00
[2026-03-11T10:40:15.450+0000] {processor.py:183} INFO - Processing /opt/airflow/dags/youtube_pipeline_dag.py took 0.441 seconds
[2026-03-11T10:40:46.011+0000] {processor.py:161} INFO - Started process (PID=928) to work on /opt/airflow/dags/youtube_pipeline_dag.py
[2026-03-11T10:40:46.014+0000] {processor.py:830} INFO - Processing file /opt/airflow/dags/youtube_pipeline_dag.py for tasks to queue
[2026-03-11T10:40:46.016+0000] {logging_mixin.py:188} INFO - [2026-03-11T10:40:46.015+0000] {dagbag.py:538} INFO - Filling up the DagBag from /opt/airflow/dags/youtube_pipeline_dag.py
[2026-03-11T10:40:46.066+0000] {processor.py:840} INFO - DAG(s) 'youtube_data_pipeline' retrieved from /opt/airflow/dags/youtube_pipeline_dag.py
[2026-03-11T10:40:46.168+0000] {logging_mixin.py:188} INFO - [2026-03-11T10:40:46.167+0000] {dag.py:3033} INFO - Sync 1 DAGs
[2026-03-11T10:40:46.253+0000] {logging_mixin.py:188} INFO - [2026-03-11T10:40:46.253+0000] {dag.py:3820} INFO - Setting next_dagrun for youtube_data_pipeline to 2026-03-10T00:00:00+00:00, run_after=2026-03-11T00:00:00+00:00
[2026-03-11T10:40:46.348+0000] {processor.py:183} INFO - Processing /opt/airflow/dags/youtube_pipeline_dag.py took 0.346 seconds
[2026-03-11T10:41:16.685+0000] {processor.py:161} INFO - Started process (PID=949) to work on /opt/airflow/dags/youtube_pipeline_dag.py
[2026-03-11T10:41:16.687+0000] {processor.py:830} INFO - Processing file /opt/airflow/dags/youtube_pipeline_dag.py for tasks to queue
[2026-03-11T10:41:16.690+0000] {logging_mixin.py:188} INFO - [2026-03-11T10:41:16.689+0000] {dagbag.py:538} INFO - Filling up the DagBag from /opt/airflow/dags/youtube_pipeline_dag.py
[2026-03-11T10:41:16.761+0000] {processor.py:840} INFO - DAG(s) 'youtube_data_pipeline' retrieved from /opt/airflow/dags/youtube_pipeline_dag.py
[2026-03-11T10:41:16.881+0000] {logging_mixin.py:188} INFO - [2026-03-11T10:41:16.880+0000] {dag.py:3033} INFO - Sync 1 DAGs
[2026-03-11T10:41:16.978+0000] {logging_mixin.py:188} INFO - [2026-03-11T10:41:16.978+0000] {dag.py:3820} INFO - Setting next_dagrun for youtube_data_pipeline to 2026-03-10T00:00:00+00:00, run_after=2026-03-11T00:00:00+00:00
[2026-03-11T10:41:17.045+0000] {processor.py:183} INFO - Processing /opt/airflow/dags/youtube_pipeline_dag.py took 0.369 seconds
[2026-03-11T10:41:47.926+0000] {processor.py:161} INFO - Started process (PID=970) to work on /opt/airflow/dags/youtube_pipeline_dag.py
[2026-03-11T10:41:47.929+0000] {processor.py:830} INFO - Processing file /opt/airflow/dags/youtube_pipeline_dag.py for tasks to queue
[2026-03-11T10:41:47.933+0000] {logging_mixin.py:188} INFO - [2026-03-11T10:41:47.931+0000] {dagbag.py:538} INFO - Filling up the DagBag from /opt/airflow/dags/youtube_pipeline_dag.py
[2026-03-11T10:41:48.033+0000] {processor.py:840} INFO - DAG(s) 'youtube_data_pipeline' retrieved from /opt/airflow/dags/youtube_pipeline_dag.py
[2026-03-11T10:41:48.211+0000] {logging_mixin.py:188} INFO - [2026-03-11T10:41:48.210+0000] {dag.py:3033} INFO - Sync 1 DAGs
[2026-03-11T10:41:48.481+0000] {logging_mixin.py:188} INFO - [2026-03-11T10:41:48.480+0000] {dag.py:3820} INFO - Setting next_dagrun for youtube_data_pipeline to 2026-03-10T00:00:00+00:00, run_after=2026-03-11T00:00:00+00:00
[2026-03-11T10:41:48.555+0000] {processor.py:183} INFO - Processing /opt/airflow/dags/youtube_pipeline_dag.py took 0.649 seconds
[2026-03-11T10:42:19.034+0000] {processor.py:161} INFO - Started process (PID=991) to work on /opt/airflow/dags/youtube_pipeline_dag.py
[2026-03-11T10:42:19.037+0000] {processor.py:830} INFO - Processing file /opt/airflow/dags/youtube_pipeline_dag.py for tasks to queue
[2026-03-11T10:42:19.040+0000] {logging_mixin.py:188} INFO - [2026-03-11T10:42:19.039+0000] {dagbag.py:538} INFO - Filling up the DagBag from /opt/airflow/dags/youtube_pipeline_dag.py
[2026-03-11T10:42:19.095+0000] {processor.py:840} INFO - DAG(s) 'youtube_data_pipeline' retrieved from /opt/airflow/dags/youtube_pipeline_dag.py
[2026-03-11T10:42:19.204+0000] {logging_mixin.py:188} INFO - [2026-03-11T10:42:19.203+0000] {dag.py:3033} INFO - Sync 1 DAGs
[2026-03-11T10:42:19.365+0000] {logging_mixin.py:188} INFO - [2026-03-11T10:42:19.365+0000] {dag.py:3820} INFO - Setting next_dagrun for youtube_data_pipeline to 2026-03-10T00:00:00+00:00, run_after=2026-03-11T00:00:00+00:00
[2026-03-11T10:42:19.442+0000] {processor.py:183} INFO - Processing /opt/airflow/dags/youtube_pipeline_dag.py took 0.418 seconds
[2026-03-11T10:42:49.788+0000] {processor.py:161} INFO - Started process (PID=1012) to work on /opt/airflow/dags/youtube_pipeline_dag.py
[2026-03-11T10:42:49.790+0000] {processor.py:830} INFO - Processing file /opt/airflow/dags/youtube_pipeline_dag.py for tasks to queue
[2026-03-11T10:42:49.794+0000] {logging_mixin.py:188} INFO - [2026-03-11T10:42:49.793+0000] {dagbag.py:538} INFO - Filling up the DagBag from /opt/airflow/dags/youtube_pipeline_dag.py
[2026-03-11T10:42:49.845+0000] {processor.py:840} INFO - DAG(s) 'youtube_data_pipeline' retrieved from /opt/airflow/dags/youtube_pipeline_dag.py
[2026-03-11T10:42:49.961+0000] {logging_mixin.py:188} INFO - [2026-03-11T10:42:49.960+0000] {dag.py:3033} INFO - Sync 1 DAGs
[2026-03-11T10:42:50.060+0000] {logging_mixin.py:188} INFO - [2026-03-11T10:42:50.059+0000] {dag.py:3820} INFO - Setting next_dagrun for youtube_data_pipeline to 2026-03-10T00:00:00+00:00, run_after=2026-03-11T00:00:00+00:00
[2026-03-11T10:42:50.119+0000] {processor.py:183} INFO - Processing /opt/airflow/dags/youtube_pipeline_dag.py took 0.339 seconds
[2026-03-11T10:43:20.244+0000] {processor.py:161} INFO - Started process (PID=1033) to work on /opt/airflow/dags/youtube_pipeline_dag.py
[2026-03-11T10:43:20.246+0000] {processor.py:830} INFO - Processing file /opt/airflow/dags/youtube_pipeline_dag.py for tasks to queue
[2026-03-11T10:43:20.250+0000] {logging_mixin.py:188} INFO - [2026-03-11T10:43:20.248+0000] {dagbag.py:538} INFO - Filling up the DagBag from /opt/airflow/dags/youtube_pipeline_dag.py
[2026-03-11T10:43:20.303+0000] {processor.py:840} INFO - DAG(s) 'youtube_data_pipeline' retrieved from /opt/airflow/dags/youtube_pipeline_dag.py
[2026-03-11T10:43:20.448+0000] {logging_mixin.py:188} INFO - [2026-03-11T10:43:20.447+0000] {dag.py:3033} INFO - Sync 1 DAGs
[2026-03-11T10:43:20.609+0000] {logging_mixin.py:188} INFO - [2026-03-11T10:43:20.608+0000] {dag.py:3820} INFO - Setting next_dagrun for youtube_data_pipeline to 2026-03-10T00:00:00+00:00, run_after=2026-03-11T00:00:00+00:00
[2026-03-11T10:43:20.703+0000] {processor.py:183} INFO - Processing /opt/airflow/dags/youtube_pipeline_dag.py took 0.469 seconds
[2026-03-11T10:43:51.045+0000] {processor.py:161} INFO - Started process (PID=1054) to work on /opt/airflow/dags/youtube_pipeline_dag.py
[2026-03-11T10:43:51.049+0000] {processor.py:830} INFO - Processing file /opt/airflow/dags/youtube_pipeline_dag.py for tasks to queue
[2026-03-11T10:43:51.052+0000] {logging_mixin.py:188} INFO - [2026-03-11T10:43:51.051+0000] {dagbag.py:538} INFO - Filling up the DagBag from /opt/airflow/dags/youtube_pipeline_dag.py
[2026-03-11T10:43:51.145+0000] {processor.py:840} INFO - DAG(s) 'youtube_data_pipeline' retrieved from /opt/airflow/dags/youtube_pipeline_dag.py
[2026-03-11T10:43:51.345+0000] {logging_mixin.py:188} INFO - [2026-03-11T10:43:51.345+0000] {dag.py:3033} INFO - Sync 1 DAGs
[2026-03-11T10:43:51.504+0000] {logging_mixin.py:188} INFO - [2026-03-11T10:43:51.504+0000] {dag.py:3820} INFO - Setting next_dagrun for youtube_data_pipeline to 2026-03-10T00:00:00+00:00, run_after=2026-03-11T00:00:00+00:00
[2026-03-11T10:43:51.621+0000] {processor.py:183} INFO - Processing /opt/airflow/dags/youtube_pipeline_dag.py took 0.586 seconds
[2026-03-11T10:44:21.986+0000] {processor.py:161} INFO - Started process (PID=1075) to work on /opt/airflow/dags/youtube_pipeline_dag.py
[2026-03-11T10:44:21.989+0000] {processor.py:830} INFO - Processing file /opt/airflow/dags/youtube_pipeline_dag.py for tasks to queue
[2026-03-11T10:44:21.995+0000] {logging_mixin.py:188} INFO - [2026-03-11T10:44:21.993+0000] {dagbag.py:538} INFO - Filling up the DagBag from /opt/airflow/dags/youtube_pipeline_dag.py
[2026-03-11T10:44:22.090+0000] {processor.py:840} INFO - DAG(s) 'youtube_data_pipeline' retrieved from /opt/airflow/dags/youtube_pipeline_dag.py
[2026-03-11T10:44:22.322+0000] {logging_mixin.py:188} INFO - [2026-03-11T10:44:22.321+0000] {dag.py:3033} INFO - Sync 1 DAGs
[2026-03-11T10:44:22.658+0000] {logging_mixin.py:188} INFO - [2026-03-11T10:44:22.656+0000] {dag.py:3820} INFO - Setting next_dagrun for youtube_data_pipeline to 2026-03-10T00:00:00+00:00, run_after=2026-03-11T00:00:00+00:00
[2026-03-11T10:44:22.823+0000] {processor.py:183} INFO - Processing /opt/airflow/dags/youtube_pipeline_dag.py took 0.852 seconds
[2026-03-11T10:44:53.084+0000] {processor.py:161} INFO - Started process (PID=1096) to work on /opt/airflow/dags/youtube_pipeline_dag.py
[2026-03-11T10:44:53.089+0000] {processor.py:830} INFO - Processing file /opt/airflow/dags/youtube_pipeline_dag.py for tasks to queue
[2026-03-11T10:44:53.094+0000] {logging_mixin.py:188} INFO - [2026-03-11T10:44:53.092+0000] {dagbag.py:538} INFO - Filling up the DagBag from /opt/airflow/dags/youtube_pipeline_dag.py
[2026-03-11T10:44:53.188+0000] {processor.py:840} INFO - DAG(s) 'youtube_data_pipeline' retrieved from /opt/airflow/dags/youtube_pipeline_dag.py
[2026-03-11T10:44:53.406+0000] {logging_mixin.py:188} INFO - [2026-03-11T10:44:53.404+0000] {dag.py:3033} INFO - Sync 1 DAGs
[2026-03-11T10:44:53.585+0000] {logging_mixin.py:188} INFO - [2026-03-11T10:44:53.584+0000] {dag.py:3820} INFO - Setting next_dagrun for youtube_data_pipeline to 2026-03-10T00:00:00+00:00, run_after=2026-03-11T00:00:00+00:00
[2026-03-11T10:44:53.717+0000] {processor.py:183} INFO - Processing /opt/airflow/dags/youtube_pipeline_dag.py took 0.649 seconds
[2026-03-11T10:45:24.641+0000] {processor.py:161} INFO - Started process (PID=1117) to work on /opt/airflow/dags/youtube_pipeline_dag.py
[2026-03-11T10:45:24.645+0000] {processor.py:830} INFO - Processing file /opt/airflow/dags/youtube_pipeline_dag.py for tasks to queue
[2026-03-11T10:45:24.652+0000] {logging_mixin.py:188} INFO - [2026-03-11T10:45:24.648+0000] {dagbag.py:538} INFO - Filling up the DagBag from /opt/airflow/dags/youtube_pipeline_dag.py
[2026-03-11T10:45:24.758+0000] {processor.py:840} INFO - DAG(s) 'youtube_data_pipeline' retrieved from /opt/airflow/dags/youtube_pipeline_dag.py
[2026-03-11T10:45:25.011+0000] {logging_mixin.py:188} INFO - [2026-03-11T10:45:25.011+0000] {dag.py:3033} INFO - Sync 1 DAGs
[2026-03-11T10:45:25.229+0000] {logging_mixin.py:188} INFO - [2026-03-11T10:45:25.228+0000] {dag.py:3820} INFO - Setting next_dagrun for youtube_data_pipeline to 2026-03-10T00:00:00+00:00, run_after=2026-03-11T00:00:00+00:00
[2026-03-11T10:45:25.353+0000] {processor.py:183} INFO - Processing /opt/airflow/dags/youtube_pipeline_dag.py took 0.727 seconds
[2026-03-11T10:45:55.685+0000] {processor.py:161} INFO - Started process (PID=1138) to work on /opt/airflow/dags/youtube_pipeline_dag.py
[2026-03-11T10:45:55.687+0000] {processor.py:830} INFO - Processing file /opt/airflow/dags/youtube_pipeline_dag.py for tasks to queue
[2026-03-11T10:45:55.693+0000] {logging_mixin.py:188} INFO - [2026-03-11T10:45:55.691+0000] {dagbag.py:538} INFO - Filling up the DagBag from /opt/airflow/dags/youtube_pipeline_dag.py
[2026-03-11T10:45:55.777+0000] {processor.py:840} INFO - DAG(s) 'youtube_data_pipeline' retrieved from /opt/airflow/dags/youtube_pipeline_dag.py
[2026-03-11T10:45:55.906+0000] {logging_mixin.py:188} INFO - [2026-03-11T10:45:55.905+0000] {dag.py:3033} INFO - Sync 1 DAGs
[2026-03-11T10:45:56.059+0000] {logging_mixin.py:188} INFO - [2026-03-11T10:45:56.057+0000] {dag.py:3820} INFO - Setting next_dagrun for youtube_data_pipeline to 2026-03-10T00:00:00+00:00, run_after=2026-03-11T00:00:00+00:00
[2026-03-11T10:45:56.170+0000] {processor.py:183} INFO - Processing /opt/airflow/dags/youtube_pipeline_dag.py took 0.497 seconds
[2026-03-11T10:46:26.342+0000] {processor.py:161} INFO - Started process (PID=1159) to work on /opt/airflow/dags/youtube_pipeline_dag.py
[2026-03-11T10:46:26.345+0000] {processor.py:830} INFO - Processing file /opt/airflow/dags/youtube_pipeline_dag.py for tasks to queue
[2026-03-11T10:46:26.348+0000] {logging_mixin.py:188} INFO - [2026-03-11T10:46:26.347+0000] {dagbag.py:538} INFO - Filling up the DagBag from /opt/airflow/dags/youtube_pipeline_dag.py
[2026-03-11T10:46:26.408+0000] {processor.py:840} INFO - DAG(s) 'youtube_data_pipeline' retrieved from /opt/airflow/dags/youtube_pipeline_dag.py
[2026-03-11T10:46:26.652+0000] {logging_mixin.py:188} INFO - [2026-03-11T10:46:26.651+0000] {dag.py:3033} INFO - Sync 1 DAGs
[2026-03-11T10:46:26.745+0000] {logging_mixin.py:188} INFO - [2026-03-11T10:46:26.744+0000] {dag.py:3820} INFO - Setting next_dagrun for youtube_data_pipeline to 2026-03-10T00:00:00+00:00, run_after=2026-03-11T00:00:00+00:00
[2026-03-11T10:46:26.826+0000] {processor.py:183} INFO - Processing /opt/airflow/dags/youtube_pipeline_dag.py took 0.494 seconds
[2026-03-11T10:46:57.173+0000] {processor.py:161} INFO - Started process (PID=1180) to work on /opt/airflow/dags/youtube_pipeline_dag.py
[2026-03-11T10:46:57.178+0000] {processor.py:830} INFO - Processing file /opt/airflow/dags/youtube_pipeline_dag.py for tasks to queue
[2026-03-11T10:46:57.181+0000] {logging_mixin.py:188} INFO - [2026-03-11T10:46:57.180+0000] {dagbag.py:538} INFO - Filling up the DagBag from /opt/airflow/dags/youtube_pipeline_dag.py
[2026-03-11T10:46:57.258+0000] {processor.py:840} INFO - DAG(s) 'youtube_data_pipeline' retrieved from /opt/airflow/dags/youtube_pipeline_dag.py
[2026-03-11T10:46:57.392+0000] {logging_mixin.py:188} INFO - [2026-03-11T10:46:57.391+0000] {dag.py:3033} INFO - Sync 1 DAGs
[2026-03-11T10:46:57.484+0000] {logging_mixin.py:188} INFO - [2026-03-11T10:46:57.483+0000] {dag.py:3820} INFO - Setting next_dagrun for youtube_data_pipeline to 2026-03-10T00:00:00+00:00, run_after=2026-03-11T00:00:00+00:00
[2026-03-11T10:46:57.571+0000] {processor.py:183} INFO - Processing /opt/airflow/dags/youtube_pipeline_dag.py took 0.410 seconds
[2026-03-11T10:47:27.892+0000] {processor.py:161} INFO - Started process (PID=1201) to work on /opt/airflow/dags/youtube_pipeline_dag.py
[2026-03-11T10:47:27.895+0000] {processor.py:830} INFO - Processing file /opt/airflow/dags/youtube_pipeline_dag.py for tasks to queue
[2026-03-11T10:47:27.898+0000] {logging_mixin.py:188} INFO - [2026-03-11T10:47:27.897+0000] {dagbag.py:538} INFO - Filling up the DagBag from /opt/airflow/dags/youtube_pipeline_dag.py
[2026-03-11T10:47:27.963+0000] {processor.py:840} INFO - DAG(s) 'youtube_data_pipeline' retrieved from /opt/airflow/dags/youtube_pipeline_dag.py
[2026-03-11T10:47:28.094+0000] {logging_mixin.py:188} INFO - [2026-03-11T10:47:28.093+0000] {dag.py:3033} INFO - Sync 1 DAGs
[2026-03-11T10:47:28.230+0000] {logging_mixin.py:188} INFO - [2026-03-11T10:47:28.229+0000] {dag.py:3820} INFO - Setting next_dagrun for youtube_data_pipeline to 2026-03-10T00:00:00+00:00, run_after=2026-03-11T00:00:00+00:00
[2026-03-11T10:47:28.295+0000] {processor.py:183} INFO - Processing /opt/airflow/dags/youtube_pipeline_dag.py took 0.415 seconds
[2026-03-11T10:47:59.089+0000] {processor.py:161} INFO - Started process (PID=1222) to work on /opt/airflow/dags/youtube_pipeline_dag.py
[2026-03-11T10:47:59.092+0000] {processor.py:830} INFO - Processing file /opt/airflow/dags/youtube_pipeline_dag.py for tasks to queue
[2026-03-11T10:47:59.095+0000] {logging_mixin.py:188} INFO - [2026-03-11T10:47:59.094+0000] {dagbag.py:538} INFO - Filling up the DagBag from /opt/airflow/dags/youtube_pipeline_dag.py
[2026-03-11T10:47:59.165+0000] {processor.py:840} INFO - DAG(s) 'youtube_data_pipeline' retrieved from /opt/airflow/dags/youtube_pipeline_dag.py
[2026-03-11T10:47:59.354+0000] {logging_mixin.py:188} INFO - [2026-03-11T10:47:59.353+0000] {dag.py:3033} INFO - Sync 1 DAGs
[2026-03-11T10:47:59.509+0000] {logging_mixin.py:188} INFO - [2026-03-11T10:47:59.508+0000] {dag.py:3820} INFO - Setting next_dagrun for youtube_data_pipeline to 2026-03-10T00:00:00+00:00, run_after=2026-03-11T00:00:00+00:00
[2026-03-11T10:47:59.604+0000] {processor.py:183} INFO - Processing /opt/airflow/dags/youtube_pipeline_dag.py took 0.525 seconds
[2026-03-11T10:48:30.022+0000] {processor.py:161} INFO - Started process (PID=1243) to work on /opt/airflow/dags/youtube_pipeline_dag.py
[2026-03-11T10:48:30.025+0000] {processor.py:830} INFO - Processing file /opt/airflow/dags/youtube_pipeline_dag.py for tasks to queue
[2026-03-11T10:48:30.028+0000] {logging_mixin.py:188} INFO - [2026-03-11T10:48:30.027+0000] {dagbag.py:538} INFO - Filling up the DagBag from /opt/airflow/dags/youtube_pipeline_dag.py
[2026-03-11T10:48:30.097+0000] {processor.py:840} INFO - DAG(s) 'youtube_data_pipeline' retrieved from /opt/airflow/dags/youtube_pipeline_dag.py
[2026-03-11T10:48:30.210+0000] {logging_mixin.py:188} INFO - [2026-03-11T10:48:30.209+0000] {dag.py:3033} INFO - Sync 1 DAGs
[2026-03-11T10:48:30.306+0000] {logging_mixin.py:188} INFO - [2026-03-11T10:48:30.306+0000] {dag.py:3820} INFO - Setting next_dagrun for youtube_data_pipeline to 2026-03-10T00:00:00+00:00, run_after=2026-03-11T00:00:00+00:00
[2026-03-11T10:48:30.400+0000] {processor.py:183} INFO - Processing /opt/airflow/dags/youtube_pipeline_dag.py took 0.391 seconds
[2026-03-11T10:49:01.120+0000] {processor.py:161} INFO - Started process (PID=1264) to work on /opt/airflow/dags/youtube_pipeline_dag.py
[2026-03-11T10:49:01.122+0000] {processor.py:830} INFO - Processing file /opt/airflow/dags/youtube_pipeline_dag.py for tasks to queue
[2026-03-11T10:49:01.127+0000] {logging_mixin.py:188} INFO - [2026-03-11T10:49:01.126+0000] {dagbag.py:538} INFO - Filling up the DagBag from /opt/airflow/dags/youtube_pipeline_dag.py
[2026-03-11T10:49:01.180+0000] {processor.py:840} INFO - DAG(s) 'youtube_data_pipeline' retrieved from /opt/airflow/dags/youtube_pipeline_dag.py
[2026-03-11T10:49:01.292+0000] {logging_mixin.py:188} INFO - [2026-03-11T10:49:01.291+0000] {dag.py:3033} INFO - Sync 1 DAGs
[2026-03-11T10:49:01.398+0000] {logging_mixin.py:188} INFO - [2026-03-11T10:49:01.397+0000] {dag.py:3820} INFO - Setting next_dagrun for youtube_data_pipeline to 2026-03-10T00:00:00+00:00, run_after=2026-03-11T00:00:00+00:00
[2026-03-11T10:49:01.475+0000] {processor.py:183} INFO - Processing /opt/airflow/dags/youtube_pipeline_dag.py took 0.364 seconds
[2026-03-11T10:49:31.843+0000] {processor.py:161} INFO - Started process (PID=1283) to work on /opt/airflow/dags/youtube_pipeline_dag.py
[2026-03-11T10:49:31.845+0000] {processor.py:830} INFO - Processing file /opt/airflow/dags/youtube_pipeline_dag.py for tasks to queue
[2026-03-11T10:49:31.848+0000] {logging_mixin.py:188} INFO - [2026-03-11T10:49:31.847+0000] {dagbag.py:538} INFO - Filling up the DagBag from /opt/airflow/dags/youtube_pipeline_dag.py
[2026-03-11T10:49:31.928+0000] {processor.py:840} INFO - DAG(s) 'youtube_data_pipeline' retrieved from /opt/airflow/dags/youtube_pipeline_dag.py
[2026-03-11T10:49:32.081+0000] {logging_mixin.py:188} INFO - [2026-03-11T10:49:32.081+0000] {dag.py:3033} INFO - Sync 1 DAGs
[2026-03-11T10:49:32.194+0000] {logging_mixin.py:188} INFO - [2026-03-11T10:49:32.193+0000] {dag.py:3820} INFO - Setting next_dagrun for youtube_data_pipeline to 2026-03-10T00:00:00+00:00, run_after=2026-03-11T00:00:00+00:00
[2026-03-11T10:49:32.276+0000] {processor.py:183} INFO - Processing /opt/airflow/dags/youtube_pipeline_dag.py took 0.443 seconds
[2026-03-11T10:50:03.289+0000] {processor.py:161} INFO - Started process (PID=1303) to work on /opt/airflow/dags/youtube_pipeline_dag.py
[2026-03-11T10:50:03.294+0000] {processor.py:830} INFO - Processing file /opt/airflow/dags/youtube_pipeline_dag.py for tasks to queue
[2026-03-11T10:50:03.299+0000] {logging_mixin.py:188} INFO - [2026-03-11T10:50:03.298+0000] {dagbag.py:538} INFO - Filling up the DagBag from /opt/airflow/dags/youtube_pipeline_dag.py
[2026-03-11T10:50:03.374+0000] {processor.py:840} INFO - DAG(s) 'youtube_data_pipeline' retrieved from /opt/airflow/dags/youtube_pipeline_dag.py
[2026-03-11T10:50:03.542+0000] {logging_mixin.py:188} INFO - [2026-03-11T10:50:03.538+0000] {dag.py:3033} INFO - Sync 1 DAGs
[2026-03-11T10:50:03.687+0000] {logging_mixin.py:188} INFO - [2026-03-11T10:50:03.687+0000] {dag.py:3820} INFO - Setting next_dagrun for youtube_data_pipeline to 2026-03-10T00:00:00+00:00, run_after=2026-03-11T00:00:00+00:00
[2026-03-11T10:50:03.794+0000] {processor.py:183} INFO - Processing /opt/airflow/dags/youtube_pipeline_dag.py took 0.518 seconds
[2026-03-11T10:50:34.339+0000] {processor.py:161} INFO - Started process (PID=1321) to work on /opt/airflow/dags/youtube_pipeline_dag.py
[2026-03-11T10:50:34.343+0000] {processor.py:830} INFO - Processing file /opt/airflow/dags/youtube_pipeline_dag.py for tasks to queue
[2026-03-11T10:50:34.349+0000] {logging_mixin.py:188} INFO - [2026-03-11T10:50:34.348+0000] {dagbag.py:538} INFO - Filling up the DagBag from /opt/airflow/dags/youtube_pipeline_dag.py
[2026-03-11T10:50:34.437+0000] {processor.py:840} INFO - DAG(s) 'youtube_data_pipeline' retrieved from /opt/airflow/dags/youtube_pipeline_dag.py
[2026-03-11T10:50:34.644+0000] {logging_mixin.py:188} INFO - [2026-03-11T10:50:34.643+0000] {dag.py:3033} INFO - Sync 1 DAGs
[2026-03-11T10:50:34.749+0000] {logging_mixin.py:188} INFO - [2026-03-11T10:50:34.749+0000] {dag.py:3820} INFO - Setting next_dagrun for youtube_data_pipeline to 2026-03-10T00:00:00+00:00, run_after=2026-03-11T00:00:00+00:00
[2026-03-11T10:50:34.840+0000] {processor.py:183} INFO - Processing /opt/airflow/dags/youtube_pipeline_dag.py took 0.517 seconds
[2026-03-11T10:51:05.501+0000] {processor.py:161} INFO - Started process (PID=1342) to work on /opt/airflow/dags/youtube_pipeline_dag.py
[2026-03-11T10:51:05.511+0000] {processor.py:830} INFO - Processing file /opt/airflow/dags/youtube_pipeline_dag.py for tasks to queue
[2026-03-11T10:51:05.520+0000] {logging_mixin.py:188} INFO - [2026-03-11T10:51:05.517+0000] {dagbag.py:538} INFO - Filling up the DagBag from /opt/airflow/dags/youtube_pipeline_dag.py
[2026-03-11T10:51:05.601+0000] {processor.py:840} INFO - DAG(s) 'youtube_data_pipeline' retrieved from /opt/airflow/dags/youtube_pipeline_dag.py
[2026-03-11T10:51:05.750+0000] {logging_mixin.py:188} INFO - [2026-03-11T10:51:05.750+0000] {dag.py:3033} INFO - Sync 1 DAGs
[2026-03-11T10:51:05.882+0000] {logging_mixin.py:188} INFO - [2026-03-11T10:51:05.881+0000] {dag.py:3820} INFO - Setting next_dagrun for youtube_data_pipeline to 2026-03-10T00:00:00+00:00, run_after=2026-03-11T00:00:00+00:00
[2026-03-11T10:51:05.970+0000] {processor.py:183} INFO - Processing /opt/airflow/dags/youtube_pipeline_dag.py took 0.484 seconds
[2026-03-11T10:51:36.110+0000] {processor.py:161} INFO - Started process (PID=1363) to work on /opt/airflow/dags/youtube_pipeline_dag.py
[2026-03-11T10:51:36.114+0000] {processor.py:830} INFO - Processing file /opt/airflow/dags/youtube_pipeline_dag.py for tasks to queue
[2026-03-11T10:51:36.120+0000] {logging_mixin.py:188} INFO - [2026-03-11T10:51:36.119+0000] {dagbag.py:538} INFO - Filling up the DagBag from /opt/airflow/dags/youtube_pipeline_dag.py
[2026-03-11T10:51:36.206+0000] {processor.py:840} INFO - DAG(s) 'youtube_data_pipeline' retrieved from /opt/airflow/dags/youtube_pipeline_dag.py
[2026-03-11T10:51:36.366+0000] {logging_mixin.py:188} INFO - [2026-03-11T10:51:36.366+0000] {dag.py:3033} INFO - Sync 1 DAGs
[2026-03-11T10:51:36.486+0000] {logging_mixin.py:188} INFO - [2026-03-11T10:51:36.486+0000] {dag.py:3820} INFO - Setting next_dagrun for youtube_data_pipeline to 2026-03-10T00:00:00+00:00, run_after=2026-03-11T00:00:00+00:00
[2026-03-11T10:51:36.584+0000] {processor.py:183} INFO - Processing /opt/airflow/dags/youtube_pipeline_dag.py took 0.489 seconds
[2026-03-11T10:52:07.390+0000] {processor.py:161} INFO - Started process (PID=1384) to work on /opt/airflow/dags/youtube_pipeline_dag.py
[2026-03-11T10:52:07.394+0000] {processor.py:830} INFO - Processing file /opt/airflow/dags/youtube_pipeline_dag.py for tasks to queue
[2026-03-11T10:52:07.397+0000] {logging_mixin.py:188} INFO - [2026-03-11T10:52:07.395+0000] {dagbag.py:538} INFO - Filling up the DagBag from /opt/airflow/dags/youtube_pipeline_dag.py
[2026-03-11T10:52:07.467+0000] {processor.py:840} INFO - DAG(s) 'youtube_data_pipeline' retrieved from /opt/airflow/dags/youtube_pipeline_dag.py
[2026-03-11T10:52:07.616+0000] {logging_mixin.py:188} INFO - [2026-03-11T10:52:07.616+0000] {dag.py:3033} INFO - Sync 1 DAGs
[2026-03-11T10:52:07.819+0000] {logging_mixin.py:188} INFO - [2026-03-11T10:52:07.818+0000] {dag.py:3820} INFO - Setting next_dagrun for youtube_data_pipeline to 2026-03-10T00:00:00+00:00, run_after=2026-03-11T00:00:00+00:00
[2026-03-11T10:52:07.917+0000] {processor.py:183} INFO - Processing /opt/airflow/dags/youtube_pipeline_dag.py took 0.537 seconds
[2026-03-11T10:52:38.164+0000] {processor.py:161} INFO - Started process (PID=1405) to work on /opt/airflow/dags/youtube_pipeline_dag.py
[2026-03-11T10:52:38.166+0000] {processor.py:830} INFO - Processing file /opt/airflow/dags/youtube_pipeline_dag.py for tasks to queue
[2026-03-11T10:52:38.168+0000] {logging_mixin.py:188} INFO - [2026-03-11T10:52:38.167+0000] {dagbag.py:538} INFO - Filling up the DagBag from /opt/airflow/dags/youtube_pipeline_dag.py
[2026-03-11T10:52:38.215+0000] {processor.py:840} INFO - DAG(s) 'youtube_data_pipeline' retrieved from /opt/airflow/dags/youtube_pipeline_dag.py
[2026-03-11T10:52:38.305+0000] {logging_mixin.py:188} INFO - [2026-03-11T10:52:38.304+0000] {dag.py:3033} INFO - Sync 1 DAGs
[2026-03-11T10:52:38.402+0000] {logging_mixin.py:188} INFO - [2026-03-11T10:52:38.401+0000] {dag.py:3820} INFO - Setting next_dagrun for youtube_data_pipeline to 2026-03-10T00:00:00+00:00, run_after=2026-03-11T00:00:00+00:00
[2026-03-11T10:52:38.469+0000] {processor.py:183} INFO - Processing /opt/airflow/dags/youtube_pipeline_dag.py took 0.311 seconds
[2026-03-11T10:53:09.369+0000] {processor.py:161} INFO - Started process (PID=1426) to work on /opt/airflow/dags/youtube_pipeline_dag.py
[2026-03-11T10:53:09.373+0000] {processor.py:830} INFO - Processing file /opt/airflow/dags/youtube_pipeline_dag.py for tasks to queue
[2026-03-11T10:53:09.377+0000] {logging_mixin.py:188} INFO - [2026-03-11T10:53:09.375+0000] {dagbag.py:538} INFO - Filling up the DagBag from /opt/airflow/dags/youtube_pipeline_dag.py
[2026-03-11T10:53:09.445+0000] {processor.py:840} INFO - DAG(s) 'youtube_data_pipeline' retrieved from /opt/airflow/dags/youtube_pipeline_dag.py
[2026-03-11T10:53:09.575+0000] {logging_mixin.py:188} INFO - [2026-03-11T10:53:09.575+0000] {dag.py:3033} INFO - Sync 1 DAGs
[2026-03-11T10:53:09.704+0000] {logging_mixin.py:188} INFO - [2026-03-11T10:53:09.703+0000] {dag.py:3820} INFO - Setting next_dagrun for youtube_data_pipeline to 2026-03-10T00:00:00+00:00, run_after=2026-03-11T00:00:00+00:00
[2026-03-11T10:53:09.779+0000] {processor.py:183} INFO - Processing /opt/airflow/dags/youtube_pipeline_dag.py took 0.422 seconds
[2026-03-11T10:53:39.939+0000] {processor.py:161} INFO - Started process (PID=1447) to work on /opt/airflow/dags/youtube_pipeline_dag.py
[2026-03-11T10:53:39.942+0000] {processor.py:830} INFO - Processing file /opt/airflow/dags/youtube_pipeline_dag.py for tasks to queue
[2026-03-11T10:53:39.945+0000] {logging_mixin.py:188} INFO - [2026-03-11T10:53:39.944+0000] {dagbag.py:538} INFO - Filling up the DagBag from /opt/airflow/dags/youtube_pipeline_dag.py
[2026-03-11T10:53:40.011+0000] {processor.py:840} INFO - DAG(s) 'youtube_data_pipeline' retrieved from /opt/airflow/dags/youtube_pipeline_dag.py
[2026-03-11T10:53:40.102+0000] {logging_mixin.py:188} INFO - [2026-03-11T10:53:40.102+0000] {dag.py:3033} INFO - Sync 1 DAGs
[2026-03-11T10:53:40.182+0000] {logging_mixin.py:188} INFO - [2026-03-11T10:53:40.182+0000] {dag.py:3820} INFO - Setting next_dagrun for youtube_data_pipeline to 2026-03-10T00:00:00+00:00, run_after=2026-03-11T00:00:00+00:00
[2026-03-11T10:53:40.253+0000] {processor.py:183} INFO - Processing /opt/airflow/dags/youtube_pipeline_dag.py took 0.324 seconds
[2026-03-11T10:54:10.571+0000] {processor.py:161} INFO - Started process (PID=1468) to work on /opt/airflow/dags/youtube_pipeline_dag.py
[2026-03-11T10:54:10.573+0000] {processor.py:830} INFO - Processing file /opt/airflow/dags/youtube_pipeline_dag.py for tasks to queue
[2026-03-11T10:54:10.576+0000] {logging_mixin.py:188} INFO - [2026-03-11T10:54:10.576+0000] {dagbag.py:538} INFO - Filling up the DagBag from /opt/airflow/dags/youtube_pipeline_dag.py
[2026-03-11T10:54:10.606+0000] {processor.py:840} INFO - DAG(s) 'youtube_data_pipeline' retrieved from /opt/airflow/dags/youtube_pipeline_dag.py
[2026-03-11T10:54:10.703+0000] {logging_mixin.py:188} INFO - [2026-03-11T10:54:10.703+0000] {dag.py:3033} INFO - Sync 1 DAGs
[2026-03-11T10:54:10.750+0000] {logging_mixin.py:188} INFO - [2026-03-11T10:54:10.750+0000] {dag.py:3820} INFO - Setting next_dagrun for youtube_data_pipeline to 2026-03-10T00:00:00+00:00, run_after=2026-03-11T00:00:00+00:00
[2026-03-11T10:54:10.784+0000] {processor.py:183} INFO - Processing /opt/airflow/dags/youtube_pipeline_dag.py took 0.219 seconds
[2026-03-11T10:54:41.159+0000] {processor.py:161} INFO - Started process (PID=1489) to work on /opt/airflow/dags/youtube_pipeline_dag.py
[2026-03-11T10:54:41.162+0000] {processor.py:830} INFO - Processing file /opt/airflow/dags/youtube_pipeline_dag.py for tasks to queue
[2026-03-11T10:54:41.165+0000] {logging_mixin.py:188} INFO - [2026-03-11T10:54:41.164+0000] {dagbag.py:538} INFO - Filling up the DagBag from /opt/airflow/dags/youtube_pipeline_dag.py
[2026-03-11T10:54:41.217+0000] {processor.py:840} INFO - DAG(s) 'youtube_data_pipeline' retrieved from /opt/airflow/dags/youtube_pipeline_dag.py
[2026-03-11T10:54:41.315+0000] {logging_mixin.py:188} INFO - [2026-03-11T10:54:41.315+0000] {dag.py:3033} INFO - Sync 1 DAGs
[2026-03-11T10:54:41.392+0000] {logging_mixin.py:188} INFO - [2026-03-11T10:54:41.391+0000] {dag.py:3820} INFO - Setting next_dagrun for youtube_data_pipeline to 2026-03-10T00:00:00+00:00, run_after=2026-03-11T00:00:00+00:00
[2026-03-11T10:54:41.441+0000] {processor.py:183} INFO - Processing /opt/airflow/dags/youtube_pipeline_dag.py took 0.289 seconds
[2026-03-11T10:55:12.347+0000] {processor.py:161} INFO - Started process (PID=1510) to work on /opt/airflow/dags/youtube_pipeline_dag.py
[2026-03-11T10:55:12.349+0000] {processor.py:830} INFO - Processing file /opt/airflow/dags/youtube_pipeline_dag.py for tasks to queue
[2026-03-11T10:55:12.350+0000] {logging_mixin.py:188} INFO - [2026-03-11T10:55:12.350+0000] {dagbag.py:538} INFO - Filling up the DagBag from /opt/airflow/dags/youtube_pipeline_dag.py
[2026-03-11T10:55:12.402+0000] {processor.py:840} INFO - DAG(s) 'youtube_data_pipeline' retrieved from /opt/airflow/dags/youtube_pipeline_dag.py
[2026-03-11T10:55:12.505+0000] {logging_mixin.py:188} INFO - [2026-03-11T10:55:12.505+0000] {dag.py:3033} INFO - Sync 1 DAGs
[2026-03-11T10:55:12.617+0000] {logging_mixin.py:188} INFO - [2026-03-11T10:55:12.616+0000] {dag.py:3820} INFO - Setting next_dagrun for youtube_data_pipeline to 2026-03-10T00:00:00+00:00, run_after=2026-03-11T00:00:00+00:00
[2026-03-11T10:55:12.702+0000] {processor.py:183} INFO - Processing /opt/airflow/dags/youtube_pipeline_dag.py took 0.364 seconds
[2026-03-11T10:55:43.540+0000] {processor.py:161} INFO - Started process (PID=1531) to work on /opt/airflow/dags/youtube_pipeline_dag.py
[2026-03-11T10:55:43.543+0000] {processor.py:830} INFO - Processing file /opt/airflow/dags/youtube_pipeline_dag.py for tasks to queue
[2026-03-11T10:55:43.547+0000] {logging_mixin.py:188} INFO - [2026-03-11T10:55:43.545+0000] {dagbag.py:538} INFO - Filling up the DagBag from /opt/airflow/dags/youtube_pipeline_dag.py
[2026-03-11T10:55:43.605+0000] {processor.py:840} INFO - DAG(s) 'youtube_data_pipeline' retrieved from /opt/airflow/dags/youtube_pipeline_dag.py
[2026-03-11T10:55:43.731+0000] {logging_mixin.py:188} INFO - [2026-03-11T10:55:43.730+0000] {dag.py:3033} INFO - Sync 1 DAGs
[2026-03-11T10:55:43.798+0000] {logging_mixin.py:188} INFO - [2026-03-11T10:55:43.798+0000] {dag.py:3820} INFO - Setting next_dagrun for youtube_data_pipeline to 2026-03-10T00:00:00+00:00, run_after=2026-03-11T00:00:00+00:00
[2026-03-11T10:55:43.852+0000] {processor.py:183} INFO - Processing /opt/airflow/dags/youtube_pipeline_dag.py took 0.320 seconds
[2026-03-11T10:56:14.066+0000] {processor.py:161} INFO - Started process (PID=1552) to work on /opt/airflow/dags/youtube_pipeline_dag.py
[2026-03-11T10:56:14.068+0000] {processor.py:830} INFO - Processing file /opt/airflow/dags/youtube_pipeline_dag.py for tasks to queue
[2026-03-11T10:56:14.071+0000] {logging_mixin.py:188} INFO - [2026-03-11T10:56:14.070+0000] {dagbag.py:538} INFO - Filling up the DagBag from /opt/airflow/dags/youtube_pipeline_dag.py
[2026-03-11T10:56:14.143+0000] {processor.py:840} INFO - DAG(s) 'youtube_data_pipeline' retrieved from /opt/airflow/dags/youtube_pipeline_dag.py
[2026-03-11T10:56:14.278+0000] {logging_mixin.py:188} INFO - [2026-03-11T10:56:14.277+0000] {dag.py:3033} INFO - Sync 1 DAGs
[2026-03-11T10:56:14.373+0000] {logging_mixin.py:188} INFO - [2026-03-11T10:56:14.372+0000] {dag.py:3820} INFO - Setting next_dagrun for youtube_data_pipeline to 2026-03-10T00:00:00+00:00, run_after=2026-03-11T00:00:00+00:00
[2026-03-11T10:56:14.439+0000] {processor.py:183} INFO - Processing /opt/airflow/dags/youtube_pipeline_dag.py took 0.382 seconds
[2026-03-11T10:56:45.218+0000] {processor.py:161} INFO - Started process (PID=1573) to work on /opt/airflow/dags/youtube_pipeline_dag.py
[2026-03-11T10:56:45.221+0000] {processor.py:830} INFO - Processing file /opt/airflow/dags/youtube_pipeline_dag.py for tasks to queue
[2026-03-11T10:56:45.223+0000] {logging_mixin.py:188} INFO - [2026-03-11T10:56:45.222+0000] {dagbag.py:538} INFO - Filling up the DagBag from /opt/airflow/dags/youtube_pipeline_dag.py
[2026-03-11T10:56:45.282+0000] {processor.py:840} INFO - DAG(s) 'youtube_data_pipeline' retrieved from /opt/airflow/dags/youtube_pipeline_dag.py
[2026-03-11T10:56:45.399+0000] {logging_mixin.py:188} INFO - [2026-03-11T10:56:45.398+0000] {dag.py:3033} INFO - Sync 1 DAGs
[2026-03-11T10:56:45.490+0000] {logging_mixin.py:188} INFO - [2026-03-11T10:56:45.490+0000] {dag.py:3820} INFO - Setting next_dagrun for youtube_data_pipeline to 2026-03-10T00:00:00+00:00, run_after=2026-03-11T00:00:00+00:00
[2026-03-11T10:56:45.562+0000] {processor.py:183} INFO - Processing /opt/airflow/dags/youtube_pipeline_dag.py took 0.352 seconds
[2026-03-11T10:57:16.136+0000] {processor.py:161} INFO - Started process (PID=1594) to work on /opt/airflow/dags/youtube_pipeline_dag.py
[2026-03-11T10:57:16.138+0000] {processor.py:830} INFO - Processing file /opt/airflow/dags/youtube_pipeline_dag.py for tasks to queue
[2026-03-11T10:57:16.141+0000] {logging_mixin.py:188} INFO - [2026-03-11T10:57:16.140+0000] {dagbag.py:538} INFO - Filling up the DagBag from /opt/airflow/dags/youtube_pipeline_dag.py
[2026-03-11T10:57:16.194+0000] {processor.py:840} INFO - DAG(s) 'youtube_data_pipeline' retrieved from /opt/airflow/dags/youtube_pipeline_dag.py
[2026-03-11T10:57:16.287+0000] {logging_mixin.py:188} INFO - [2026-03-11T10:57:16.286+0000] {dag.py:3033} INFO - Sync 1 DAGs
[2026-03-11T10:57:16.393+0000] {logging_mixin.py:188} INFO - [2026-03-11T10:57:16.392+0000] {dag.py:3820} INFO - Setting next_dagrun for youtube_data_pipeline to 2026-03-10T00:00:00+00:00, run_after=2026-03-11T00:00:00+00:00
[2026-03-11T10:57:16.462+0000] {processor.py:183} INFO - Processing /opt/airflow/dags/youtube_pipeline_dag.py took 0.334 seconds
[2026-03-11T10:57:46.809+0000] {processor.py:161} INFO - Started process (PID=1615) to work on /opt/airflow/dags/youtube_pipeline_dag.py
[2026-03-11T10:57:46.811+0000] {processor.py:830} INFO - Processing file /opt/airflow/dags/youtube_pipeline_dag.py for tasks to queue
[2026-03-11T10:57:46.814+0000] {logging_mixin.py:188} INFO - [2026-03-11T10:57:46.813+0000] {dagbag.py:538} INFO - Filling up the DagBag from /opt/airflow/dags/youtube_pipeline_dag.py
[2026-03-11T10:57:46.885+0000] {processor.py:840} INFO - DAG(s) 'youtube_data_pipeline' retrieved from /opt/airflow/dags/youtube_pipeline_dag.py
[2026-03-11T10:57:46.999+0000] {logging_mixin.py:188} INFO - [2026-03-11T10:57:46.998+0000] {dag.py:3033} INFO - Sync 1 DAGs
[2026-03-11T10:57:47.069+0000] {logging_mixin.py:188} INFO - [2026-03-11T10:57:47.069+0000] {dag.py:3820} INFO - Setting next_dagrun for youtube_data_pipeline to 2026-03-10T00:00:00+00:00, run_after=2026-03-11T00:00:00+00:00
[2026-03-11T10:57:47.134+0000] {processor.py:183} INFO - Processing /opt/airflow/dags/youtube_pipeline_dag.py took 0.334 seconds
[2026-03-11T10:58:17.618+0000] {processor.py:161} INFO - Started process (PID=1636) to work on /opt/airflow/dags/youtube_pipeline_dag.py
[2026-03-11T10:58:17.621+0000] {processor.py:830} INFO - Processing file /opt/airflow/dags/youtube_pipeline_dag.py for tasks to queue
[2026-03-11T10:58:17.624+0000] {logging_mixin.py:188} INFO - [2026-03-11T10:58:17.623+0000] {dagbag.py:538} INFO - Filling up the DagBag from /opt/airflow/dags/youtube_pipeline_dag.py
[2026-03-11T10:58:17.681+0000] {processor.py:840} INFO - DAG(s) 'youtube_data_pipeline' retrieved from /opt/airflow/dags/youtube_pipeline_dag.py
[2026-03-11T10:58:17.791+0000] {logging_mixin.py:188} INFO - [2026-03-11T10:58:17.791+0000] {dag.py:3033} INFO - Sync 1 DAGs
[2026-03-11T10:58:17.898+0000] {logging_mixin.py:188} INFO - [2026-03-11T10:58:17.897+0000] {dag.py:3820} INFO - Setting next_dagrun for youtube_data_pipeline to 2026-03-10T00:00:00+00:00, run_after=2026-03-11T00:00:00+00:00
[2026-03-11T10:58:17.982+0000] {processor.py:183} INFO - Processing /opt/airflow/dags/youtube_pipeline_dag.py took 0.375 seconds
[2026-03-11T10:58:48.478+0000] {processor.py:161} INFO - Started process (PID=1657) to work on /opt/airflow/dags/youtube_pipeline_dag.py
[2026-03-11T10:58:48.480+0000] {processor.py:830} INFO - Processing file /opt/airflow/dags/youtube_pipeline_dag.py for tasks to queue
[2026-03-11T10:58:48.483+0000] {logging_mixin.py:188} INFO - [2026-03-11T10:58:48.482+0000] {dagbag.py:538} INFO - Filling up the DagBag from /opt/airflow/dags/youtube_pipeline_dag.py
[2026-03-11T10:58:48.540+0000] {processor.py:840} INFO - DAG(s) 'youtube_data_pipeline' retrieved from /opt/airflow/dags/youtube_pipeline_dag.py
[2026-03-11T10:58:48.640+0000] {logging_mixin.py:188} INFO - [2026-03-11T10:58:48.640+0000] {dag.py:3033} INFO - Sync 1 DAGs
[2026-03-11T10:58:48.713+0000] {logging_mixin.py:188} INFO - [2026-03-11T10:58:48.712+0000] {dag.py:3820} INFO - Setting next_dagrun for youtube_data_pipeline to 2026-03-10T00:00:00+00:00, run_after=2026-03-11T00:00:00+00:00
[2026-03-11T10:58:48.775+0000] {processor.py:183} INFO - Processing /opt/airflow/dags/youtube_pipeline_dag.py took 0.306 seconds
[2026-03-11T10:59:18.921+0000] {processor.py:161} INFO - Started process (PID=1678) to work on /opt/airflow/dags/youtube_pipeline_dag.py
[2026-03-11T10:59:18.923+0000] {processor.py:830} INFO - Processing file /opt/airflow/dags/youtube_pipeline_dag.py for tasks to queue
[2026-03-11T10:59:18.928+0000] {logging_mixin.py:188} INFO - [2026-03-11T10:59:18.926+0000] {dagbag.py:538} INFO - Filling up the DagBag from /opt/airflow/dags/youtube_pipeline_dag.py
[2026-03-11T10:59:18.990+0000] {processor.py:840} INFO - DAG(s) 'youtube_data_pipeline' retrieved from /opt/airflow/dags/youtube_pipeline_dag.py
[2026-03-11T10:59:19.085+0000] {logging_mixin.py:188} INFO - [2026-03-11T10:59:19.085+0000] {dag.py:3033} INFO - Sync 1 DAGs
[2026-03-11T10:59:19.202+0000] {logging_mixin.py:188} INFO - [2026-03-11T10:59:19.202+0000] {dag.py:3820} INFO - Setting next_dagrun for youtube_data_pipeline to 2026-03-10T00:00:00+00:00, run_after=2026-03-11T00:00:00+00:00
[2026-03-11T10:59:19.271+0000] {processor.py:183} INFO - Processing /opt/airflow/dags/youtube_pipeline_dag.py took 0.359 seconds
[2026-03-11T10:59:49.785+0000] {processor.py:161} INFO - Started process (PID=1699) to work on /opt/airflow/dags/youtube_pipeline_dag.py
[2026-03-11T10:59:49.802+0000] {processor.py:830} INFO - Processing file /opt/airflow/dags/youtube_pipeline_dag.py for tasks to queue
[2026-03-11T10:59:49.810+0000] {logging_mixin.py:188} INFO - [2026-03-11T10:59:49.808+0000] {dagbag.py:538} INFO - Filling up the DagBag from /opt/airflow/dags/youtube_pipeline_dag.py
[2026-03-11T10:59:49.887+0000] {processor.py:840} INFO - DAG(s) 'youtube_data_pipeline' retrieved from /opt/airflow/dags/youtube_pipeline_dag.py
[2026-03-11T10:59:49.995+0000] {logging_mixin.py:188} INFO - [2026-03-11T10:59:49.995+0000] {dag.py:3033} INFO - Sync 1 DAGs
[2026-03-11T10:59:50.100+0000] {logging_mixin.py:188} INFO - [2026-03-11T10:59:50.100+0000] {dag.py:3820} INFO - Setting next_dagrun for youtube_data_pipeline to 2026-03-10T00:00:00+00:00, run_after=2026-03-11T00:00:00+00:00
[2026-03-11T10:59:50.172+0000] {processor.py:183} INFO - Processing /opt/airflow/dags/youtube_pipeline_dag.py took 0.403 seconds
[2026-03-11T11:00:20.356+0000] {processor.py:161} INFO - Started process (PID=1720) to work on /opt/airflow/dags/youtube_pipeline_dag.py
[2026-03-11T11:00:20.358+0000] {processor.py:830} INFO - Processing file /opt/airflow/dags/youtube_pipeline_dag.py for tasks to queue
[2026-03-11T11:00:20.362+0000] {logging_mixin.py:188} INFO - [2026-03-11T11:00:20.360+0000] {dagbag.py:538} INFO - Filling up the DagBag from /opt/airflow/dags/youtube_pipeline_dag.py
[2026-03-11T11:00:20.402+0000] {processor.py:840} INFO - DAG(s) 'youtube_data_pipeline' retrieved from /opt/airflow/dags/youtube_pipeline_dag.py
[2026-03-11T11:00:20.481+0000] {logging_mixin.py:188} INFO - [2026-03-11T11:00:20.480+0000] {dag.py:3033} INFO - Sync 1 DAGs
[2026-03-11T11:00:20.556+0000] {logging_mixin.py:188} INFO - [2026-03-11T11:00:20.555+0000] {dag.py:3820} INFO - Setting next_dagrun for youtube_data_pipeline to 2026-03-10T00:00:00+00:00, run_after=2026-03-11T00:00:00+00:00
[2026-03-11T11:00:20.614+0000] {processor.py:183} INFO - Processing /opt/airflow/dags/youtube_pipeline_dag.py took 0.265 seconds
[2026-03-11T11:00:51.461+0000] {processor.py:161} INFO - Started process (PID=1741) to work on /opt/airflow/dags/youtube_pipeline_dag.py
[2026-03-11T11:00:51.463+0000] {processor.py:830} INFO - Processing file /opt/airflow/dags/youtube_pipeline_dag.py for tasks to queue
[2026-03-11T11:00:51.465+0000] {logging_mixin.py:188} INFO - [2026-03-11T11:00:51.464+0000] {dagbag.py:538} INFO - Filling up the DagBag from /opt/airflow/dags/youtube_pipeline_dag.py
[2026-03-11T11:00:51.526+0000] {processor.py:840} INFO - DAG(s) 'youtube_data_pipeline' retrieved from /opt/airflow/dags/youtube_pipeline_dag.py
[2026-03-11T11:00:51.652+0000] {logging_mixin.py:188} INFO - [2026-03-11T11:00:51.652+0000] {dag.py:3033} INFO - Sync 1 DAGs
[2026-03-11T11:00:51.746+0000] {logging_mixin.py:188} INFO - [2026-03-11T11:00:51.745+0000] {dag.py:3820} INFO - Setting next_dagrun for youtube_data_pipeline to 2026-03-10T00:00:00+00:00, run_after=2026-03-11T00:00:00+00:00
[2026-03-11T11:00:51.818+0000] {processor.py:183} INFO - Processing /opt/airflow/dags/youtube_pipeline_dag.py took 0.367 seconds
[2026-03-11T11:01:22.582+0000] {processor.py:161} INFO - Started process (PID=1762) to work on /opt/airflow/dags/youtube_pipeline_dag.py
[2026-03-11T11:01:22.584+0000] {processor.py:830} INFO - Processing file /opt/airflow/dags/youtube_pipeline_dag.py for tasks to queue
[2026-03-11T11:01:22.586+0000] {logging_mixin.py:188} INFO - [2026-03-11T11:01:22.585+0000] {dagbag.py:538} INFO - Filling up the DagBag from /opt/airflow/dags/youtube_pipeline_dag.py
[2026-03-11T11:01:22.624+0000] {processor.py:840} INFO - DAG(s) 'youtube_data_pipeline' retrieved from /opt/airflow/dags/youtube_pipeline_dag.py
[2026-03-11T11:01:22.717+0000] {logging_mixin.py:188} INFO - [2026-03-11T11:01:22.716+0000] {dag.py:3033} INFO - Sync 1 DAGs
[2026-03-11T11:01:22.785+0000] {logging_mixin.py:188} INFO - [2026-03-11T11:01:22.784+0000] {dag.py:3820} INFO - Setting next_dagrun for youtube_data_pipeline to 2026-03-10T00:00:00+00:00, run_after=2026-03-11T00:00:00+00:00
[2026-03-11T11:01:22.832+0000] {processor.py:183} INFO - Processing /opt/airflow/dags/youtube_pipeline_dag.py took 0.259 seconds
[2026-03-11T11:01:53.233+0000] {processor.py:161} INFO - Started process (PID=1783) to work on /opt/airflow/dags/youtube_pipeline_dag.py
[2026-03-11T11:01:53.234+0000] {processor.py:830} INFO - Processing file /opt/airflow/dags/youtube_pipeline_dag.py for tasks to queue
[2026-03-11T11:01:53.236+0000] {logging_mixin.py:188} INFO - [2026-03-11T11:01:53.236+0000] {dagbag.py:538} INFO - Filling up the DagBag from /opt/airflow/dags/youtube_pipeline_dag.py
[2026-03-11T11:01:53.287+0000] {processor.py:840} INFO - DAG(s) 'youtube_data_pipeline' retrieved from /opt/airflow/dags/youtube_pipeline_dag.py
[2026-03-11T11:01:53.366+0000] {logging_mixin.py:188} INFO - [2026-03-11T11:01:53.365+0000] {dag.py:3033} INFO - Sync 1 DAGs
[2026-03-11T11:01:53.423+0000] {logging_mixin.py:188} INFO - [2026-03-11T11:01:53.423+0000] {dag.py:3820} INFO - Setting next_dagrun for youtube_data_pipeline to 2026-03-10T00:00:00+00:00, run_after=2026-03-11T00:00:00+00:00
[2026-03-11T11:01:53.467+0000] {processor.py:183} INFO - Processing /opt/airflow/dags/youtube_pipeline_dag.py took 0.245 seconds
[2026-03-11T11:02:24.199+0000] {processor.py:161} INFO - Started process (PID=1804) to work on /opt/airflow/dags/youtube_pipeline_dag.py
[2026-03-11T11:02:24.200+0000] {processor.py:830} INFO - Processing file /opt/airflow/dags/youtube_pipeline_dag.py for tasks to queue
[2026-03-11T11:02:24.202+0000] {logging_mixin.py:188} INFO - [2026-03-11T11:02:24.202+0000] {dagbag.py:538} INFO - Filling up the DagBag from /opt/airflow/dags/youtube_pipeline_dag.py
[2026-03-11T11:02:24.250+0000] {processor.py:840} INFO - DAG(s) 'youtube_data_pipeline' retrieved from /opt/airflow/dags/youtube_pipeline_dag.py
[2026-03-11T11:02:24.321+0000] {logging_mixin.py:188} INFO - [2026-03-11T11:02:24.321+0000] {dag.py:3033} INFO - Sync 1 DAGs
[2026-03-11T11:02:24.381+0000] {logging_mixin.py:188} INFO - [2026-03-11T11:02:24.381+0000] {dag.py:3820} INFO - Setting next_dagrun for youtube_data_pipeline to 2026-03-10T00:00:00+00:00, run_after=2026-03-11T00:00:00+00:00
[2026-03-11T11:02:24.451+0000] {processor.py:183} INFO - Processing /opt/airflow/dags/youtube_pipeline_dag.py took 0.260 seconds
[2026-03-11T11:02:54.855+0000] {processor.py:161} INFO - Started process (PID=1825) to work on /opt/airflow/dags/youtube_pipeline_dag.py
[2026-03-11T11:02:54.858+0000] {processor.py:830} INFO - Processing file /opt/airflow/dags/youtube_pipeline_dag.py for tasks to queue
[2026-03-11T11:02:54.860+0000] {logging_mixin.py:188} INFO - [2026-03-11T11:02:54.860+0000] {dagbag.py:538} INFO - Filling up the DagBag from /opt/airflow/dags/youtube_pipeline_dag.py
[2026-03-11T11:02:54.901+0000] {processor.py:840} INFO - DAG(s) 'youtube_data_pipeline' retrieved from /opt/airflow/dags/youtube_pipeline_dag.py
[2026-03-11T11:02:54.988+0000] {logging_mixin.py:188} INFO - [2026-03-11T11:02:54.988+0000] {dag.py:3033} INFO - Sync 1 DAGs
[2026-03-11T11:02:55.053+0000] {logging_mixin.py:188} INFO - [2026-03-11T11:02:55.053+0000] {dag.py:3820} INFO - Setting next_dagrun for youtube_data_pipeline to 2026-03-10T00:00:00+00:00, run_after=2026-03-11T00:00:00+00:00
[2026-03-11T11:02:55.116+0000] {processor.py:183} INFO - Processing /opt/airflow/dags/youtube_pipeline_dag.py took 0.269 seconds
[2026-03-11T11:03:25.852+0000] {processor.py:161} INFO - Started process (PID=1846) to work on /opt/airflow/dags/youtube_pipeline_dag.py
[2026-03-11T11:03:25.854+0000] {processor.py:830} INFO - Processing file /opt/airflow/dags/youtube_pipeline_dag.py for tasks to queue
[2026-03-11T11:03:25.857+0000] {logging_mixin.py:188} INFO - [2026-03-11T11:03:25.856+0000] {dagbag.py:538} INFO - Filling up the DagBag from /opt/airflow/dags/youtube_pipeline_dag.py
[2026-03-11T11:03:25.910+0000] {processor.py:840} INFO - DAG(s) 'youtube_data_pipeline' retrieved from /opt/airflow/dags/youtube_pipeline_dag.py
[2026-03-11T11:03:25.991+0000] {logging_mixin.py:188} INFO - [2026-03-11T11:03:25.991+0000] {dag.py:3033} INFO - Sync 1 DAGs
[2026-03-11T11:03:26.067+0000] {logging_mixin.py:188} INFO - [2026-03-11T11:03:26.066+0000] {dag.py:3820} INFO - Setting next_dagrun for youtube_data_pipeline to 2026-03-10T00:00:00+00:00, run_after=2026-03-11T00:00:00+00:00
[2026-03-11T11:03:26.121+0000] {processor.py:183} INFO - Processing /opt/airflow/dags/youtube_pipeline_dag.py took 0.281 seconds
[2026-03-11T11:03:56.819+0000] {processor.py:161} INFO - Started process (PID=1867) to work on /opt/airflow/dags/youtube_pipeline_dag.py
[2026-03-11T11:03:56.821+0000] {processor.py:830} INFO - Processing file /opt/airflow/dags/youtube_pipeline_dag.py for tasks to queue
[2026-03-11T11:03:56.824+0000] {logging_mixin.py:188} INFO - [2026-03-11T11:03:56.823+0000] {dagbag.py:538} INFO - Filling up the DagBag from /opt/airflow/dags/youtube_pipeline_dag.py
[2026-03-11T11:03:56.865+0000] {processor.py:840} INFO - DAG(s) 'youtube_data_pipeline' retrieved from /opt/airflow/dags/youtube_pipeline_dag.py
[2026-03-11T11:03:56.963+0000] {logging_mixin.py:188} INFO - [2026-03-11T11:03:56.963+0000] {dag.py:3033} INFO - Sync 1 DAGs
[2026-03-11T11:03:57.065+0000] {logging_mixin.py:188} INFO - [2026-03-11T11:03:57.065+0000] {dag.py:3820} INFO - Setting next_dagrun for youtube_data_pipeline to 2026-03-10T00:00:00+00:00, run_after=2026-03-11T00:00:00+00:00
[2026-03-11T11:03:57.119+0000] {processor.py:183} INFO - Processing /opt/airflow/dags/youtube_pipeline_dag.py took 0.308 seconds
[2026-03-11T11:04:27.823+0000] {processor.py:161} INFO - Started process (PID=1888) to work on /opt/airflow/dags/youtube_pipeline_dag.py
[2026-03-11T11:04:27.825+0000] {processor.py:830} INFO - Processing file /opt/airflow/dags/youtube_pipeline_dag.py for tasks to queue
[2026-03-11T11:04:27.829+0000] {logging_mixin.py:188} INFO - [2026-03-11T11:04:27.827+0000] {dagbag.py:538} INFO - Filling up the DagBag from /opt/airflow/dags/youtube_pipeline_dag.py
[2026-03-11T11:04:27.886+0000] {processor.py:840} INFO - DAG(s) 'youtube_data_pipeline' retrieved from /opt/airflow/dags/youtube_pipeline_dag.py
[2026-03-11T11:04:28.100+0000] {logging_mixin.py:188} INFO - [2026-03-11T11:04:28.100+0000] {dag.py:3033} INFO - Sync 1 DAGs
[2026-03-11T11:04:28.207+0000] {logging_mixin.py:188} INFO - [2026-03-11T11:04:28.206+0000] {dag.py:3820} INFO - Setting next_dagrun for youtube_data_pipeline to 2026-03-10T00:00:00+00:00, run_after=2026-03-11T00:00:00+00:00
[2026-03-11T11:04:28.311+0000] {processor.py:183} INFO - Processing /opt/airflow/dags/youtube_pipeline_dag.py took 0.497 seconds
[2026-03-11T11:04:58.740+0000] {processor.py:161} INFO - Started process (PID=1907) to work on /opt/airflow/dags/youtube_pipeline_dag.py
[2026-03-11T11:04:58.746+0000] {processor.py:830} INFO - Processing file /opt/airflow/dags/youtube_pipeline_dag.py for tasks to queue
[2026-03-11T11:04:58.754+0000] {logging_mixin.py:188} INFO - [2026-03-11T11:04:58.751+0000] {dagbag.py:538} INFO - Filling up the DagBag from /opt/airflow/dags/youtube_pipeline_dag.py
[2026-03-11T11:04:58.901+0000] {processor.py:840} INFO - DAG(s) 'youtube_data_pipeline' retrieved from /opt/airflow/dags/youtube_pipeline_dag.py
[2026-03-11T11:04:59.162+0000] {logging_mixin.py:188} INFO - [2026-03-11T11:04:59.161+0000] {dag.py:3033} INFO - Sync 1 DAGs
[2026-03-11T11:04:59.366+0000] {logging_mixin.py:188} INFO - [2026-03-11T11:04:59.365+0000] {dag.py:3820} INFO - Setting next_dagrun for youtube_data_pipeline to 2026-03-10T00:00:00+00:00, run_after=2026-03-11T00:00:00+00:00
[2026-03-11T11:04:59.547+0000] {processor.py:183} INFO - Processing /opt/airflow/dags/youtube_pipeline_dag.py took 0.845 seconds
[2026-03-11T11:05:30.003+0000] {processor.py:161} INFO - Started process (PID=1928) to work on /opt/airflow/dags/youtube_pipeline_dag.py
[2026-03-11T11:05:30.008+0000] {processor.py:830} INFO - Processing file /opt/airflow/dags/youtube_pipeline_dag.py for tasks to queue
[2026-03-11T11:05:30.014+0000] {logging_mixin.py:188} INFO - [2026-03-11T11:05:30.012+0000] {dagbag.py:538} INFO - Filling up the DagBag from /opt/airflow/dags/youtube_pipeline_dag.py
[2026-03-11T11:05:30.131+0000] {processor.py:840} INFO - DAG(s) 'youtube_data_pipeline' retrieved from /opt/airflow/dags/youtube_pipeline_dag.py
[2026-03-11T11:05:30.393+0000] {logging_mixin.py:188} INFO - [2026-03-11T11:05:30.393+0000] {dag.py:3033} INFO - Sync 1 DAGs
[2026-03-11T11:05:30.534+0000] {logging_mixin.py:188} INFO - [2026-03-11T11:05:30.533+0000] {dag.py:3820} INFO - Setting next_dagrun for youtube_data_pipeline to 2026-03-10T00:00:00+00:00, run_after=2026-03-11T00:00:00+00:00
[2026-03-11T11:05:30.695+0000] {processor.py:183} INFO - Processing /opt/airflow/dags/youtube_pipeline_dag.py took 0.710 seconds
[2026-03-11T11:06:00.963+0000] {processor.py:161} INFO - Started process (PID=1945) to work on /opt/airflow/dags/youtube_pipeline_dag.py
[2026-03-11T11:06:00.967+0000] {processor.py:830} INFO - Processing file /opt/airflow/dags/youtube_pipeline_dag.py for tasks to queue
[2026-03-11T11:06:00.972+0000] {logging_mixin.py:188} INFO - [2026-03-11T11:06:00.970+0000] {dagbag.py:538} INFO - Filling up the DagBag from /opt/airflow/dags/youtube_pipeline_dag.py
[2026-03-11T11:06:01.073+0000] {processor.py:840} INFO - DAG(s) 'youtube_data_pipeline' retrieved from /opt/airflow/dags/youtube_pipeline_dag.py
[2026-03-11T11:06:01.282+0000] {logging_mixin.py:188} INFO - [2026-03-11T11:06:01.280+0000] {dag.py:3033} INFO - Sync 1 DAGs
[2026-03-11T11:06:01.442+0000] {logging_mixin.py:188} INFO - [2026-03-11T11:06:01.441+0000] {dag.py:3820} INFO - Setting next_dagrun for youtube_data_pipeline to 2026-03-10T00:00:00+00:00, run_after=2026-03-11T00:00:00+00:00
[2026-03-11T11:06:01.553+0000] {processor.py:183} INFO - Processing /opt/airflow/dags/youtube_pipeline_dag.py took 0.618 seconds
[2026-03-11T11:06:31.980+0000] {processor.py:161} INFO - Started process (PID=1966) to work on /opt/airflow/dags/youtube_pipeline_dag.py
[2026-03-11T11:06:31.982+0000] {processor.py:830} INFO - Processing file /opt/airflow/dags/youtube_pipeline_dag.py for tasks to queue
[2026-03-11T11:06:31.984+0000] {logging_mixin.py:188} INFO - [2026-03-11T11:06:31.984+0000] {dagbag.py:538} INFO - Filling up the DagBag from /opt/airflow/dags/youtube_pipeline_dag.py
[2026-03-11T11:06:32.039+0000] {processor.py:840} INFO - DAG(s) 'youtube_data_pipeline' retrieved from /opt/airflow/dags/youtube_pipeline_dag.py
[2026-03-11T11:06:32.161+0000] {logging_mixin.py:188} INFO - [2026-03-11T11:06:32.160+0000] {dag.py:3033} INFO - Sync 1 DAGs
[2026-03-11T11:06:32.279+0000] {logging_mixin.py:188} INFO - [2026-03-11T11:06:32.278+0000] {dag.py:3820} INFO - Setting next_dagrun for youtube_data_pipeline to 2026-03-10T00:00:00+00:00, run_after=2026-03-11T00:00:00+00:00
[2026-03-11T11:06:32.363+0000] {processor.py:183} INFO - Processing /opt/airflow/dags/youtube_pipeline_dag.py took 0.395 seconds
[2026-03-11T11:07:03.235+0000] {processor.py:161} INFO - Started process (PID=1987) to work on /opt/airflow/dags/youtube_pipeline_dag.py
[2026-03-11T11:07:03.237+0000] {processor.py:830} INFO - Processing file /opt/airflow/dags/youtube_pipeline_dag.py for tasks to queue
[2026-03-11T11:07:03.239+0000] {logging_mixin.py:188} INFO - [2026-03-11T11:07:03.238+0000] {dagbag.py:538} INFO - Filling up the DagBag from /opt/airflow/dags/youtube_pipeline_dag.py
[2026-03-11T11:07:03.279+0000] {processor.py:840} INFO - DAG(s) 'youtube_data_pipeline' retrieved from /opt/airflow/dags/youtube_pipeline_dag.py
[2026-03-11T11:07:03.357+0000] {logging_mixin.py:188} INFO - [2026-03-11T11:07:03.357+0000] {dag.py:3033} INFO - Sync 1 DAGs
[2026-03-11T11:07:03.463+0000] {logging_mixin.py:188} INFO - [2026-03-11T11:07:03.461+0000] {dag.py:3820} INFO - Setting next_dagrun for youtube_data_pipeline to 2026-03-10T00:00:00+00:00, run_after=2026-03-11T00:00:00+00:00
[2026-03-11T11:07:03.569+0000] {processor.py:183} INFO - Processing /opt/airflow/dags/youtube_pipeline_dag.py took 0.339 seconds
[2026-03-11T11:07:33.949+0000] {processor.py:161} INFO - Started process (PID=2008) to work on /opt/airflow/dags/youtube_pipeline_dag.py
[2026-03-11T11:07:33.950+0000] {processor.py:830} INFO - Processing file /opt/airflow/dags/youtube_pipeline_dag.py for tasks to queue
[2026-03-11T11:07:33.953+0000] {logging_mixin.py:188} INFO - [2026-03-11T11:07:33.952+0000] {dagbag.py:538} INFO - Filling up the DagBag from /opt/airflow/dags/youtube_pipeline_dag.py
[2026-03-11T11:07:34.000+0000] {processor.py:840} INFO - DAG(s) 'youtube_data_pipeline' retrieved from /opt/airflow/dags/youtube_pipeline_dag.py
[2026-03-11T11:07:34.114+0000] {logging_mixin.py:188} INFO - [2026-03-11T11:07:34.114+0000] {dag.py:3033} INFO - Sync 1 DAGs
[2026-03-11T11:07:34.235+0000] {logging_mixin.py:188} INFO - [2026-03-11T11:07:34.234+0000] {dag.py:3820} INFO - Setting next_dagrun for youtube_data_pipeline to 2026-03-10T00:00:00+00:00, run_after=2026-03-11T00:00:00+00:00
[2026-03-11T11:07:34.310+0000] {processor.py:183} INFO - Processing /opt/airflow/dags/youtube_pipeline_dag.py took 0.372 seconds
[2026-03-11T11:08:04.783+0000] {processor.py:161} INFO - Started process (PID=2029) to work on /opt/airflow/dags/youtube_pipeline_dag.py
[2026-03-11T11:08:04.786+0000] {processor.py:830} INFO - Processing file /opt/airflow/dags/youtube_pipeline_dag.py for tasks to queue
[2026-03-11T11:08:04.790+0000] {logging_mixin.py:188} INFO - [2026-03-11T11:08:04.789+0000] {dagbag.py:538} INFO - Filling up the DagBag from /opt/airflow/dags/youtube_pipeline_dag.py
[2026-03-11T11:08:04.883+0000] {processor.py:840} INFO - DAG(s) 'youtube_data_pipeline' retrieved from /opt/airflow/dags/youtube_pipeline_dag.py
[2026-03-11T11:08:05.053+0000] {logging_mixin.py:188} INFO - [2026-03-11T11:08:05.051+0000] {dag.py:3033} INFO - Sync 1 DAGs
[2026-03-11T11:08:05.220+0000] {logging_mixin.py:188} INFO - [2026-03-11T11:08:05.219+0000] {dag.py:3820} INFO - Setting next_dagrun for youtube_data_pipeline to 2026-03-10T00:00:00+00:00, run_after=2026-03-11T00:00:00+00:00
[2026-03-11T11:08:05.320+0000] {processor.py:183} INFO - Processing /opt/airflow/dags/youtube_pipeline_dag.py took 0.553 seconds
[2026-03-11T11:08:35.568+0000] {processor.py:161} INFO - Started process (PID=2050) to work on /opt/airflow/dags/youtube_pipeline_dag.py
[2026-03-11T11:08:35.572+0000] {processor.py:830} INFO - Processing file /opt/airflow/dags/youtube_pipeline_dag.py for tasks to queue
[2026-03-11T11:08:35.577+0000] {logging_mixin.py:188} INFO - [2026-03-11T11:08:35.575+0000] {dagbag.py:538} INFO - Filling up the DagBag from /opt/airflow/dags/youtube_pipeline_dag.py
[2026-03-11T11:08:35.674+0000] {processor.py:840} INFO - DAG(s) 'youtube_data_pipeline' retrieved from /opt/airflow/dags/youtube_pipeline_dag.py
[2026-03-11T11:08:35.836+0000] {logging_mixin.py:188} INFO - [2026-03-11T11:08:35.836+0000] {dag.py:3033} INFO - Sync 1 DAGs
[2026-03-11T11:08:35.979+0000] {logging_mixin.py:188} INFO - [2026-03-11T11:08:35.978+0000] {dag.py:3820} INFO - Setting next_dagrun for youtube_data_pipeline to 2026-03-10T00:00:00+00:00, run_after=2026-03-11T00:00:00+00:00
[2026-03-11T11:08:36.105+0000] {processor.py:183} INFO - Processing /opt/airflow/dags/youtube_pipeline_dag.py took 0.552 seconds
[2026-03-11T11:09:06.549+0000] {processor.py:161} INFO - Started process (PID=2071) to work on /opt/airflow/dags/youtube_pipeline_dag.py
[2026-03-11T11:09:06.550+0000] {processor.py:830} INFO - Processing file /opt/airflow/dags/youtube_pipeline_dag.py for tasks to queue
[2026-03-11T11:09:06.553+0000] {logging_mixin.py:188} INFO - [2026-03-11T11:09:06.552+0000] {dagbag.py:538} INFO - Filling up the DagBag from /opt/airflow/dags/youtube_pipeline_dag.py
[2026-03-11T11:09:06.611+0000] {processor.py:840} INFO - DAG(s) 'youtube_data_pipeline' retrieved from /opt/airflow/dags/youtube_pipeline_dag.py
[2026-03-11T11:09:06.720+0000] {logging_mixin.py:188} INFO - [2026-03-11T11:09:06.720+0000] {dag.py:3033} INFO - Sync 1 DAGs
[2026-03-11T11:09:06.816+0000] {logging_mixin.py:188} INFO - [2026-03-11T11:09:06.816+0000] {dag.py:3820} INFO - Setting next_dagrun for youtube_data_pipeline to 2026-03-10T00:00:00+00:00, run_after=2026-03-11T00:00:00+00:00
[2026-03-11T11:09:06.886+0000] {processor.py:183} INFO - Processing /opt/airflow/dags/youtube_pipeline_dag.py took 0.348 seconds
[2026-03-11T11:09:37.356+0000] {processor.py:161} INFO - Started process (PID=2092) to work on /opt/airflow/dags/youtube_pipeline_dag.py
[2026-03-11T11:09:37.360+0000] {processor.py:830} INFO - Processing file /opt/airflow/dags/youtube_pipeline_dag.py for tasks to queue
[2026-03-11T11:09:37.365+0000] {logging_mixin.py:188} INFO - [2026-03-11T11:09:37.363+0000] {dagbag.py:538} INFO - Filling up the DagBag from /opt/airflow/dags/youtube_pipeline_dag.py
[2026-03-11T11:09:37.443+0000] {processor.py:840} INFO - DAG(s) 'youtube_data_pipeline' retrieved from /opt/airflow/dags/youtube_pipeline_dag.py
[2026-03-11T11:09:37.631+0000] {logging_mixin.py:188} INFO - [2026-03-11T11:09:37.630+0000] {dag.py:3033} INFO - Sync 1 DAGs
[2026-03-11T11:09:37.737+0000] {logging_mixin.py:188} INFO - [2026-03-11T11:09:37.736+0000] {dag.py:3820} INFO - Setting next_dagrun for youtube_data_pipeline to 2026-03-10T00:00:00+00:00, run_after=2026-03-11T00:00:00+00:00
[2026-03-11T11:09:38.082+0000] {processor.py:183} INFO - Processing /opt/airflow/dags/youtube_pipeline_dag.py took 0.735 seconds
[2026-03-11T11:10:08.717+0000] {processor.py:161} INFO - Started process (PID=2113) to work on /opt/airflow/dags/youtube_pipeline_dag.py
[2026-03-11T11:10:08.721+0000] {processor.py:830} INFO - Processing file /opt/airflow/dags/youtube_pipeline_dag.py for tasks to queue
[2026-03-11T11:10:08.724+0000] {logging_mixin.py:188} INFO - [2026-03-11T11:10:08.723+0000] {dagbag.py:538} INFO - Filling up the DagBag from /opt/airflow/dags/youtube_pipeline_dag.py
[2026-03-11T11:10:08.782+0000] {processor.py:840} INFO - DAG(s) 'youtube_data_pipeline' retrieved from /opt/airflow/dags/youtube_pipeline_dag.py
[2026-03-11T11:10:08.899+0000] {logging_mixin.py:188} INFO - [2026-03-11T11:10:08.899+0000] {dag.py:3033} INFO - Sync 1 DAGs
[2026-03-11T11:10:09.072+0000] {logging_mixin.py:188} INFO - [2026-03-11T11:10:09.071+0000] {dag.py:3820} INFO - Setting next_dagrun for youtube_data_pipeline to 2026-03-10T00:00:00+00:00, run_after=2026-03-11T00:00:00+00:00
[2026-03-11T11:10:09.161+0000] {processor.py:183} INFO - Processing /opt/airflow/dags/youtube_pipeline_dag.py took 0.457 seconds
[2026-03-11T11:10:39.565+0000] {processor.py:161} INFO - Started process (PID=2134) to work on /opt/airflow/dags/youtube_pipeline_dag.py
[2026-03-11T11:10:39.568+0000] {processor.py:830} INFO - Processing file /opt/airflow/dags/youtube_pipeline_dag.py for tasks to queue
[2026-03-11T11:10:39.570+0000] {logging_mixin.py:188} INFO - [2026-03-11T11:10:39.569+0000] {dagbag.py:538} INFO - Filling up the DagBag from /opt/airflow/dags/youtube_pipeline_dag.py
[2026-03-11T11:10:39.622+0000] {processor.py:840} INFO - DAG(s) 'youtube_data_pipeline' retrieved from /opt/airflow/dags/youtube_pipeline_dag.py
[2026-03-11T11:10:39.767+0000] {logging_mixin.py:188} INFO - [2026-03-11T11:10:39.766+0000] {dag.py:3033} INFO - Sync 1 DAGs
[2026-03-11T11:10:39.898+0000] {logging_mixin.py:188} INFO - [2026-03-11T11:10:39.897+0000] {dag.py:3820} INFO - Setting next_dagrun for youtube_data_pipeline to 2026-03-10T00:00:00+00:00, run_after=2026-03-11T00:00:00+00:00
[2026-03-11T11:10:40.008+0000] {processor.py:183} INFO - Processing /opt/airflow/dags/youtube_pipeline_dag.py took 0.452 seconds
[2026-03-11T11:11:10.181+0000] {processor.py:161} INFO - Started process (PID=2155) to work on /opt/airflow/dags/youtube_pipeline_dag.py
[2026-03-11T11:11:10.184+0000] {processor.py:830} INFO - Processing file /opt/airflow/dags/youtube_pipeline_dag.py for tasks to queue
[2026-03-11T11:11:10.187+0000] {logging_mixin.py:188} INFO - [2026-03-11T11:11:10.186+0000] {dagbag.py:538} INFO - Filling up the DagBag from /opt/airflow/dags/youtube_pipeline_dag.py
[2026-03-11T11:11:10.237+0000] {processor.py:840} INFO - DAG(s) 'youtube_data_pipeline' retrieved from /opt/airflow/dags/youtube_pipeline_dag.py
[2026-03-11T11:11:10.411+0000] {logging_mixin.py:188} INFO - [2026-03-11T11:11:10.410+0000] {dag.py:3033} INFO - Sync 1 DAGs
[2026-03-11T11:11:10.511+0000] {logging_mixin.py:188} INFO - [2026-03-11T11:11:10.510+0000] {dag.py:3820} INFO - Setting next_dagrun for youtube_data_pipeline to 2026-03-10T00:00:00+00:00, run_after=2026-03-11T00:00:00+00:00
[2026-03-11T11:11:10.572+0000] {processor.py:183} INFO - Processing /opt/airflow/dags/youtube_pipeline_dag.py took 0.408 seconds
[2026-03-11T11:11:41.426+0000] {processor.py:161} INFO - Started process (PID=2176) to work on /opt/airflow/dags/youtube_pipeline_dag.py
[2026-03-11T11:11:41.429+0000] {processor.py:830} INFO - Processing file /opt/airflow/dags/youtube_pipeline_dag.py for tasks to queue
[2026-03-11T11:11:41.433+0000] {logging_mixin.py:188} INFO - [2026-03-11T11:11:41.431+0000] {dagbag.py:538} INFO - Filling up the DagBag from /opt/airflow/dags/youtube_pipeline_dag.py
[2026-03-11T11:11:41.504+0000] {processor.py:840} INFO - DAG(s) 'youtube_data_pipeline' retrieved from /opt/airflow/dags/youtube_pipeline_dag.py
[2026-03-11T11:11:41.655+0000] {logging_mixin.py:188} INFO - [2026-03-11T11:11:41.655+0000] {dag.py:3033} INFO - Sync 1 DAGs
[2026-03-11T11:11:41.790+0000] {logging_mixin.py:188} INFO - [2026-03-11T11:11:41.789+0000] {dag.py:3820} INFO - Setting next_dagrun for youtube_data_pipeline to 2026-03-10T00:00:00+00:00, run_after=2026-03-11T00:00:00+00:00
[2026-03-11T11:11:41.883+0000] {processor.py:183} INFO - Processing /opt/airflow/dags/youtube_pipeline_dag.py took 0.467 seconds
[2026-03-11T11:12:12.272+0000] {processor.py:161} INFO - Started process (PID=2197) to work on /opt/airflow/dags/youtube_pipeline_dag.py
[2026-03-11T11:12:12.276+0000] {processor.py:830} INFO - Processing file /opt/airflow/dags/youtube_pipeline_dag.py for tasks to queue
[2026-03-11T11:12:12.281+0000] {logging_mixin.py:188} INFO - [2026-03-11T11:12:12.279+0000] {dagbag.py:538} INFO - Filling up the DagBag from /opt/airflow/dags/youtube_pipeline_dag.py
[2026-03-11T11:12:12.541+0000] {processor.py:840} INFO - DAG(s) 'youtube_data_pipeline' retrieved from /opt/airflow/dags/youtube_pipeline_dag.py
[2026-03-11T11:12:12.693+0000] {logging_mixin.py:188} INFO - [2026-03-11T11:12:12.693+0000] {dag.py:3033} INFO - Sync 1 DAGs
[2026-03-11T11:12:12.825+0000] {logging_mixin.py:188} INFO - [2026-03-11T11:12:12.824+0000] {dag.py:3820} INFO - Setting next_dagrun for youtube_data_pipeline to 2026-03-10T00:00:00+00:00, run_after=2026-03-11T00:00:00+00:00
[2026-03-11T11:12:13.456+0000] {processor.py:183} INFO - Processing /opt/airflow/dags/youtube_pipeline_dag.py took 1.195 seconds
[2026-03-11T11:12:43.686+0000] {processor.py:161} INFO - Started process (PID=2218) to work on /opt/airflow/dags/youtube_pipeline_dag.py
[2026-03-11T11:12:43.689+0000] {processor.py:830} INFO - Processing file /opt/airflow/dags/youtube_pipeline_dag.py for tasks to queue
[2026-03-11T11:12:43.693+0000] {logging_mixin.py:188} INFO - [2026-03-11T11:12:43.692+0000] {dagbag.py:538} INFO - Filling up the DagBag from /opt/airflow/dags/youtube_pipeline_dag.py
[2026-03-11T11:12:43.807+0000] {processor.py:840} INFO - DAG(s) 'youtube_data_pipeline' retrieved from /opt/airflow/dags/youtube_pipeline_dag.py
[2026-03-11T11:12:43.956+0000] {logging_mixin.py:188} INFO - [2026-03-11T11:12:43.955+0000] {dag.py:3033} INFO - Sync 1 DAGs
[2026-03-11T11:12:44.122+0000] {logging_mixin.py:188} INFO - [2026-03-11T11:12:44.122+0000] {dag.py:3820} INFO - Setting next_dagrun for youtube_data_pipeline to 2026-03-10T00:00:00+00:00, run_after=2026-03-11T00:00:00+00:00
[2026-03-11T11:12:44.194+0000] {processor.py:183} INFO - Processing /opt/airflow/dags/youtube_pipeline_dag.py took 0.521 seconds
[2026-03-11T11:13:14.468+0000] {processor.py:161} INFO - Started process (PID=2239) to work on /opt/airflow/dags/youtube_pipeline_dag.py
[2026-03-11T11:13:14.471+0000] {processor.py:830} INFO - Processing file /opt/airflow/dags/youtube_pipeline_dag.py for tasks to queue
[2026-03-11T11:13:14.476+0000] {logging_mixin.py:188} INFO - [2026-03-11T11:13:14.474+0000] {dagbag.py:538} INFO - Filling up the DagBag from /opt/airflow/dags/youtube_pipeline_dag.py
[2026-03-11T11:13:14.542+0000] {processor.py:840} INFO - DAG(s) 'youtube_data_pipeline' retrieved from /opt/airflow/dags/youtube_pipeline_dag.py
[2026-03-11T11:13:14.810+0000] {logging_mixin.py:188} INFO - [2026-03-11T11:13:14.809+0000] {dag.py:3033} INFO - Sync 1 DAGs
[2026-03-11T11:13:15.279+0000] {logging_mixin.py:188} INFO - [2026-03-11T11:13:15.279+0000] {dag.py:3820} INFO - Setting next_dagrun for youtube_data_pipeline to 2026-03-10T00:00:00+00:00, run_after=2026-03-11T00:00:00+00:00
[2026-03-11T11:13:15.353+0000] {processor.py:183} INFO - Processing /opt/airflow/dags/youtube_pipeline_dag.py took 0.902 seconds
[2026-03-11T11:13:46.186+0000] {processor.py:161} INFO - Started process (PID=2260) to work on /opt/airflow/dags/youtube_pipeline_dag.py
[2026-03-11T11:13:46.189+0000] {processor.py:830} INFO - Processing file /opt/airflow/dags/youtube_pipeline_dag.py for tasks to queue
[2026-03-11T11:13:46.193+0000] {logging_mixin.py:188} INFO - [2026-03-11T11:13:46.192+0000] {dagbag.py:538} INFO - Filling up the DagBag from /opt/airflow/dags/youtube_pipeline_dag.py
[2026-03-11T11:13:46.274+0000] {processor.py:840} INFO - DAG(s) 'youtube_data_pipeline' retrieved from /opt/airflow/dags/youtube_pipeline_dag.py
[2026-03-11T11:13:46.406+0000] {logging_mixin.py:188} INFO - [2026-03-11T11:13:46.406+0000] {dag.py:3033} INFO - Sync 1 DAGs
[2026-03-11T11:13:46.538+0000] {logging_mixin.py:188} INFO - [2026-03-11T11:13:46.537+0000] {dag.py:3820} INFO - Setting next_dagrun for youtube_data_pipeline to 2026-03-10T00:00:00+00:00, run_after=2026-03-11T00:00:00+00:00
[2026-03-11T11:13:46.678+0000] {processor.py:183} INFO - Processing /opt/airflow/dags/youtube_pipeline_dag.py took 0.506 seconds
[2026-03-11T11:14:16.897+0000] {processor.py:161} INFO - Started process (PID=2281) to work on /opt/airflow/dags/youtube_pipeline_dag.py
[2026-03-11T11:14:16.900+0000] {processor.py:830} INFO - Processing file /opt/airflow/dags/youtube_pipeline_dag.py for tasks to queue
[2026-03-11T11:14:16.903+0000] {logging_mixin.py:188} INFO - [2026-03-11T11:14:16.902+0000] {dagbag.py:538} INFO - Filling up the DagBag from /opt/airflow/dags/youtube_pipeline_dag.py
[2026-03-11T11:14:16.984+0000] {processor.py:840} INFO - DAG(s) 'youtube_data_pipeline' retrieved from /opt/airflow/dags/youtube_pipeline_dag.py
[2026-03-11T11:14:17.137+0000] {logging_mixin.py:188} INFO - [2026-03-11T11:14:17.136+0000] {dag.py:3033} INFO - Sync 1 DAGs
[2026-03-11T11:14:17.838+0000] {logging_mixin.py:188} INFO - [2026-03-11T11:14:17.837+0000] {dag.py:3820} INFO - Setting next_dagrun for youtube_data_pipeline to 2026-03-10T00:00:00+00:00, run_after=2026-03-11T00:00:00+00:00
[2026-03-11T11:14:17.947+0000] {processor.py:183} INFO - Processing /opt/airflow/dags/youtube_pipeline_dag.py took 1.062 seconds
[2026-03-11T11:16:17.008+0000] {processor.py:161} INFO - Started process (PID=195) to work on /opt/airflow/dags/youtube_pipeline_dag.py
[2026-03-11T11:16:17.010+0000] {processor.py:830} INFO - Processing file /opt/airflow/dags/youtube_pipeline_dag.py for tasks to queue
[2026-03-11T11:16:17.019+0000] {logging_mixin.py:188} INFO - [2026-03-11T11:16:17.018+0000] {dagbag.py:538} INFO - Filling up the DagBag from /opt/airflow/dags/youtube_pipeline_dag.py
[2026-03-11T11:16:17.098+0000] {processor.py:840} INFO - DAG(s) 'youtube_data_pipeline' retrieved from /opt/airflow/dags/youtube_pipeline_dag.py
[2026-03-11T11:16:17.186+0000] {logging_mixin.py:188} INFO - [2026-03-11T11:16:17.184+0000] {dag.py:3033} INFO - Sync 1 DAGs
[2026-03-11T11:16:17.309+0000] {logging_mixin.py:188} INFO - [2026-03-11T11:16:17.308+0000] {dag.py:3820} INFO - Setting next_dagrun for youtube_data_pipeline to 2026-03-10T00:00:00+00:00, run_after=2026-03-11T00:00:00+00:00
[2026-03-11T11:16:17.404+0000] {processor.py:183} INFO - Processing /opt/airflow/dags/youtube_pipeline_dag.py took 0.405 seconds
[2026-03-11T11:16:49.652+0000] {processor.py:161} INFO - Started process (PID=225) to work on /opt/airflow/dags/youtube_pipeline_dag.py
[2026-03-11T11:16:49.654+0000] {processor.py:830} INFO - Processing file /opt/airflow/dags/youtube_pipeline_dag.py for tasks to queue
[2026-03-11T11:16:49.670+0000] {logging_mixin.py:188} INFO - [2026-03-11T11:16:49.668+0000] {dagbag.py:538} INFO - Filling up the DagBag from /opt/airflow/dags/youtube_pipeline_dag.py
[2026-03-11T11:16:49.770+0000] {processor.py:840} INFO - DAG(s) 'youtube_data_pipeline' retrieved from /opt/airflow/dags/youtube_pipeline_dag.py
[2026-03-11T11:16:50.291+0000] {logging_mixin.py:188} INFO - [2026-03-11T11:16:50.289+0000] {dag.py:3033} INFO - Sync 1 DAGs
[2026-03-11T11:16:50.411+0000] {logging_mixin.py:188} INFO - [2026-03-11T11:16:50.410+0000] {dag.py:3820} INFO - Setting next_dagrun for youtube_data_pipeline to 2026-03-10T00:00:00+00:00, run_after=2026-03-11T00:00:00+00:00
[2026-03-11T11:16:50.479+0000] {processor.py:183} INFO - Processing /opt/airflow/dags/youtube_pipeline_dag.py took 0.837 seconds
[2026-03-11T11:17:21.960+0000] {processor.py:161} INFO - Started process (PID=259) to work on /opt/airflow/dags/youtube_pipeline_dag.py
[2026-03-11T11:17:21.967+0000] {processor.py:830} INFO - Processing file /opt/airflow/dags/youtube_pipeline_dag.py for tasks to queue
[2026-03-11T11:17:21.986+0000] {logging_mixin.py:188} INFO - [2026-03-11T11:17:21.984+0000] {dagbag.py:538} INFO - Filling up the DagBag from /opt/airflow/dags/youtube_pipeline_dag.py
[2026-03-11T11:17:22.192+0000] {processor.py:840} INFO - DAG(s) 'youtube_data_pipeline' retrieved from /opt/airflow/dags/youtube_pipeline_dag.py
[2026-03-11T11:17:22.335+0000] {logging_mixin.py:188} INFO - [2026-03-11T11:17:22.333+0000] {dag.py:3033} INFO - Sync 1 DAGs
[2026-03-11T11:17:22.438+0000] {logging_mixin.py:188} INFO - [2026-03-11T11:17:22.437+0000] {dag.py:3820} INFO - Setting next_dagrun for youtube_data_pipeline to 2026-03-10T00:00:00+00:00, run_after=2026-03-11T00:00:00+00:00
[2026-03-11T11:17:22.510+0000] {processor.py:183} INFO - Processing /opt/airflow/dags/youtube_pipeline_dag.py took 0.583 seconds
[2026-03-11T11:17:54.796+0000] {processor.py:161} INFO - Started process (PID=291) to work on /opt/airflow/dags/youtube_pipeline_dag.py
[2026-03-11T11:17:54.801+0000] {processor.py:830} INFO - Processing file /opt/airflow/dags/youtube_pipeline_dag.py for tasks to queue
[2026-03-11T11:17:54.816+0000] {logging_mixin.py:188} INFO - [2026-03-11T11:17:54.815+0000] {dagbag.py:538} INFO - Filling up the DagBag from /opt/airflow/dags/youtube_pipeline_dag.py
[2026-03-11T11:17:54.907+0000] {processor.py:840} INFO - DAG(s) 'youtube_data_pipeline' retrieved from /opt/airflow/dags/youtube_pipeline_dag.py
[2026-03-11T11:17:55.041+0000] {logging_mixin.py:188} INFO - [2026-03-11T11:17:55.038+0000] {dag.py:3033} INFO - Sync 1 DAGs
[2026-03-11T11:17:55.151+0000] {logging_mixin.py:188} INFO - [2026-03-11T11:17:55.150+0000] {dag.py:3820} INFO - Setting next_dagrun for youtube_data_pipeline to 2026-03-10T00:00:00+00:00, run_after=2026-03-11T00:00:00+00:00
[2026-03-11T11:17:55.237+0000] {processor.py:183} INFO - Processing /opt/airflow/dags/youtube_pipeline_dag.py took 0.457 seconds
[2026-03-11T11:18:27.348+0000] {processor.py:161} INFO - Started process (PID=323) to work on /opt/airflow/dags/youtube_pipeline_dag.py
[2026-03-11T11:18:27.351+0000] {processor.py:830} INFO - Processing file /opt/airflow/dags/youtube_pipeline_dag.py for tasks to queue
[2026-03-11T11:18:27.358+0000] {logging_mixin.py:188} INFO - [2026-03-11T11:18:27.357+0000] {dagbag.py:538} INFO - Filling up the DagBag from /opt/airflow/dags/youtube_pipeline_dag.py
[2026-03-11T11:18:27.415+0000] {processor.py:840} INFO - DAG(s) 'youtube_data_pipeline' retrieved from /opt/airflow/dags/youtube_pipeline_dag.py
[2026-03-11T11:18:27.533+0000] {logging_mixin.py:188} INFO - [2026-03-11T11:18:27.532+0000] {dag.py:3033} INFO - Sync 1 DAGs
[2026-03-11T11:18:27.661+0000] {logging_mixin.py:188} INFO - [2026-03-11T11:18:27.661+0000] {dag.py:3820} INFO - Setting next_dagrun for youtube_data_pipeline to 2026-03-10T00:00:00+00:00, run_after=2026-03-11T00:00:00+00:00
[2026-03-11T11:18:27.744+0000] {processor.py:183} INFO - Processing /opt/airflow/dags/youtube_pipeline_dag.py took 0.407 seconds
[2026-03-11T11:18:59.032+0000] {processor.py:161} INFO - Started process (PID=355) to work on /opt/airflow/dags/youtube_pipeline_dag.py
[2026-03-11T11:18:59.035+0000] {processor.py:830} INFO - Processing file /opt/airflow/dags/youtube_pipeline_dag.py for tasks to queue
[2026-03-11T11:18:59.042+0000] {logging_mixin.py:188} INFO - [2026-03-11T11:18:59.041+0000] {dagbag.py:538} INFO - Filling up the DagBag from /opt/airflow/dags/youtube_pipeline_dag.py
[2026-03-11T11:18:59.090+0000] {processor.py:840} INFO - DAG(s) 'youtube_data_pipeline' retrieved from /opt/airflow/dags/youtube_pipeline_dag.py
[2026-03-11T11:18:59.178+0000] {logging_mixin.py:188} INFO - [2026-03-11T11:18:59.177+0000] {dag.py:3033} INFO - Sync 1 DAGs
[2026-03-11T11:18:59.264+0000] {logging_mixin.py:188} INFO - [2026-03-11T11:18:59.263+0000] {dag.py:3820} INFO - Setting next_dagrun for youtube_data_pipeline to 2026-03-10T00:00:00+00:00, run_after=2026-03-11T00:00:00+00:00
[2026-03-11T11:18:59.338+0000] {processor.py:183} INFO - Processing /opt/airflow/dags/youtube_pipeline_dag.py took 0.317 seconds
[2026-03-11T11:19:30.764+0000] {processor.py:161} INFO - Started process (PID=395) to work on /opt/airflow/dags/youtube_pipeline_dag.py
[2026-03-11T11:19:30.766+0000] {processor.py:830} INFO - Processing file /opt/airflow/dags/youtube_pipeline_dag.py for tasks to queue
[2026-03-11T11:19:30.772+0000] {logging_mixin.py:188} INFO - [2026-03-11T11:19:30.771+0000] {dagbag.py:538} INFO - Filling up the DagBag from /opt/airflow/dags/youtube_pipeline_dag.py
[2026-03-11T11:19:30.836+0000] {processor.py:840} INFO - DAG(s) 'youtube_data_pipeline' retrieved from /opt/airflow/dags/youtube_pipeline_dag.py
[2026-03-11T11:19:30.925+0000] {logging_mixin.py:188} INFO - [2026-03-11T11:19:30.924+0000] {dag.py:3033} INFO - Sync 1 DAGs
[2026-03-11T11:19:31.036+0000] {logging_mixin.py:188} INFO - [2026-03-11T11:19:31.036+0000] {dag.py:3820} INFO - Setting next_dagrun for youtube_data_pipeline to 2026-03-10T00:00:00+00:00, run_after=2026-03-11T00:00:00+00:00
[2026-03-11T11:19:31.095+0000] {processor.py:183} INFO - Processing /opt/airflow/dags/youtube_pipeline_dag.py took 0.341 seconds
[2026-03-11T11:20:03.212+0000] {processor.py:161} INFO - Started process (PID=427) to work on /opt/airflow/dags/youtube_pipeline_dag.py
[2026-03-11T11:20:03.218+0000] {processor.py:830} INFO - Processing file /opt/airflow/dags/youtube_pipeline_dag.py for tasks to queue
[2026-03-11T11:20:03.229+0000] {logging_mixin.py:188} INFO - [2026-03-11T11:20:03.228+0000] {dagbag.py:538} INFO - Filling up the DagBag from /opt/airflow/dags/youtube_pipeline_dag.py
[2026-03-11T11:20:03.303+0000] {processor.py:840} INFO - DAG(s) 'youtube_data_pipeline' retrieved from /opt/airflow/dags/youtube_pipeline_dag.py
[2026-03-11T11:20:03.407+0000] {logging_mixin.py:188} INFO - [2026-03-11T11:20:03.404+0000] {dag.py:3033} INFO - Sync 1 DAGs
[2026-03-11T11:20:03.508+0000] {logging_mixin.py:188} INFO - [2026-03-11T11:20:03.508+0000] {dag.py:3820} INFO - Setting next_dagrun for youtube_data_pipeline to 2026-03-10T00:00:00+00:00, run_after=2026-03-11T00:00:00+00:00
[2026-03-11T11:20:03.575+0000] {processor.py:183} INFO - Processing /opt/airflow/dags/youtube_pipeline_dag.py took 0.381 seconds
[2026-03-11T11:20:36.513+0000] {processor.py:161} INFO - Started process (PID=459) to work on /opt/airflow/dags/youtube_pipeline_dag.py
[2026-03-11T11:20:36.517+0000] {processor.py:830} INFO - Processing file /opt/airflow/dags/youtube_pipeline_dag.py for tasks to queue
[2026-03-11T11:20:36.529+0000] {logging_mixin.py:188} INFO - [2026-03-11T11:20:36.527+0000] {dagbag.py:538} INFO - Filling up the DagBag from /opt/airflow/dags/youtube_pipeline_dag.py
[2026-03-11T11:20:36.624+0000] {processor.py:840} INFO - DAG(s) 'youtube_data_pipeline' retrieved from /opt/airflow/dags/youtube_pipeline_dag.py
[2026-03-11T11:20:36.811+0000] {logging_mixin.py:188} INFO - [2026-03-11T11:20:36.808+0000] {dag.py:3033} INFO - Sync 1 DAGs
[2026-03-11T11:20:36.988+0000] {logging_mixin.py:188} INFO - [2026-03-11T11:20:36.986+0000] {dag.py:3820} INFO - Setting next_dagrun for youtube_data_pipeline to 2026-03-10T00:00:00+00:00, run_after=2026-03-11T00:00:00+00:00
[2026-03-11T11:20:37.087+0000] {processor.py:183} INFO - Processing /opt/airflow/dags/youtube_pipeline_dag.py took 0.592 seconds
[2026-03-11T11:21:10.662+0000] {processor.py:161} INFO - Started process (PID=519) to work on /opt/airflow/dags/youtube_pipeline_dag.py
[2026-03-11T11:21:10.672+0000] {processor.py:830} INFO - Processing file /opt/airflow/dags/youtube_pipeline_dag.py for tasks to queue
[2026-03-11T11:21:10.706+0000] {logging_mixin.py:188} INFO - [2026-03-11T11:21:10.704+0000] {dagbag.py:538} INFO - Filling up the DagBag from /opt/airflow/dags/youtube_pipeline_dag.py
[2026-03-11T11:21:10.791+0000] {processor.py:840} INFO - DAG(s) 'youtube_data_pipeline' retrieved from /opt/airflow/dags/youtube_pipeline_dag.py
[2026-03-11T11:21:10.936+0000] {logging_mixin.py:188} INFO - [2026-03-11T11:21:10.935+0000] {dag.py:3033} INFO - Sync 1 DAGs
[2026-03-11T11:21:11.102+0000] {logging_mixin.py:188} INFO - [2026-03-11T11:21:11.100+0000] {dag.py:3820} INFO - Setting next_dagrun for youtube_data_pipeline to 2026-03-11T00:00:00+00:00, run_after=2026-03-12T00:00:00+00:00
[2026-03-11T11:21:11.190+0000] {processor.py:183} INFO - Processing /opt/airflow/dags/youtube_pipeline_dag.py took 0.545 seconds
[2026-03-11T11:21:43.150+0000] {processor.py:161} INFO - Started process (PID=561) to work on /opt/airflow/dags/youtube_pipeline_dag.py
[2026-03-11T11:21:43.152+0000] {processor.py:830} INFO - Processing file /opt/airflow/dags/youtube_pipeline_dag.py for tasks to queue
[2026-03-11T11:21:43.161+0000] {logging_mixin.py:188} INFO - [2026-03-11T11:21:43.159+0000] {dagbag.py:538} INFO - Filling up the DagBag from /opt/airflow/dags/youtube_pipeline_dag.py
[2026-03-11T11:21:43.224+0000] {processor.py:840} INFO - DAG(s) 'youtube_data_pipeline' retrieved from /opt/airflow/dags/youtube_pipeline_dag.py
[2026-03-11T11:21:43.334+0000] {logging_mixin.py:188} INFO - [2026-03-11T11:21:43.333+0000] {dag.py:3033} INFO - Sync 1 DAGs
[2026-03-11T11:21:43.423+0000] {logging_mixin.py:188} INFO - [2026-03-11T11:21:43.422+0000] {dag.py:3820} INFO - Setting next_dagrun for youtube_data_pipeline to 2026-03-11T00:00:00+00:00, run_after=2026-03-12T00:00:00+00:00
[2026-03-11T11:21:43.487+0000] {processor.py:183} INFO - Processing /opt/airflow/dags/youtube_pipeline_dag.py took 0.346 seconds
[2026-03-11T11:22:15.019+0000] {processor.py:161} INFO - Started process (PID=593) to work on /opt/airflow/dags/youtube_pipeline_dag.py
[2026-03-11T11:22:15.023+0000] {processor.py:830} INFO - Processing file /opt/airflow/dags/youtube_pipeline_dag.py for tasks to queue
[2026-03-11T11:22:15.031+0000] {logging_mixin.py:188} INFO - [2026-03-11T11:22:15.030+0000] {dagbag.py:538} INFO - Filling up the DagBag from /opt/airflow/dags/youtube_pipeline_dag.py
[2026-03-11T11:22:15.087+0000] {processor.py:840} INFO - DAG(s) 'youtube_data_pipeline' retrieved from /opt/airflow/dags/youtube_pipeline_dag.py
[2026-03-11T11:22:15.219+0000] {logging_mixin.py:188} INFO - [2026-03-11T11:22:15.218+0000] {dag.py:3033} INFO - Sync 1 DAGs
[2026-03-11T11:22:15.292+0000] {logging_mixin.py:188} INFO - [2026-03-11T11:22:15.292+0000] {dag.py:3820} INFO - Setting next_dagrun for youtube_data_pipeline to 2026-03-11T00:00:00+00:00, run_after=2026-03-12T00:00:00+00:00
[2026-03-11T11:22:15.386+0000] {processor.py:183} INFO - Processing /opt/airflow/dags/youtube_pipeline_dag.py took 0.380 seconds
[2026-03-11T11:22:47.004+0000] {processor.py:161} INFO - Started process (PID=625) to work on /opt/airflow/dags/youtube_pipeline_dag.py
[2026-03-11T11:22:47.006+0000] {processor.py:830} INFO - Processing file /opt/airflow/dags/youtube_pipeline_dag.py for tasks to queue
[2026-03-11T11:22:47.013+0000] {logging_mixin.py:188} INFO - [2026-03-11T11:22:47.012+0000] {dagbag.py:538} INFO - Filling up the DagBag from /opt/airflow/dags/youtube_pipeline_dag.py
[2026-03-11T11:22:47.067+0000] {processor.py:840} INFO - DAG(s) 'youtube_data_pipeline' retrieved from /opt/airflow/dags/youtube_pipeline_dag.py
[2026-03-11T11:22:47.157+0000] {logging_mixin.py:188} INFO - [2026-03-11T11:22:47.156+0000] {dag.py:3033} INFO - Sync 1 DAGs
[2026-03-11T11:22:47.223+0000] {logging_mixin.py:188} INFO - [2026-03-11T11:22:47.223+0000] {dag.py:3820} INFO - Setting next_dagrun for youtube_data_pipeline to 2026-03-11T00:00:00+00:00, run_after=2026-03-12T00:00:00+00:00
[2026-03-11T11:22:47.275+0000] {processor.py:183} INFO - Processing /opt/airflow/dags/youtube_pipeline_dag.py took 0.280 seconds
[2026-03-11T11:23:19.324+0000] {processor.py:161} INFO - Started process (PID=657) to work on /opt/airflow/dags/youtube_pipeline_dag.py
[2026-03-11T11:23:19.334+0000] {processor.py:830} INFO - Processing file /opt/airflow/dags/youtube_pipeline_dag.py for tasks to queue
[2026-03-11T11:23:19.352+0000] {logging_mixin.py:188} INFO - [2026-03-11T11:23:19.351+0000] {dagbag.py:538} INFO - Filling up the DagBag from /opt/airflow/dags/youtube_pipeline_dag.py
[2026-03-11T11:23:19.474+0000] {processor.py:840} INFO - DAG(s) 'youtube_data_pipeline' retrieved from /opt/airflow/dags/youtube_pipeline_dag.py
[2026-03-11T11:23:19.737+0000] {logging_mixin.py:188} INFO - [2026-03-11T11:23:19.736+0000] {dag.py:3033} INFO - Sync 1 DAGs
[2026-03-11T11:23:19.872+0000] {logging_mixin.py:188} INFO - [2026-03-11T11:23:19.872+0000] {dag.py:3820} INFO - Setting next_dagrun for youtube_data_pipeline to 2026-03-11T00:00:00+00:00, run_after=2026-03-12T00:00:00+00:00
[2026-03-11T11:23:19.939+0000] {processor.py:183} INFO - Processing /opt/airflow/dags/youtube_pipeline_dag.py took 0.629 seconds
[2026-03-11T11:23:52.367+0000] {processor.py:161} INFO - Started process (PID=689) to work on /opt/airflow/dags/youtube_pipeline_dag.py
[2026-03-11T11:23:52.370+0000] {processor.py:830} INFO - Processing file /opt/airflow/dags/youtube_pipeline_dag.py for tasks to queue
[2026-03-11T11:23:52.379+0000] {logging_mixin.py:188} INFO - [2026-03-11T11:23:52.378+0000] {dagbag.py:538} INFO - Filling up the DagBag from /opt/airflow/dags/youtube_pipeline_dag.py
[2026-03-11T11:23:52.446+0000] {processor.py:840} INFO - DAG(s) 'youtube_data_pipeline' retrieved from /opt/airflow/dags/youtube_pipeline_dag.py
[2026-03-11T11:23:52.578+0000] {logging_mixin.py:188} INFO - [2026-03-11T11:23:52.576+0000] {dag.py:3033} INFO - Sync 1 DAGs
[2026-03-11T11:23:52.700+0000] {logging_mixin.py:188} INFO - [2026-03-11T11:23:52.700+0000] {dag.py:3820} INFO - Setting next_dagrun for youtube_data_pipeline to 2026-03-11T00:00:00+00:00, run_after=2026-03-12T00:00:00+00:00
[2026-03-11T11:23:52.838+0000] {processor.py:183} INFO - Processing /opt/airflow/dags/youtube_pipeline_dag.py took 0.486 seconds
[2026-03-11T11:24:25.234+0000] {processor.py:161} INFO - Started process (PID=724) to work on /opt/airflow/dags/youtube_pipeline_dag.py
[2026-03-11T11:24:25.240+0000] {processor.py:830} INFO - Processing file /opt/airflow/dags/youtube_pipeline_dag.py for tasks to queue
[2026-03-11T11:24:25.254+0000] {logging_mixin.py:188} INFO - [2026-03-11T11:24:25.252+0000] {dagbag.py:538} INFO - Filling up the DagBag from /opt/airflow/dags/youtube_pipeline_dag.py
[2026-03-11T11:24:25.345+0000] {processor.py:840} INFO - DAG(s) 'youtube_data_pipeline' retrieved from /opt/airflow/dags/youtube_pipeline_dag.py
[2026-03-11T11:24:25.495+0000] {logging_mixin.py:188} INFO - [2026-03-11T11:24:25.492+0000] {dag.py:3033} INFO - Sync 1 DAGs
[2026-03-11T11:24:25.620+0000] {logging_mixin.py:188} INFO - [2026-03-11T11:24:25.619+0000] {dag.py:3820} INFO - Setting next_dagrun for youtube_data_pipeline to 2026-03-11T00:00:00+00:00, run_after=2026-03-12T00:00:00+00:00
[2026-03-11T11:24:25.776+0000] {processor.py:183} INFO - Processing /opt/airflow/dags/youtube_pipeline_dag.py took 0.573 seconds
[2026-03-11T11:24:57.497+0000] {processor.py:161} INFO - Started process (PID=756) to work on /opt/airflow/dags/youtube_pipeline_dag.py
[2026-03-11T11:24:57.502+0000] {processor.py:830} INFO - Processing file /opt/airflow/dags/youtube_pipeline_dag.py for tasks to queue
[2026-03-11T11:24:57.512+0000] {logging_mixin.py:188} INFO - [2026-03-11T11:24:57.511+0000] {dagbag.py:538} INFO - Filling up the DagBag from /opt/airflow/dags/youtube_pipeline_dag.py
[2026-03-11T11:24:57.589+0000] {processor.py:840} INFO - DAG(s) 'youtube_data_pipeline' retrieved from /opt/airflow/dags/youtube_pipeline_dag.py
[2026-03-11T11:24:57.722+0000] {logging_mixin.py:188} INFO - [2026-03-11T11:24:57.721+0000] {dag.py:3033} INFO - Sync 1 DAGs
[2026-03-11T11:24:57.831+0000] {logging_mixin.py:188} INFO - [2026-03-11T11:24:57.830+0000] {dag.py:3820} INFO - Setting next_dagrun for youtube_data_pipeline to 2026-03-11T00:00:00+00:00, run_after=2026-03-12T00:00:00+00:00
[2026-03-11T11:24:57.921+0000] {processor.py:183} INFO - Processing /opt/airflow/dags/youtube_pipeline_dag.py took 0.439 seconds
[2026-03-11T11:25:30.732+0000] {processor.py:161} INFO - Started process (PID=792) to work on /opt/airflow/dags/youtube_pipeline_dag.py
[2026-03-11T11:25:30.735+0000] {processor.py:830} INFO - Processing file /opt/airflow/dags/youtube_pipeline_dag.py for tasks to queue
[2026-03-11T11:25:30.743+0000] {logging_mixin.py:188} INFO - [2026-03-11T11:25:30.741+0000] {dagbag.py:538} INFO - Filling up the DagBag from /opt/airflow/dags/youtube_pipeline_dag.py
[2026-03-11T11:25:30.815+0000] {processor.py:840} INFO - DAG(s) 'youtube_data_pipeline' retrieved from /opt/airflow/dags/youtube_pipeline_dag.py
[2026-03-11T11:25:30.922+0000] {logging_mixin.py:188} INFO - [2026-03-11T11:25:30.920+0000] {dag.py:3033} INFO - Sync 1 DAGs
[2026-03-11T11:25:31.024+0000] {logging_mixin.py:188} INFO - [2026-03-11T11:25:31.023+0000] {dag.py:3820} INFO - Setting next_dagrun for youtube_data_pipeline to 2026-03-11T00:00:00+00:00, run_after=2026-03-12T00:00:00+00:00
[2026-03-11T11:25:31.125+0000] {processor.py:183} INFO - Processing /opt/airflow/dags/youtube_pipeline_dag.py took 0.403 seconds
[2026-03-11T11:26:04.536+0000] {processor.py:161} INFO - Started process (PID=839) to work on /opt/airflow/dags/youtube_pipeline_dag.py
[2026-03-11T11:26:04.540+0000] {processor.py:830} INFO - Processing file /opt/airflow/dags/youtube_pipeline_dag.py for tasks to queue
[2026-03-11T11:26:04.550+0000] {logging_mixin.py:188} INFO - [2026-03-11T11:26:04.549+0000] {dagbag.py:538} INFO - Filling up the DagBag from /opt/airflow/dags/youtube_pipeline_dag.py
[2026-03-11T11:26:04.626+0000] {processor.py:840} INFO - DAG(s) 'youtube_data_pipeline' retrieved from /opt/airflow/dags/youtube_pipeline_dag.py
[2026-03-11T11:26:04.761+0000] {logging_mixin.py:188} INFO - [2026-03-11T11:26:04.760+0000] {dag.py:3033} INFO - Sync 1 DAGs
[2026-03-11T11:26:04.891+0000] {logging_mixin.py:188} INFO - [2026-03-11T11:26:04.890+0000] {dag.py:3820} INFO - Setting next_dagrun for youtube_data_pipeline to 2026-03-11T00:00:00+00:00, run_after=2026-03-12T00:00:00+00:00
[2026-03-11T11:26:04.980+0000] {processor.py:183} INFO - Processing /opt/airflow/dags/youtube_pipeline_dag.py took 0.457 seconds
[2026-03-11T11:26:37.504+0000] {processor.py:161} INFO - Started process (PID=873) to work on /opt/airflow/dags/youtube_pipeline_dag.py
[2026-03-11T11:26:37.507+0000] {processor.py:830} INFO - Processing file /opt/airflow/dags/youtube_pipeline_dag.py for tasks to queue
[2026-03-11T11:26:37.520+0000] {logging_mixin.py:188} INFO - [2026-03-11T11:26:37.519+0000] {dagbag.py:538} INFO - Filling up the DagBag from /opt/airflow/dags/youtube_pipeline_dag.py
[2026-03-11T11:26:37.590+0000] {processor.py:840} INFO - DAG(s) 'youtube_data_pipeline' retrieved from /opt/airflow/dags/youtube_pipeline_dag.py
[2026-03-11T11:26:37.732+0000] {logging_mixin.py:188} INFO - [2026-03-11T11:26:37.729+0000] {dag.py:3033} INFO - Sync 1 DAGs
[2026-03-11T11:26:37.849+0000] {logging_mixin.py:188} INFO - [2026-03-11T11:26:37.848+0000] {dag.py:3820} INFO - Setting next_dagrun for youtube_data_pipeline to 2026-03-11T00:00:00+00:00, run_after=2026-03-12T00:00:00+00:00
[2026-03-11T11:26:37.932+0000] {processor.py:183} INFO - Processing /opt/airflow/dags/youtube_pipeline_dag.py took 0.439 seconds
[2026-03-11T11:27:10.830+0000] {processor.py:161} INFO - Started process (PID=903) to work on /opt/airflow/dags/youtube_pipeline_dag.py
[2026-03-11T11:27:10.834+0000] {processor.py:830} INFO - Processing file /opt/airflow/dags/youtube_pipeline_dag.py for tasks to queue
[2026-03-11T11:27:10.844+0000] {logging_mixin.py:188} INFO - [2026-03-11T11:27:10.843+0000] {dagbag.py:538} INFO - Filling up the DagBag from /opt/airflow/dags/youtube_pipeline_dag.py
[2026-03-11T11:27:10.938+0000] {processor.py:840} INFO - DAG(s) 'youtube_data_pipeline' retrieved from /opt/airflow/dags/youtube_pipeline_dag.py
[2026-03-11T11:27:11.163+0000] {logging_mixin.py:188} INFO - [2026-03-11T11:27:11.160+0000] {dag.py:3033} INFO - Sync 1 DAGs
[2026-03-11T11:27:11.304+0000] {logging_mixin.py:188} INFO - [2026-03-11T11:27:11.304+0000] {dag.py:3820} INFO - Setting next_dagrun for youtube_data_pipeline to 2026-03-11T00:00:00+00:00, run_after=2026-03-12T00:00:00+00:00
[2026-03-11T11:27:11.386+0000] {processor.py:183} INFO - Processing /opt/airflow/dags/youtube_pipeline_dag.py took 0.570 seconds
[2026-03-11T11:27:43.033+0000] {processor.py:161} INFO - Started process (PID=937) to work on /opt/airflow/dags/youtube_pipeline_dag.py
[2026-03-11T11:27:43.039+0000] {processor.py:830} INFO - Processing file /opt/airflow/dags/youtube_pipeline_dag.py for tasks to queue
[2026-03-11T11:27:43.060+0000] {logging_mixin.py:188} INFO - [2026-03-11T11:27:43.058+0000] {dagbag.py:538} INFO - Filling up the DagBag from /opt/airflow/dags/youtube_pipeline_dag.py
[2026-03-11T11:27:43.186+0000] {processor.py:840} INFO - DAG(s) 'youtube_data_pipeline' retrieved from /opt/airflow/dags/youtube_pipeline_dag.py
[2026-03-11T11:27:43.349+0000] {logging_mixin.py:188} INFO - [2026-03-11T11:27:43.347+0000] {dag.py:3033} INFO - Sync 1 DAGs
[2026-03-11T11:27:43.465+0000] {logging_mixin.py:188} INFO - [2026-03-11T11:27:43.463+0000] {dag.py:3820} INFO - Setting next_dagrun for youtube_data_pipeline to 2026-03-11T00:00:00+00:00, run_after=2026-03-12T00:00:00+00:00
[2026-03-11T11:27:43.537+0000] {processor.py:183} INFO - Processing /opt/airflow/dags/youtube_pipeline_dag.py took 0.521 seconds
[2026-03-11T11:28:15.332+0000] {processor.py:161} INFO - Started process (PID=967) to work on /opt/airflow/dags/youtube_pipeline_dag.py
[2026-03-11T11:28:15.335+0000] {processor.py:830} INFO - Processing file /opt/airflow/dags/youtube_pipeline_dag.py for tasks to queue
[2026-03-11T11:28:15.346+0000] {logging_mixin.py:188} INFO - [2026-03-11T11:28:15.345+0000] {dagbag.py:538} INFO - Filling up the DagBag from /opt/airflow/dags/youtube_pipeline_dag.py
[2026-03-11T11:28:15.433+0000] {processor.py:840} INFO - DAG(s) 'youtube_data_pipeline' retrieved from /opt/airflow/dags/youtube_pipeline_dag.py
[2026-03-11T11:28:15.598+0000] {logging_mixin.py:188} INFO - [2026-03-11T11:28:15.595+0000] {dag.py:3033} INFO - Sync 1 DAGs
[2026-03-11T11:28:15.749+0000] {logging_mixin.py:188} INFO - [2026-03-11T11:28:15.749+0000] {dag.py:3820} INFO - Setting next_dagrun for youtube_data_pipeline to 2026-03-11T00:00:00+00:00, run_after=2026-03-12T00:00:00+00:00
[2026-03-11T11:28:15.834+0000] {processor.py:183} INFO - Processing /opt/airflow/dags/youtube_pipeline_dag.py took 0.516 seconds
[2026-03-11T11:28:48.178+0000] {processor.py:161} INFO - Started process (PID=999) to work on /opt/airflow/dags/youtube_pipeline_dag.py
[2026-03-11T11:28:48.182+0000] {processor.py:830} INFO - Processing file /opt/airflow/dags/youtube_pipeline_dag.py for tasks to queue
[2026-03-11T11:28:48.192+0000] {logging_mixin.py:188} INFO - [2026-03-11T11:28:48.191+0000] {dagbag.py:538} INFO - Filling up the DagBag from /opt/airflow/dags/youtube_pipeline_dag.py
[2026-03-11T11:28:48.255+0000] {processor.py:840} INFO - DAG(s) 'youtube_data_pipeline' retrieved from /opt/airflow/dags/youtube_pipeline_dag.py
[2026-03-11T11:28:48.410+0000] {logging_mixin.py:188} INFO - [2026-03-11T11:28:48.408+0000] {dag.py:3033} INFO - Sync 1 DAGs
[2026-03-11T11:28:48.571+0000] {logging_mixin.py:188} INFO - [2026-03-11T11:28:48.571+0000] {dag.py:3820} INFO - Setting next_dagrun for youtube_data_pipeline to 2026-03-11T00:00:00+00:00, run_after=2026-03-12T00:00:00+00:00
[2026-03-11T11:28:48.714+0000] {processor.py:183} INFO - Processing /opt/airflow/dags/youtube_pipeline_dag.py took 0.547 seconds
[2026-03-11T11:29:20.979+0000] {processor.py:161} INFO - Started process (PID=1033) to work on /opt/airflow/dags/youtube_pipeline_dag.py
[2026-03-11T11:29:20.981+0000] {processor.py:830} INFO - Processing file /opt/airflow/dags/youtube_pipeline_dag.py for tasks to queue
[2026-03-11T11:29:20.994+0000] {logging_mixin.py:188} INFO - [2026-03-11T11:29:20.993+0000] {dagbag.py:538} INFO - Filling up the DagBag from /opt/airflow/dags/youtube_pipeline_dag.py
[2026-03-11T11:29:21.093+0000] {processor.py:840} INFO - DAG(s) 'youtube_data_pipeline' retrieved from /opt/airflow/dags/youtube_pipeline_dag.py
[2026-03-11T11:29:21.267+0000] {logging_mixin.py:188} INFO - [2026-03-11T11:29:21.265+0000] {dag.py:3033} INFO - Sync 1 DAGs
[2026-03-11T11:29:21.444+0000] {logging_mixin.py:188} INFO - [2026-03-11T11:29:21.444+0000] {dag.py:3820} INFO - Setting next_dagrun for youtube_data_pipeline to 2026-03-11T00:00:00+00:00, run_after=2026-03-12T00:00:00+00:00
[2026-03-11T11:29:21.551+0000] {processor.py:183} INFO - Processing /opt/airflow/dags/youtube_pipeline_dag.py took 0.590 seconds
[2026-03-11T11:29:53.513+0000] {processor.py:161} INFO - Started process (PID=1063) to work on /opt/airflow/dags/youtube_pipeline_dag.py
[2026-03-11T11:29:53.516+0000] {processor.py:830} INFO - Processing file /opt/airflow/dags/youtube_pipeline_dag.py for tasks to queue
[2026-03-11T11:29:53.525+0000] {logging_mixin.py:188} INFO - [2026-03-11T11:29:53.524+0000] {dagbag.py:538} INFO - Filling up the DagBag from /opt/airflow/dags/youtube_pipeline_dag.py
[2026-03-11T11:29:53.609+0000] {processor.py:840} INFO - DAG(s) 'youtube_data_pipeline' retrieved from /opt/airflow/dags/youtube_pipeline_dag.py
[2026-03-11T11:29:53.743+0000] {logging_mixin.py:188} INFO - [2026-03-11T11:29:53.741+0000] {dag.py:3033} INFO - Sync 1 DAGs
[2026-03-11T11:29:53.860+0000] {logging_mixin.py:188} INFO - [2026-03-11T11:29:53.859+0000] {dag.py:3820} INFO - Setting next_dagrun for youtube_data_pipeline to 2026-03-11T00:00:00+00:00, run_after=2026-03-12T00:00:00+00:00
[2026-03-11T11:29:53.946+0000] {processor.py:183} INFO - Processing /opt/airflow/dags/youtube_pipeline_dag.py took 0.447 seconds
[2026-03-11T11:30:26.434+0000] {processor.py:161} INFO - Started process (PID=1101) to work on /opt/airflow/dags/youtube_pipeline_dag.py
[2026-03-11T11:30:26.439+0000] {processor.py:830} INFO - Processing file /opt/airflow/dags/youtube_pipeline_dag.py for tasks to queue
[2026-03-11T11:30:26.451+0000] {logging_mixin.py:188} INFO - [2026-03-11T11:30:26.449+0000] {dagbag.py:538} INFO - Filling up the DagBag from /opt/airflow/dags/youtube_pipeline_dag.py
[2026-03-11T11:30:26.560+0000] {processor.py:840} INFO - DAG(s) 'youtube_data_pipeline' retrieved from /opt/airflow/dags/youtube_pipeline_dag.py
[2026-03-11T11:30:26.771+0000] {logging_mixin.py:188} INFO - [2026-03-11T11:30:26.768+0000] {dag.py:3033} INFO - Sync 1 DAGs
[2026-03-11T11:30:26.954+0000] {logging_mixin.py:188} INFO - [2026-03-11T11:30:26.953+0000] {dag.py:3820} INFO - Setting next_dagrun for youtube_data_pipeline to 2026-03-11T00:00:00+00:00, run_after=2026-03-12T00:00:00+00:00
[2026-03-11T11:30:27.102+0000] {processor.py:183} INFO - Processing /opt/airflow/dags/youtube_pipeline_dag.py took 0.687 seconds
[2026-03-11T11:30:59.519+0000] {processor.py:161} INFO - Started process (PID=1133) to work on /opt/airflow/dags/youtube_pipeline_dag.py
[2026-03-11T11:30:59.522+0000] {processor.py:830} INFO - Processing file /opt/airflow/dags/youtube_pipeline_dag.py for tasks to queue
[2026-03-11T11:30:59.531+0000] {logging_mixin.py:188} INFO - [2026-03-11T11:30:59.530+0000] {dagbag.py:538} INFO - Filling up the DagBag from /opt/airflow/dags/youtube_pipeline_dag.py
[2026-03-11T11:30:59.665+0000] {processor.py:840} INFO - DAG(s) 'youtube_data_pipeline' retrieved from /opt/airflow/dags/youtube_pipeline_dag.py
[2026-03-11T11:30:59.846+0000] {logging_mixin.py:188} INFO - [2026-03-11T11:30:59.843+0000] {dag.py:3033} INFO - Sync 1 DAGs
[2026-03-11T11:30:59.987+0000] {logging_mixin.py:188} INFO - [2026-03-11T11:30:59.986+0000] {dag.py:3820} INFO - Setting next_dagrun for youtube_data_pipeline to 2026-03-11T00:00:00+00:00, run_after=2026-03-12T00:00:00+00:00
[2026-03-11T11:31:00.063+0000] {processor.py:183} INFO - Processing /opt/airflow/dags/youtube_pipeline_dag.py took 0.560 seconds
[2026-03-11T11:31:31.168+0000] {processor.py:161} INFO - Started process (PID=1173) to work on /opt/airflow/dags/youtube_pipeline_dag.py
[2026-03-11T11:31:31.170+0000] {processor.py:830} INFO - Processing file /opt/airflow/dags/youtube_pipeline_dag.py for tasks to queue
[2026-03-11T11:31:31.178+0000] {logging_mixin.py:188} INFO - [2026-03-11T11:31:31.178+0000] {dagbag.py:538} INFO - Filling up the DagBag from /opt/airflow/dags/youtube_pipeline_dag.py
[2026-03-11T11:31:31.249+0000] {processor.py:840} INFO - DAG(s) 'youtube_data_pipeline' retrieved from /opt/airflow/dags/youtube_pipeline_dag.py
[2026-03-11T11:31:31.374+0000] {logging_mixin.py:188} INFO - [2026-03-11T11:31:31.373+0000] {dag.py:3033} INFO - Sync 1 DAGs
[2026-03-11T11:31:31.488+0000] {logging_mixin.py:188} INFO - [2026-03-11T11:31:31.487+0000] {dag.py:3820} INFO - Setting next_dagrun for youtube_data_pipeline to 2026-03-11T00:00:00+00:00, run_after=2026-03-12T00:00:00+00:00
[2026-03-11T11:31:31.584+0000] {processor.py:183} INFO - Processing /opt/airflow/dags/youtube_pipeline_dag.py took 0.425 seconds
[2026-03-11T11:32:02.031+0000] {processor.py:161} INFO - Started process (PID=1199) to work on /opt/airflow/dags/youtube_pipeline_dag.py
[2026-03-11T11:32:02.033+0000] {processor.py:830} INFO - Processing file /opt/airflow/dags/youtube_pipeline_dag.py for tasks to queue
[2026-03-11T11:32:02.042+0000] {logging_mixin.py:188} INFO - [2026-03-11T11:32:02.040+0000] {dagbag.py:538} INFO - Filling up the DagBag from /opt/airflow/dags/youtube_pipeline_dag.py
[2026-03-11T11:32:02.105+0000] {processor.py:840} INFO - DAG(s) 'youtube_data_pipeline' retrieved from /opt/airflow/dags/youtube_pipeline_dag.py
[2026-03-11T11:32:02.216+0000] {logging_mixin.py:188} INFO - [2026-03-11T11:32:02.214+0000] {dag.py:3033} INFO - Sync 1 DAGs
[2026-03-11T11:32:02.324+0000] {logging_mixin.py:188} INFO - [2026-03-11T11:32:02.323+0000] {dag.py:3820} INFO - Setting next_dagrun for youtube_data_pipeline to 2026-03-11T00:00:00+00:00, run_after=2026-03-12T00:00:00+00:00
[2026-03-11T11:32:02.397+0000] {processor.py:183} INFO - Processing /opt/airflow/dags/youtube_pipeline_dag.py took 0.381 seconds
[2026-03-11T11:32:33.129+0000] {processor.py:161} INFO - Started process (PID=1227) to work on /opt/airflow/dags/youtube_pipeline_dag.py
[2026-03-11T11:32:33.132+0000] {processor.py:830} INFO - Processing file /opt/airflow/dags/youtube_pipeline_dag.py for tasks to queue
[2026-03-11T11:32:33.142+0000] {logging_mixin.py:188} INFO - [2026-03-11T11:32:33.140+0000] {dagbag.py:538} INFO - Filling up the DagBag from /opt/airflow/dags/youtube_pipeline_dag.py
[2026-03-11T11:32:33.210+0000] {processor.py:840} INFO - DAG(s) 'youtube_data_pipeline' retrieved from /opt/airflow/dags/youtube_pipeline_dag.py
[2026-03-11T11:32:33.338+0000] {logging_mixin.py:188} INFO - [2026-03-11T11:32:33.337+0000] {dag.py:3033} INFO - Sync 1 DAGs
[2026-03-11T11:32:33.463+0000] {logging_mixin.py:188} INFO - [2026-03-11T11:32:33.462+0000] {dag.py:3820} INFO - Setting next_dagrun for youtube_data_pipeline to 2026-03-11T00:00:00+00:00, run_after=2026-03-12T00:00:00+00:00
[2026-03-11T11:32:33.622+0000] {processor.py:183} INFO - Processing /opt/airflow/dags/youtube_pipeline_dag.py took 0.507 seconds
[2026-03-11T11:33:03.892+0000] {processor.py:161} INFO - Started process (PID=1259) to work on /opt/airflow/dags/youtube_pipeline_dag.py
[2026-03-11T11:33:03.896+0000] {processor.py:830} INFO - Processing file /opt/airflow/dags/youtube_pipeline_dag.py for tasks to queue
[2026-03-11T11:33:03.908+0000] {logging_mixin.py:188} INFO - [2026-03-11T11:33:03.906+0000] {dagbag.py:538} INFO - Filling up the DagBag from /opt/airflow/dags/youtube_pipeline_dag.py
[2026-03-11T11:33:03.996+0000] {processor.py:840} INFO - DAG(s) 'youtube_data_pipeline' retrieved from /opt/airflow/dags/youtube_pipeline_dag.py
[2026-03-11T11:33:04.119+0000] {logging_mixin.py:188} INFO - [2026-03-11T11:33:04.118+0000] {dag.py:3033} INFO - Sync 1 DAGs
[2026-03-11T11:33:04.198+0000] {logging_mixin.py:188} INFO - [2026-03-11T11:33:04.198+0000] {dag.py:3820} INFO - Setting next_dagrun for youtube_data_pipeline to 2026-03-11T00:00:00+00:00, run_after=2026-03-12T00:00:00+00:00
[2026-03-11T11:33:04.271+0000] {processor.py:183} INFO - Processing /opt/airflow/dags/youtube_pipeline_dag.py took 0.396 seconds
[2026-03-11T11:33:34.596+0000] {processor.py:161} INFO - Started process (PID=1291) to work on /opt/airflow/dags/youtube_pipeline_dag.py
[2026-03-11T11:33:34.598+0000] {processor.py:830} INFO - Processing file /opt/airflow/dags/youtube_pipeline_dag.py for tasks to queue
[2026-03-11T11:33:34.608+0000] {logging_mixin.py:188} INFO - [2026-03-11T11:33:34.606+0000] {dagbag.py:538} INFO - Filling up the DagBag from /opt/airflow/dags/youtube_pipeline_dag.py
[2026-03-11T11:33:34.677+0000] {processor.py:840} INFO - DAG(s) 'youtube_data_pipeline' retrieved from /opt/airflow/dags/youtube_pipeline_dag.py
[2026-03-11T11:33:34.784+0000] {logging_mixin.py:188} INFO - [2026-03-11T11:33:34.783+0000] {dag.py:3033} INFO - Sync 1 DAGs
[2026-03-11T11:33:34.876+0000] {logging_mixin.py:188} INFO - [2026-03-11T11:33:34.875+0000] {dag.py:3820} INFO - Setting next_dagrun for youtube_data_pipeline to 2026-03-11T00:00:00+00:00, run_after=2026-03-12T00:00:00+00:00
[2026-03-11T11:33:34.954+0000] {processor.py:183} INFO - Processing /opt/airflow/dags/youtube_pipeline_dag.py took 0.368 seconds
[2026-03-11T11:34:05.591+0000] {processor.py:161} INFO - Started process (PID=1323) to work on /opt/airflow/dags/youtube_pipeline_dag.py
[2026-03-11T11:34:05.594+0000] {processor.py:830} INFO - Processing file /opt/airflow/dags/youtube_pipeline_dag.py for tasks to queue
[2026-03-11T11:34:05.602+0000] {logging_mixin.py:188} INFO - [2026-03-11T11:34:05.601+0000] {dagbag.py:538} INFO - Filling up the DagBag from /opt/airflow/dags/youtube_pipeline_dag.py
[2026-03-11T11:34:05.649+0000] {processor.py:840} INFO - DAG(s) 'youtube_data_pipeline' retrieved from /opt/airflow/dags/youtube_pipeline_dag.py
[2026-03-11T11:34:05.833+0000] {logging_mixin.py:188} INFO - [2026-03-11T11:34:05.832+0000] {dag.py:3033} INFO - Sync 1 DAGs
[2026-03-11T11:34:06.016+0000] {logging_mixin.py:188} INFO - [2026-03-11T11:34:06.015+0000] {dag.py:3820} INFO - Setting next_dagrun for youtube_data_pipeline to 2026-03-11T00:00:00+00:00, run_after=2026-03-12T00:00:00+00:00
[2026-03-11T11:34:06.099+0000] {processor.py:183} INFO - Processing /opt/airflow/dags/youtube_pipeline_dag.py took 0.521 seconds
[2026-03-11T11:34:36.391+0000] {processor.py:161} INFO - Started process (PID=1353) to work on /opt/airflow/dags/youtube_pipeline_dag.py
[2026-03-11T11:34:36.396+0000] {processor.py:830} INFO - Processing file /opt/airflow/dags/youtube_pipeline_dag.py for tasks to queue
[2026-03-11T11:34:36.402+0000] {logging_mixin.py:188} INFO - [2026-03-11T11:34:36.401+0000] {dagbag.py:538} INFO - Filling up the DagBag from /opt/airflow/dags/youtube_pipeline_dag.py
[2026-03-11T11:34:36.453+0000] {processor.py:840} INFO - DAG(s) 'youtube_data_pipeline' retrieved from /opt/airflow/dags/youtube_pipeline_dag.py
[2026-03-11T11:34:36.595+0000] {logging_mixin.py:188} INFO - [2026-03-11T11:34:36.593+0000] {dag.py:3033} INFO - Sync 1 DAGs
[2026-03-11T11:34:36.719+0000] {logging_mixin.py:188} INFO - [2026-03-11T11:34:36.719+0000] {dag.py:3820} INFO - Setting next_dagrun for youtube_data_pipeline to 2026-03-11T00:00:00+00:00, run_after=2026-03-12T00:00:00+00:00
[2026-03-11T11:34:36.792+0000] {processor.py:183} INFO - Processing /opt/airflow/dags/youtube_pipeline_dag.py took 0.427 seconds
[2026-03-11T11:35:07.078+0000] {processor.py:161} INFO - Started process (PID=1385) to work on /opt/airflow/dags/youtube_pipeline_dag.py
[2026-03-11T11:35:07.079+0000] {processor.py:830} INFO - Processing file /opt/airflow/dags/youtube_pipeline_dag.py for tasks to queue
[2026-03-11T11:35:07.084+0000] {logging_mixin.py:188} INFO - [2026-03-11T11:35:07.083+0000] {dagbag.py:538} INFO - Filling up the DagBag from /opt/airflow/dags/youtube_pipeline_dag.py
[2026-03-11T11:35:07.134+0000] {processor.py:840} INFO - DAG(s) 'youtube_data_pipeline' retrieved from /opt/airflow/dags/youtube_pipeline_dag.py
[2026-03-11T11:35:07.219+0000] {logging_mixin.py:188} INFO - [2026-03-11T11:35:07.217+0000] {dag.py:3033} INFO - Sync 1 DAGs
[2026-03-11T11:35:07.695+0000] {logging_mixin.py:188} INFO - [2026-03-11T11:35:07.692+0000] {dag.py:3820} INFO - Setting next_dagrun for youtube_data_pipeline to 2026-03-11T00:00:00+00:00, run_after=2026-03-12T00:00:00+00:00
[2026-03-11T11:35:07.828+0000] {processor.py:183} INFO - Processing /opt/airflow/dags/youtube_pipeline_dag.py took 0.758 seconds
[2026-03-11T11:35:38.408+0000] {processor.py:161} INFO - Started process (PID=1417) to work on /opt/airflow/dags/youtube_pipeline_dag.py
[2026-03-11T11:35:38.410+0000] {processor.py:830} INFO - Processing file /opt/airflow/dags/youtube_pipeline_dag.py for tasks to queue
[2026-03-11T11:35:38.417+0000] {logging_mixin.py:188} INFO - [2026-03-11T11:35:38.416+0000] {dagbag.py:538} INFO - Filling up the DagBag from /opt/airflow/dags/youtube_pipeline_dag.py
[2026-03-11T11:35:38.471+0000] {processor.py:840} INFO - DAG(s) 'youtube_data_pipeline' retrieved from /opt/airflow/dags/youtube_pipeline_dag.py
[2026-03-11T11:35:38.562+0000] {logging_mixin.py:188} INFO - [2026-03-11T11:35:38.561+0000] {dag.py:3033} INFO - Sync 1 DAGs
[2026-03-11T11:35:38.638+0000] {logging_mixin.py:188} INFO - [2026-03-11T11:35:38.638+0000] {dag.py:3820} INFO - Setting next_dagrun for youtube_data_pipeline to 2026-03-11T00:00:00+00:00, run_after=2026-03-12T00:00:00+00:00
[2026-03-11T11:35:38.720+0000] {processor.py:183} INFO - Processing /opt/airflow/dags/youtube_pipeline_dag.py took 0.323 seconds
[2026-03-11T11:36:08.874+0000] {processor.py:161} INFO - Started process (PID=1449) to work on /opt/airflow/dags/youtube_pipeline_dag.py
[2026-03-11T11:36:08.876+0000] {processor.py:830} INFO - Processing file /opt/airflow/dags/youtube_pipeline_dag.py for tasks to queue
[2026-03-11T11:36:08.883+0000] {logging_mixin.py:188} INFO - [2026-03-11T11:36:08.882+0000] {dagbag.py:538} INFO - Filling up the DagBag from /opt/airflow/dags/youtube_pipeline_dag.py
[2026-03-11T11:36:09.264+0000] {processor.py:840} INFO - DAG(s) 'youtube_data_pipeline' retrieved from /opt/airflow/dags/youtube_pipeline_dag.py
[2026-03-11T11:36:09.334+0000] {logging_mixin.py:188} INFO - [2026-03-11T11:36:09.333+0000] {dag.py:3033} INFO - Sync 1 DAGs
[2026-03-11T11:36:09.411+0000] {logging_mixin.py:188} INFO - [2026-03-11T11:36:09.410+0000] {dag.py:3820} INFO - Setting next_dagrun for youtube_data_pipeline to 2026-03-11T00:00:00+00:00, run_after=2026-03-12T00:00:00+00:00
[2026-03-11T11:36:09.476+0000] {processor.py:183} INFO - Processing /opt/airflow/dags/youtube_pipeline_dag.py took 0.611 seconds
[2026-03-11T11:36:39.674+0000] {processor.py:161} INFO - Started process (PID=1481) to work on /opt/airflow/dags/youtube_pipeline_dag.py
[2026-03-11T11:36:39.676+0000] {processor.py:830} INFO - Processing file /opt/airflow/dags/youtube_pipeline_dag.py for tasks to queue
[2026-03-11T11:36:39.687+0000] {logging_mixin.py:188} INFO - [2026-03-11T11:36:39.685+0000] {dagbag.py:538} INFO - Filling up the DagBag from /opt/airflow/dags/youtube_pipeline_dag.py
[2026-03-11T11:36:39.750+0000] {processor.py:840} INFO - DAG(s) 'youtube_data_pipeline' retrieved from /opt/airflow/dags/youtube_pipeline_dag.py
[2026-03-11T11:36:39.868+0000] {logging_mixin.py:188} INFO - [2026-03-11T11:36:39.867+0000] {dag.py:3033} INFO - Sync 1 DAGs
[2026-03-11T11:36:39.986+0000] {logging_mixin.py:188} INFO - [2026-03-11T11:36:39.986+0000] {dag.py:3820} INFO - Setting next_dagrun for youtube_data_pipeline to 2026-03-11T00:00:00+00:00, run_after=2026-03-12T00:00:00+00:00
[2026-03-11T11:36:40.062+0000] {processor.py:183} INFO - Processing /opt/airflow/dags/youtube_pipeline_dag.py took 0.396 seconds
[2026-03-11T11:37:10.329+0000] {processor.py:161} INFO - Started process (PID=1513) to work on /opt/airflow/dags/youtube_pipeline_dag.py
[2026-03-11T11:37:10.335+0000] {processor.py:830} INFO - Processing file /opt/airflow/dags/youtube_pipeline_dag.py for tasks to queue
[2026-03-11T11:37:10.344+0000] {logging_mixin.py:188} INFO - [2026-03-11T11:37:10.343+0000] {dagbag.py:538} INFO - Filling up the DagBag from /opt/airflow/dags/youtube_pipeline_dag.py
[2026-03-11T11:37:10.403+0000] {processor.py:840} INFO - DAG(s) 'youtube_data_pipeline' retrieved from /opt/airflow/dags/youtube_pipeline_dag.py
[2026-03-11T11:37:10.520+0000] {logging_mixin.py:188} INFO - [2026-03-11T11:37:10.519+0000] {dag.py:3033} INFO - Sync 1 DAGs
[2026-03-11T11:37:10.599+0000] {logging_mixin.py:188} INFO - [2026-03-11T11:37:10.598+0000] {dag.py:3820} INFO - Setting next_dagrun for youtube_data_pipeline to 2026-03-11T00:00:00+00:00, run_after=2026-03-12T00:00:00+00:00
[2026-03-11T11:37:10.681+0000] {processor.py:183} INFO - Processing /opt/airflow/dags/youtube_pipeline_dag.py took 0.367 seconds
[2026-03-11T11:37:41.018+0000] {processor.py:161} INFO - Started process (PID=1545) to work on /opt/airflow/dags/youtube_pipeline_dag.py
[2026-03-11T11:37:41.020+0000] {processor.py:830} INFO - Processing file /opt/airflow/dags/youtube_pipeline_dag.py for tasks to queue
[2026-03-11T11:37:41.025+0000] {logging_mixin.py:188} INFO - [2026-03-11T11:37:41.025+0000] {dagbag.py:538} INFO - Filling up the DagBag from /opt/airflow/dags/youtube_pipeline_dag.py
[2026-03-11T11:37:41.072+0000] {processor.py:840} INFO - DAG(s) 'youtube_data_pipeline' retrieved from /opt/airflow/dags/youtube_pipeline_dag.py
[2026-03-11T11:37:41.182+0000] {logging_mixin.py:188} INFO - [2026-03-11T11:37:41.181+0000] {dag.py:3033} INFO - Sync 1 DAGs
[2026-03-11T11:37:41.282+0000] {logging_mixin.py:188} INFO - [2026-03-11T11:37:41.281+0000] {dag.py:3820} INFO - Setting next_dagrun for youtube_data_pipeline to 2026-03-11T00:00:00+00:00, run_after=2026-03-12T00:00:00+00:00
[2026-03-11T11:37:41.372+0000] {processor.py:183} INFO - Processing /opt/airflow/dags/youtube_pipeline_dag.py took 0.362 seconds
[2026-03-11T11:38:12.097+0000] {processor.py:161} INFO - Started process (PID=1579) to work on /opt/airflow/dags/youtube_pipeline_dag.py
[2026-03-11T11:38:12.099+0000] {processor.py:830} INFO - Processing file /opt/airflow/dags/youtube_pipeline_dag.py for tasks to queue
[2026-03-11T11:38:12.104+0000] {logging_mixin.py:188} INFO - [2026-03-11T11:38:12.103+0000] {dagbag.py:538} INFO - Filling up the DagBag from /opt/airflow/dags/youtube_pipeline_dag.py
[2026-03-11T11:38:12.155+0000] {processor.py:840} INFO - DAG(s) 'youtube_data_pipeline' retrieved from /opt/airflow/dags/youtube_pipeline_dag.py
[2026-03-11T11:38:12.236+0000] {logging_mixin.py:188} INFO - [2026-03-11T11:38:12.235+0000] {dag.py:3033} INFO - Sync 1 DAGs
[2026-03-11T11:38:12.301+0000] {logging_mixin.py:188} INFO - [2026-03-11T11:38:12.301+0000] {dag.py:3820} INFO - Setting next_dagrun for youtube_data_pipeline to 2026-03-11T00:00:00+00:00, run_after=2026-03-12T00:00:00+00:00
[2026-03-11T11:38:12.375+0000] {processor.py:183} INFO - Processing /opt/airflow/dags/youtube_pipeline_dag.py took 0.286 seconds
[2026-03-11T11:38:43.253+0000] {processor.py:161} INFO - Started process (PID=1611) to work on /opt/airflow/dags/youtube_pipeline_dag.py
[2026-03-11T11:38:43.255+0000] {processor.py:830} INFO - Processing file /opt/airflow/dags/youtube_pipeline_dag.py for tasks to queue
[2026-03-11T11:38:43.260+0000] {logging_mixin.py:188} INFO - [2026-03-11T11:38:43.259+0000] {dagbag.py:538} INFO - Filling up the DagBag from /opt/airflow/dags/youtube_pipeline_dag.py
[2026-03-11T11:38:43.312+0000] {processor.py:840} INFO - DAG(s) 'youtube_data_pipeline' retrieved from /opt/airflow/dags/youtube_pipeline_dag.py
[2026-03-11T11:38:43.392+0000] {logging_mixin.py:188} INFO - [2026-03-11T11:38:43.390+0000] {dag.py:3033} INFO - Sync 1 DAGs
[2026-03-11T11:38:43.550+0000] {logging_mixin.py:188} INFO - [2026-03-11T11:38:43.550+0000] {dag.py:3820} INFO - Setting next_dagrun for youtube_data_pipeline to 2026-03-11T00:00:00+00:00, run_after=2026-03-12T00:00:00+00:00
[2026-03-11T11:38:43.591+0000] {processor.py:183} INFO - Processing /opt/airflow/dags/youtube_pipeline_dag.py took 0.346 seconds
