[2026-03-11T10:22:12.444+0000] {processor.py:161} INFO - Started process (PID=178) to work on /opt/airflow/dags/youtube_analytics_dag.py
[2026-03-11T10:22:12.447+0000] {processor.py:830} INFO - Processing file /opt/airflow/dags/youtube_analytics_dag.py for tasks to queue
[2026-03-11T10:22:12.451+0000] {logging_mixin.py:188} INFO - [2026-03-11T10:22:12.450+0000] {dagbag.py:538} INFO - Filling up the DagBag from /opt/airflow/dags/youtube_analytics_dag.py
[2026-03-11T10:22:16.541+0000] {processor.py:840} INFO - DAG(s) 'youtube_analytics_pipeline' retrieved from /opt/airflow/dags/youtube_analytics_dag.py
[2026-03-11T10:22:16.894+0000] {logging_mixin.py:188} INFO - [2026-03-11T10:22:16.891+0000] {override.py:1769} INFO - Created Permission View: can edit on DAG:youtube_analytics_pipeline
[2026-03-11T10:22:16.931+0000] {logging_mixin.py:188} INFO - [2026-03-11T10:22:16.931+0000] {override.py:1769} INFO - Created Permission View: can read on DAG:youtube_analytics_pipeline
[2026-03-11T10:22:16.953+0000] {logging_mixin.py:188} INFO - [2026-03-11T10:22:16.953+0000] {override.py:1769} INFO - Created Permission View: can delete on DAG:youtube_analytics_pipeline
[2026-03-11T10:22:16.956+0000] {logging_mixin.py:188} INFO - [2026-03-11T10:22:16.954+0000] {dag.py:3033} INFO - Sync 1 DAGs
[2026-03-11T10:22:17.002+0000] {logging_mixin.py:188} INFO - [2026-03-11T10:22:17.000+0000] {dag.py:3055} INFO - Creating ORM DAG for youtube_analytics_pipeline
[2026-03-11T10:22:17.040+0000] {logging_mixin.py:188} INFO - [2026-03-11T10:22:17.039+0000] {dag.py:3820} INFO - Setting next_dagrun for youtube_analytics_pipeline to 2026-03-11T00:00:00+00:00, run_after=2026-03-11T06:00:00+00:00
[2026-03-11T10:22:17.112+0000] {processor.py:183} INFO - Processing /opt/airflow/dags/youtube_analytics_dag.py took 4.678 seconds
[2026-03-11T10:22:47.315+0000] {processor.py:161} INFO - Started process (PID=204) to work on /opt/airflow/dags/youtube_analytics_dag.py
[2026-03-11T10:22:47.317+0000] {processor.py:830} INFO - Processing file /opt/airflow/dags/youtube_analytics_dag.py for tasks to queue
[2026-03-11T10:22:47.321+0000] {logging_mixin.py:188} INFO - [2026-03-11T10:22:47.319+0000] {dagbag.py:538} INFO - Filling up the DagBag from /opt/airflow/dags/youtube_analytics_dag.py
[2026-03-11T10:22:48.401+0000] {processor.py:840} INFO - DAG(s) 'youtube_analytics_pipeline' retrieved from /opt/airflow/dags/youtube_analytics_dag.py
[2026-03-11T10:22:48.491+0000] {logging_mixin.py:188} INFO - [2026-03-11T10:22:48.490+0000] {dag.py:3033} INFO - Sync 1 DAGs
[2026-03-11T10:22:48.551+0000] {logging_mixin.py:188} INFO - [2026-03-11T10:22:48.551+0000] {dag.py:3820} INFO - Setting next_dagrun for youtube_analytics_pipeline to 2026-03-11T00:00:00+00:00, run_after=2026-03-11T06:00:00+00:00
[2026-03-11T10:22:48.641+0000] {processor.py:183} INFO - Processing /opt/airflow/dags/youtube_analytics_dag.py took 1.338 seconds
[2026-03-11T10:23:19.347+0000] {processor.py:161} INFO - Started process (PID=225) to work on /opt/airflow/dags/youtube_analytics_dag.py
[2026-03-11T10:23:19.349+0000] {processor.py:830} INFO - Processing file /opt/airflow/dags/youtube_analytics_dag.py for tasks to queue
[2026-03-11T10:23:19.352+0000] {logging_mixin.py:188} INFO - [2026-03-11T10:23:19.352+0000] {dagbag.py:538} INFO - Filling up the DagBag from /opt/airflow/dags/youtube_analytics_dag.py
[2026-03-11T10:23:20.492+0000] {processor.py:840} INFO - DAG(s) 'youtube_analytics_pipeline' retrieved from /opt/airflow/dags/youtube_analytics_dag.py
[2026-03-11T10:23:20.647+0000] {logging_mixin.py:188} INFO - [2026-03-11T10:23:20.646+0000] {dag.py:3033} INFO - Sync 1 DAGs
[2026-03-11T10:23:20.732+0000] {logging_mixin.py:188} INFO - [2026-03-11T10:23:20.732+0000] {dag.py:3820} INFO - Setting next_dagrun for youtube_analytics_pipeline to 2026-03-11T00:00:00+00:00, run_after=2026-03-11T06:00:00+00:00
[2026-03-11T10:23:20.818+0000] {processor.py:183} INFO - Processing /opt/airflow/dags/youtube_analytics_dag.py took 1.481 seconds
[2026-03-11T10:23:50.983+0000] {processor.py:161} INFO - Started process (PID=246) to work on /opt/airflow/dags/youtube_analytics_dag.py
[2026-03-11T10:23:50.986+0000] {processor.py:830} INFO - Processing file /opt/airflow/dags/youtube_analytics_dag.py for tasks to queue
[2026-03-11T10:23:50.989+0000] {logging_mixin.py:188} INFO - [2026-03-11T10:23:50.988+0000] {dagbag.py:538} INFO - Filling up the DagBag from /opt/airflow/dags/youtube_analytics_dag.py
[2026-03-11T10:23:52.017+0000] {processor.py:840} INFO - DAG(s) 'youtube_analytics_pipeline' retrieved from /opt/airflow/dags/youtube_analytics_dag.py
[2026-03-11T10:23:52.138+0000] {logging_mixin.py:188} INFO - [2026-03-11T10:23:52.137+0000] {dag.py:3033} INFO - Sync 1 DAGs
[2026-03-11T10:23:52.253+0000] {logging_mixin.py:188} INFO - [2026-03-11T10:23:52.253+0000] {dag.py:3820} INFO - Setting next_dagrun for youtube_analytics_pipeline to 2026-03-11T00:00:00+00:00, run_after=2026-03-11T06:00:00+00:00
[2026-03-11T10:23:52.367+0000] {processor.py:183} INFO - Processing /opt/airflow/dags/youtube_analytics_dag.py took 1.396 seconds
[2026-03-11T10:24:22.845+0000] {processor.py:161} INFO - Started process (PID=267) to work on /opt/airflow/dags/youtube_analytics_dag.py
[2026-03-11T10:24:22.847+0000] {processor.py:830} INFO - Processing file /opt/airflow/dags/youtube_analytics_dag.py for tasks to queue
[2026-03-11T10:24:22.850+0000] {logging_mixin.py:188} INFO - [2026-03-11T10:24:22.849+0000] {dagbag.py:538} INFO - Filling up the DagBag from /opt/airflow/dags/youtube_analytics_dag.py
[2026-03-11T10:24:23.707+0000] {processor.py:840} INFO - DAG(s) 'youtube_analytics_pipeline' retrieved from /opt/airflow/dags/youtube_analytics_dag.py
[2026-03-11T10:24:23.777+0000] {logging_mixin.py:188} INFO - [2026-03-11T10:24:23.776+0000] {dag.py:3033} INFO - Sync 1 DAGs
[2026-03-11T10:24:23.859+0000] {logging_mixin.py:188} INFO - [2026-03-11T10:24:23.858+0000] {dag.py:3820} INFO - Setting next_dagrun for youtube_analytics_pipeline to 2026-03-11T00:00:00+00:00, run_after=2026-03-11T06:00:00+00:00
[2026-03-11T10:24:23.905+0000] {processor.py:183} INFO - Processing /opt/airflow/dags/youtube_analytics_dag.py took 1.070 seconds
[2026-03-11T10:24:54.083+0000] {processor.py:161} INFO - Started process (PID=288) to work on /opt/airflow/dags/youtube_analytics_dag.py
[2026-03-11T10:24:54.085+0000] {processor.py:830} INFO - Processing file /opt/airflow/dags/youtube_analytics_dag.py for tasks to queue
[2026-03-11T10:24:54.089+0000] {logging_mixin.py:188} INFO - [2026-03-11T10:24:54.088+0000] {dagbag.py:538} INFO - Filling up the DagBag from /opt/airflow/dags/youtube_analytics_dag.py
[2026-03-11T10:24:54.920+0000] {processor.py:840} INFO - DAG(s) 'youtube_analytics_pipeline' retrieved from /opt/airflow/dags/youtube_analytics_dag.py
[2026-03-11T10:24:55.004+0000] {logging_mixin.py:188} INFO - [2026-03-11T10:24:55.002+0000] {dag.py:3033} INFO - Sync 1 DAGs
[2026-03-11T10:24:55.082+0000] {logging_mixin.py:188} INFO - [2026-03-11T10:24:55.082+0000] {dag.py:3820} INFO - Setting next_dagrun for youtube_analytics_pipeline to 2026-03-11T00:00:00+00:00, run_after=2026-03-11T06:00:00+00:00
[2026-03-11T10:24:55.129+0000] {processor.py:183} INFO - Processing /opt/airflow/dags/youtube_analytics_dag.py took 1.054 seconds
[2026-03-11T10:25:25.805+0000] {processor.py:161} INFO - Started process (PID=309) to work on /opt/airflow/dags/youtube_analytics_dag.py
[2026-03-11T10:25:25.807+0000] {processor.py:830} INFO - Processing file /opt/airflow/dags/youtube_analytics_dag.py for tasks to queue
[2026-03-11T10:25:25.808+0000] {logging_mixin.py:188} INFO - [2026-03-11T10:25:25.808+0000] {dagbag.py:538} INFO - Filling up the DagBag from /opt/airflow/dags/youtube_analytics_dag.py
[2026-03-11T10:25:26.627+0000] {processor.py:840} INFO - DAG(s) 'youtube_analytics_pipeline' retrieved from /opt/airflow/dags/youtube_analytics_dag.py
[2026-03-11T10:25:26.738+0000] {logging_mixin.py:188} INFO - [2026-03-11T10:25:26.737+0000] {dag.py:3033} INFO - Sync 1 DAGs
[2026-03-11T10:25:26.793+0000] {logging_mixin.py:188} INFO - [2026-03-11T10:25:26.793+0000] {dag.py:3820} INFO - Setting next_dagrun for youtube_analytics_pipeline to 2026-03-11T00:00:00+00:00, run_after=2026-03-11T06:00:00+00:00
[2026-03-11T10:25:26.836+0000] {processor.py:183} INFO - Processing /opt/airflow/dags/youtube_analytics_dag.py took 1.037 seconds
[2026-03-11T10:25:57.578+0000] {processor.py:161} INFO - Started process (PID=330) to work on /opt/airflow/dags/youtube_analytics_dag.py
[2026-03-11T10:25:57.579+0000] {processor.py:830} INFO - Processing file /opt/airflow/dags/youtube_analytics_dag.py for tasks to queue
[2026-03-11T10:25:57.583+0000] {logging_mixin.py:188} INFO - [2026-03-11T10:25:57.582+0000] {dagbag.py:538} INFO - Filling up the DagBag from /opt/airflow/dags/youtube_analytics_dag.py
[2026-03-11T10:25:58.605+0000] {processor.py:840} INFO - DAG(s) 'youtube_analytics_pipeline' retrieved from /opt/airflow/dags/youtube_analytics_dag.py
[2026-03-11T10:25:58.786+0000] {logging_mixin.py:188} INFO - [2026-03-11T10:25:58.783+0000] {dag.py:3033} INFO - Sync 1 DAGs
[2026-03-11T10:25:58.896+0000] {logging_mixin.py:188} INFO - [2026-03-11T10:25:58.896+0000] {dag.py:3820} INFO - Setting next_dagrun for youtube_analytics_pipeline to 2026-03-11T00:00:00+00:00, run_after=2026-03-11T06:00:00+00:00
[2026-03-11T10:25:58.975+0000] {processor.py:183} INFO - Processing /opt/airflow/dags/youtube_analytics_dag.py took 1.409 seconds
[2026-03-11T10:26:29.107+0000] {processor.py:161} INFO - Started process (PID=351) to work on /opt/airflow/dags/youtube_analytics_dag.py
[2026-03-11T10:26:29.112+0000] {processor.py:830} INFO - Processing file /opt/airflow/dags/youtube_analytics_dag.py for tasks to queue
[2026-03-11T10:26:29.116+0000] {logging_mixin.py:188} INFO - [2026-03-11T10:26:29.115+0000] {dagbag.py:538} INFO - Filling up the DagBag from /opt/airflow/dags/youtube_analytics_dag.py
[2026-03-11T10:26:29.999+0000] {processor.py:840} INFO - DAG(s) 'youtube_analytics_pipeline' retrieved from /opt/airflow/dags/youtube_analytics_dag.py
[2026-03-11T10:26:30.101+0000] {logging_mixin.py:188} INFO - [2026-03-11T10:26:30.100+0000] {dag.py:3033} INFO - Sync 1 DAGs
[2026-03-11T10:26:30.206+0000] {logging_mixin.py:188} INFO - [2026-03-11T10:26:30.205+0000] {dag.py:3820} INFO - Setting next_dagrun for youtube_analytics_pipeline to 2026-03-11T00:00:00+00:00, run_after=2026-03-11T06:00:00+00:00
[2026-03-11T10:26:30.277+0000] {processor.py:183} INFO - Processing /opt/airflow/dags/youtube_analytics_dag.py took 1.177 seconds
[2026-03-11T10:27:00.901+0000] {processor.py:161} INFO - Started process (PID=372) to work on /opt/airflow/dags/youtube_analytics_dag.py
[2026-03-11T10:27:00.904+0000] {processor.py:830} INFO - Processing file /opt/airflow/dags/youtube_analytics_dag.py for tasks to queue
[2026-03-11T10:27:00.906+0000] {logging_mixin.py:188} INFO - [2026-03-11T10:27:00.905+0000] {dagbag.py:538} INFO - Filling up the DagBag from /opt/airflow/dags/youtube_analytics_dag.py
[2026-03-11T10:27:01.702+0000] {processor.py:840} INFO - DAG(s) 'youtube_analytics_pipeline' retrieved from /opt/airflow/dags/youtube_analytics_dag.py
[2026-03-11T10:27:01.771+0000] {logging_mixin.py:188} INFO - [2026-03-11T10:27:01.770+0000] {dag.py:3033} INFO - Sync 1 DAGs
[2026-03-11T10:27:01.820+0000] {logging_mixin.py:188} INFO - [2026-03-11T10:27:01.820+0000] {dag.py:3820} INFO - Setting next_dagrun for youtube_analytics_pipeline to 2026-03-11T00:00:00+00:00, run_after=2026-03-11T06:00:00+00:00
[2026-03-11T10:27:01.874+0000] {processor.py:183} INFO - Processing /opt/airflow/dags/youtube_analytics_dag.py took 0.979 seconds
[2026-03-11T10:27:32.069+0000] {processor.py:161} INFO - Started process (PID=393) to work on /opt/airflow/dags/youtube_analytics_dag.py
[2026-03-11T10:27:32.071+0000] {processor.py:830} INFO - Processing file /opt/airflow/dags/youtube_analytics_dag.py for tasks to queue
[2026-03-11T10:27:32.074+0000] {logging_mixin.py:188} INFO - [2026-03-11T10:27:32.072+0000] {dagbag.py:538} INFO - Filling up the DagBag from /opt/airflow/dags/youtube_analytics_dag.py
[2026-03-11T10:27:32.945+0000] {processor.py:840} INFO - DAG(s) 'youtube_analytics_pipeline' retrieved from /opt/airflow/dags/youtube_analytics_dag.py
[2026-03-11T10:27:33.040+0000] {logging_mixin.py:188} INFO - [2026-03-11T10:27:33.038+0000] {dag.py:3033} INFO - Sync 1 DAGs
[2026-03-11T10:27:33.118+0000] {logging_mixin.py:188} INFO - [2026-03-11T10:27:33.118+0000] {dag.py:3820} INFO - Setting next_dagrun for youtube_analytics_pipeline to 2026-03-11T00:00:00+00:00, run_after=2026-03-11T06:00:00+00:00
[2026-03-11T10:27:33.196+0000] {processor.py:183} INFO - Processing /opt/airflow/dags/youtube_analytics_dag.py took 1.134 seconds
[2026-03-11T10:28:03.962+0000] {processor.py:161} INFO - Started process (PID=414) to work on /opt/airflow/dags/youtube_analytics_dag.py
[2026-03-11T10:28:03.964+0000] {processor.py:830} INFO - Processing file /opt/airflow/dags/youtube_analytics_dag.py for tasks to queue
[2026-03-11T10:28:03.966+0000] {logging_mixin.py:188} INFO - [2026-03-11T10:28:03.966+0000] {dagbag.py:538} INFO - Filling up the DagBag from /opt/airflow/dags/youtube_analytics_dag.py
[2026-03-11T10:28:05.018+0000] {processor.py:840} INFO - DAG(s) 'youtube_analytics_pipeline' retrieved from /opt/airflow/dags/youtube_analytics_dag.py
[2026-03-11T10:28:05.122+0000] {logging_mixin.py:188} INFO - [2026-03-11T10:28:05.121+0000] {dag.py:3033} INFO - Sync 1 DAGs
[2026-03-11T10:28:05.204+0000] {logging_mixin.py:188} INFO - [2026-03-11T10:28:05.204+0000] {dag.py:3820} INFO - Setting next_dagrun for youtube_analytics_pipeline to 2026-03-11T00:00:00+00:00, run_after=2026-03-11T06:00:00+00:00
[2026-03-11T10:28:05.298+0000] {processor.py:183} INFO - Processing /opt/airflow/dags/youtube_analytics_dag.py took 1.350 seconds
[2026-03-11T10:28:35.810+0000] {processor.py:161} INFO - Started process (PID=435) to work on /opt/airflow/dags/youtube_analytics_dag.py
[2026-03-11T10:28:35.812+0000] {processor.py:830} INFO - Processing file /opt/airflow/dags/youtube_analytics_dag.py for tasks to queue
[2026-03-11T10:28:35.813+0000] {logging_mixin.py:188} INFO - [2026-03-11T10:28:35.813+0000] {dagbag.py:538} INFO - Filling up the DagBag from /opt/airflow/dags/youtube_analytics_dag.py
[2026-03-11T10:28:36.566+0000] {processor.py:840} INFO - DAG(s) 'youtube_analytics_pipeline' retrieved from /opt/airflow/dags/youtube_analytics_dag.py
[2026-03-11T10:28:36.658+0000] {logging_mixin.py:188} INFO - [2026-03-11T10:28:36.657+0000] {dag.py:3033} INFO - Sync 1 DAGs
[2026-03-11T10:28:36.747+0000] {logging_mixin.py:188} INFO - [2026-03-11T10:28:36.746+0000] {dag.py:3820} INFO - Setting next_dagrun for youtube_analytics_pipeline to 2026-03-11T00:00:00+00:00, run_after=2026-03-11T06:00:00+00:00
[2026-03-11T10:28:36.844+0000] {processor.py:183} INFO - Processing /opt/airflow/dags/youtube_analytics_dag.py took 1.042 seconds
[2026-03-11T10:29:07.496+0000] {processor.py:161} INFO - Started process (PID=456) to work on /opt/airflow/dags/youtube_analytics_dag.py
[2026-03-11T10:29:07.499+0000] {processor.py:830} INFO - Processing file /opt/airflow/dags/youtube_analytics_dag.py for tasks to queue
[2026-03-11T10:29:07.501+0000] {logging_mixin.py:188} INFO - [2026-03-11T10:29:07.501+0000] {dagbag.py:538} INFO - Filling up the DagBag from /opt/airflow/dags/youtube_analytics_dag.py
[2026-03-11T10:29:08.486+0000] {processor.py:840} INFO - DAG(s) 'youtube_analytics_pipeline' retrieved from /opt/airflow/dags/youtube_analytics_dag.py
[2026-03-11T10:29:08.607+0000] {logging_mixin.py:188} INFO - [2026-03-11T10:29:08.596+0000] {dag.py:3033} INFO - Sync 1 DAGs
[2026-03-11T10:29:08.697+0000] {logging_mixin.py:188} INFO - [2026-03-11T10:29:08.696+0000] {dag.py:3820} INFO - Setting next_dagrun for youtube_analytics_pipeline to 2026-03-11T00:00:00+00:00, run_after=2026-03-11T06:00:00+00:00
[2026-03-11T10:29:08.746+0000] {processor.py:183} INFO - Processing /opt/airflow/dags/youtube_analytics_dag.py took 1.260 seconds
[2026-03-11T10:29:39.269+0000] {processor.py:161} INFO - Started process (PID=477) to work on /opt/airflow/dags/youtube_analytics_dag.py
[2026-03-11T10:29:39.271+0000] {processor.py:830} INFO - Processing file /opt/airflow/dags/youtube_analytics_dag.py for tasks to queue
[2026-03-11T10:29:39.273+0000] {logging_mixin.py:188} INFO - [2026-03-11T10:29:39.273+0000] {dagbag.py:538} INFO - Filling up the DagBag from /opt/airflow/dags/youtube_analytics_dag.py
[2026-03-11T10:29:40.015+0000] {processor.py:840} INFO - DAG(s) 'youtube_analytics_pipeline' retrieved from /opt/airflow/dags/youtube_analytics_dag.py
[2026-03-11T10:29:40.104+0000] {logging_mixin.py:188} INFO - [2026-03-11T10:29:40.103+0000] {dag.py:3033} INFO - Sync 1 DAGs
[2026-03-11T10:29:40.170+0000] {logging_mixin.py:188} INFO - [2026-03-11T10:29:40.169+0000] {dag.py:3820} INFO - Setting next_dagrun for youtube_analytics_pipeline to 2026-03-11T00:00:00+00:00, run_after=2026-03-11T06:00:00+00:00
[2026-03-11T10:29:40.216+0000] {processor.py:183} INFO - Processing /opt/airflow/dags/youtube_analytics_dag.py took 0.956 seconds
[2026-03-11T10:30:10.282+0000] {processor.py:161} INFO - Started process (PID=498) to work on /opt/airflow/dags/youtube_analytics_dag.py
[2026-03-11T10:30:10.283+0000] {processor.py:830} INFO - Processing file /opt/airflow/dags/youtube_analytics_dag.py for tasks to queue
[2026-03-11T10:30:10.285+0000] {logging_mixin.py:188} INFO - [2026-03-11T10:30:10.284+0000] {dagbag.py:538} INFO - Filling up the DagBag from /opt/airflow/dags/youtube_analytics_dag.py
[2026-03-11T10:30:10.980+0000] {processor.py:840} INFO - DAG(s) 'youtube_analytics_pipeline' retrieved from /opt/airflow/dags/youtube_analytics_dag.py
[2026-03-11T10:30:11.051+0000] {logging_mixin.py:188} INFO - [2026-03-11T10:30:11.050+0000] {dag.py:3033} INFO - Sync 1 DAGs
[2026-03-11T10:30:11.116+0000] {logging_mixin.py:188} INFO - [2026-03-11T10:30:11.116+0000] {dag.py:3820} INFO - Setting next_dagrun for youtube_analytics_pipeline to 2026-03-11T00:00:00+00:00, run_after=2026-03-11T06:00:00+00:00
[2026-03-11T10:30:11.182+0000] {processor.py:183} INFO - Processing /opt/airflow/dags/youtube_analytics_dag.py took 0.907 seconds
[2026-03-11T10:30:41.811+0000] {processor.py:161} INFO - Started process (PID=519) to work on /opt/airflow/dags/youtube_analytics_dag.py
[2026-03-11T10:30:41.814+0000] {processor.py:830} INFO - Processing file /opt/airflow/dags/youtube_analytics_dag.py for tasks to queue
[2026-03-11T10:30:41.818+0000] {logging_mixin.py:188} INFO - [2026-03-11T10:30:41.816+0000] {dagbag.py:538} INFO - Filling up the DagBag from /opt/airflow/dags/youtube_analytics_dag.py
[2026-03-11T10:30:42.552+0000] {processor.py:840} INFO - DAG(s) 'youtube_analytics_pipeline' retrieved from /opt/airflow/dags/youtube_analytics_dag.py
[2026-03-11T10:30:42.617+0000] {logging_mixin.py:188} INFO - [2026-03-11T10:30:42.616+0000] {dag.py:3033} INFO - Sync 1 DAGs
[2026-03-11T10:30:42.702+0000] {logging_mixin.py:188} INFO - [2026-03-11T10:30:42.701+0000] {dag.py:3820} INFO - Setting next_dagrun for youtube_analytics_pipeline to 2026-03-11T00:00:00+00:00, run_after=2026-03-11T06:00:00+00:00
[2026-03-11T10:30:42.763+0000] {processor.py:183} INFO - Processing /opt/airflow/dags/youtube_analytics_dag.py took 0.962 seconds
[2026-03-11T10:31:12.845+0000] {processor.py:161} INFO - Started process (PID=540) to work on /opt/airflow/dags/youtube_analytics_dag.py
[2026-03-11T10:31:12.848+0000] {processor.py:830} INFO - Processing file /opt/airflow/dags/youtube_analytics_dag.py for tasks to queue
[2026-03-11T10:31:12.852+0000] {logging_mixin.py:188} INFO - [2026-03-11T10:31:12.851+0000] {dagbag.py:538} INFO - Filling up the DagBag from /opt/airflow/dags/youtube_analytics_dag.py
[2026-03-11T10:31:13.770+0000] {processor.py:840} INFO - DAG(s) 'youtube_analytics_pipeline' retrieved from /opt/airflow/dags/youtube_analytics_dag.py
[2026-03-11T10:31:13.862+0000] {logging_mixin.py:188} INFO - [2026-03-11T10:31:13.861+0000] {dag.py:3033} INFO - Sync 1 DAGs
[2026-03-11T10:31:13.971+0000] {logging_mixin.py:188} INFO - [2026-03-11T10:31:13.971+0000] {dag.py:3820} INFO - Setting next_dagrun for youtube_analytics_pipeline to 2026-03-11T00:00:00+00:00, run_after=2026-03-11T06:00:00+00:00
[2026-03-11T10:31:14.017+0000] {processor.py:183} INFO - Processing /opt/airflow/dags/youtube_analytics_dag.py took 1.183 seconds
[2026-03-11T10:31:44.618+0000] {processor.py:161} INFO - Started process (PID=561) to work on /opt/airflow/dags/youtube_analytics_dag.py
[2026-03-11T10:31:44.623+0000] {processor.py:830} INFO - Processing file /opt/airflow/dags/youtube_analytics_dag.py for tasks to queue
[2026-03-11T10:31:44.625+0000] {logging_mixin.py:188} INFO - [2026-03-11T10:31:44.624+0000] {dagbag.py:538} INFO - Filling up the DagBag from /opt/airflow/dags/youtube_analytics_dag.py
[2026-03-11T10:31:45.776+0000] {processor.py:840} INFO - DAG(s) 'youtube_analytics_pipeline' retrieved from /opt/airflow/dags/youtube_analytics_dag.py
[2026-03-11T10:31:45.887+0000] {logging_mixin.py:188} INFO - [2026-03-11T10:31:45.886+0000] {dag.py:3033} INFO - Sync 1 DAGs
[2026-03-11T10:31:46.006+0000] {logging_mixin.py:188} INFO - [2026-03-11T10:31:46.005+0000] {dag.py:3820} INFO - Setting next_dagrun for youtube_analytics_pipeline to 2026-03-11T00:00:00+00:00, run_after=2026-03-11T06:00:00+00:00
[2026-03-11T10:31:46.135+0000] {processor.py:183} INFO - Processing /opt/airflow/dags/youtube_analytics_dag.py took 1.528 seconds
[2026-03-11T10:32:16.645+0000] {processor.py:161} INFO - Started process (PID=582) to work on /opt/airflow/dags/youtube_analytics_dag.py
[2026-03-11T10:32:16.648+0000] {processor.py:830} INFO - Processing file /opt/airflow/dags/youtube_analytics_dag.py for tasks to queue
[2026-03-11T10:32:16.652+0000] {logging_mixin.py:188} INFO - [2026-03-11T10:32:16.651+0000] {dagbag.py:538} INFO - Filling up the DagBag from /opt/airflow/dags/youtube_analytics_dag.py
[2026-03-11T10:32:17.557+0000] {processor.py:840} INFO - DAG(s) 'youtube_analytics_pipeline' retrieved from /opt/airflow/dags/youtube_analytics_dag.py
[2026-03-11T10:32:17.646+0000] {logging_mixin.py:188} INFO - [2026-03-11T10:32:17.645+0000] {dag.py:3033} INFO - Sync 1 DAGs
[2026-03-11T10:32:17.753+0000] {logging_mixin.py:188} INFO - [2026-03-11T10:32:17.753+0000] {dag.py:3820} INFO - Setting next_dagrun for youtube_analytics_pipeline to 2026-03-11T00:00:00+00:00, run_after=2026-03-11T06:00:00+00:00
[2026-03-11T10:32:18.155+0000] {processor.py:183} INFO - Processing /opt/airflow/dags/youtube_analytics_dag.py took 1.525 seconds
[2026-03-11T10:32:48.693+0000] {processor.py:161} INFO - Started process (PID=603) to work on /opt/airflow/dags/youtube_analytics_dag.py
[2026-03-11T10:32:48.695+0000] {processor.py:830} INFO - Processing file /opt/airflow/dags/youtube_analytics_dag.py for tasks to queue
[2026-03-11T10:32:48.698+0000] {logging_mixin.py:188} INFO - [2026-03-11T10:32:48.697+0000] {dagbag.py:538} INFO - Filling up the DagBag from /opt/airflow/dags/youtube_analytics_dag.py
[2026-03-11T10:32:49.554+0000] {processor.py:840} INFO - DAG(s) 'youtube_analytics_pipeline' retrieved from /opt/airflow/dags/youtube_analytics_dag.py
[2026-03-11T10:32:49.636+0000] {logging_mixin.py:188} INFO - [2026-03-11T10:32:49.635+0000] {dag.py:3033} INFO - Sync 1 DAGs
[2026-03-11T10:32:49.715+0000] {logging_mixin.py:188} INFO - [2026-03-11T10:32:49.714+0000] {dag.py:3820} INFO - Setting next_dagrun for youtube_analytics_pipeline to 2026-03-11T00:00:00+00:00, run_after=2026-03-11T06:00:00+00:00
[2026-03-11T10:32:49.769+0000] {processor.py:183} INFO - Processing /opt/airflow/dags/youtube_analytics_dag.py took 1.084 seconds
[2026-03-11T10:33:20.419+0000] {processor.py:161} INFO - Started process (PID=624) to work on /opt/airflow/dags/youtube_analytics_dag.py
[2026-03-11T10:33:20.422+0000] {processor.py:830} INFO - Processing file /opt/airflow/dags/youtube_analytics_dag.py for tasks to queue
[2026-03-11T10:33:20.426+0000] {logging_mixin.py:188} INFO - [2026-03-11T10:33:20.425+0000] {dagbag.py:538} INFO - Filling up the DagBag from /opt/airflow/dags/youtube_analytics_dag.py
[2026-03-11T10:33:21.135+0000] {processor.py:840} INFO - DAG(s) 'youtube_analytics_pipeline' retrieved from /opt/airflow/dags/youtube_analytics_dag.py
[2026-03-11T10:33:21.227+0000] {logging_mixin.py:188} INFO - [2026-03-11T10:33:21.225+0000] {dag.py:3033} INFO - Sync 1 DAGs
[2026-03-11T10:33:21.300+0000] {logging_mixin.py:188} INFO - [2026-03-11T10:33:21.300+0000] {dag.py:3820} INFO - Setting next_dagrun for youtube_analytics_pipeline to 2026-03-11T00:00:00+00:00, run_after=2026-03-11T06:00:00+00:00
[2026-03-11T10:33:21.350+0000] {processor.py:183} INFO - Processing /opt/airflow/dags/youtube_analytics_dag.py took 0.943 seconds
[2026-03-11T10:33:51.536+0000] {processor.py:161} INFO - Started process (PID=645) to work on /opt/airflow/dags/youtube_analytics_dag.py
[2026-03-11T10:33:51.538+0000] {processor.py:830} INFO - Processing file /opt/airflow/dags/youtube_analytics_dag.py for tasks to queue
[2026-03-11T10:33:51.540+0000] {logging_mixin.py:188} INFO - [2026-03-11T10:33:51.539+0000] {dagbag.py:538} INFO - Filling up the DagBag from /opt/airflow/dags/youtube_analytics_dag.py
[2026-03-11T10:33:52.729+0000] {processor.py:840} INFO - DAG(s) 'youtube_analytics_pipeline' retrieved from /opt/airflow/dags/youtube_analytics_dag.py
[2026-03-11T10:33:52.822+0000] {logging_mixin.py:188} INFO - [2026-03-11T10:33:52.822+0000] {dag.py:3033} INFO - Sync 1 DAGs
[2026-03-11T10:33:52.870+0000] {logging_mixin.py:188} INFO - [2026-03-11T10:33:52.869+0000] {dag.py:3820} INFO - Setting next_dagrun for youtube_analytics_pipeline to 2026-03-11T00:00:00+00:00, run_after=2026-03-11T06:00:00+00:00
[2026-03-11T10:33:52.920+0000] {processor.py:183} INFO - Processing /opt/airflow/dags/youtube_analytics_dag.py took 1.393 seconds
[2026-03-11T10:34:22.985+0000] {processor.py:161} INFO - Started process (PID=666) to work on /opt/airflow/dags/youtube_analytics_dag.py
[2026-03-11T10:34:22.987+0000] {processor.py:830} INFO - Processing file /opt/airflow/dags/youtube_analytics_dag.py for tasks to queue
[2026-03-11T10:34:22.989+0000] {logging_mixin.py:188} INFO - [2026-03-11T10:34:22.988+0000] {dagbag.py:538} INFO - Filling up the DagBag from /opt/airflow/dags/youtube_analytics_dag.py
[2026-03-11T10:34:23.693+0000] {processor.py:840} INFO - DAG(s) 'youtube_analytics_pipeline' retrieved from /opt/airflow/dags/youtube_analytics_dag.py
[2026-03-11T10:34:23.781+0000] {logging_mixin.py:188} INFO - [2026-03-11T10:34:23.780+0000] {dag.py:3033} INFO - Sync 1 DAGs
[2026-03-11T10:34:23.905+0000] {logging_mixin.py:188} INFO - [2026-03-11T10:34:23.904+0000] {dag.py:3820} INFO - Setting next_dagrun for youtube_analytics_pipeline to 2026-03-11T00:00:00+00:00, run_after=2026-03-11T06:00:00+00:00
[2026-03-11T10:34:23.989+0000] {processor.py:183} INFO - Processing /opt/airflow/dags/youtube_analytics_dag.py took 1.011 seconds
[2026-03-11T10:34:54.424+0000] {processor.py:161} INFO - Started process (PID=687) to work on /opt/airflow/dags/youtube_analytics_dag.py
[2026-03-11T10:34:54.429+0000] {processor.py:830} INFO - Processing file /opt/airflow/dags/youtube_analytics_dag.py for tasks to queue
[2026-03-11T10:34:54.432+0000] {logging_mixin.py:188} INFO - [2026-03-11T10:34:54.431+0000] {dagbag.py:538} INFO - Filling up the DagBag from /opt/airflow/dags/youtube_analytics_dag.py
[2026-03-11T10:34:55.852+0000] {processor.py:840} INFO - DAG(s) 'youtube_analytics_pipeline' retrieved from /opt/airflow/dags/youtube_analytics_dag.py
[2026-03-11T10:34:55.960+0000] {logging_mixin.py:188} INFO - [2026-03-11T10:34:55.958+0000] {dag.py:3033} INFO - Sync 1 DAGs
[2026-03-11T10:34:56.068+0000] {logging_mixin.py:188} INFO - [2026-03-11T10:34:56.067+0000] {dag.py:3820} INFO - Setting next_dagrun for youtube_analytics_pipeline to 2026-03-11T00:00:00+00:00, run_after=2026-03-11T06:00:00+00:00
[2026-03-11T10:34:56.531+0000] {processor.py:183} INFO - Processing /opt/airflow/dags/youtube_analytics_dag.py took 2.120 seconds
[2026-03-11T10:35:26.901+0000] {processor.py:161} INFO - Started process (PID=708) to work on /opt/airflow/dags/youtube_analytics_dag.py
[2026-03-11T10:35:26.905+0000] {processor.py:830} INFO - Processing file /opt/airflow/dags/youtube_analytics_dag.py for tasks to queue
[2026-03-11T10:35:26.910+0000] {logging_mixin.py:188} INFO - [2026-03-11T10:35:26.909+0000] {dagbag.py:538} INFO - Filling up the DagBag from /opt/airflow/dags/youtube_analytics_dag.py
[2026-03-11T10:35:28.171+0000] {processor.py:840} INFO - DAG(s) 'youtube_analytics_pipeline' retrieved from /opt/airflow/dags/youtube_analytics_dag.py
[2026-03-11T10:35:28.305+0000] {logging_mixin.py:188} INFO - [2026-03-11T10:35:28.303+0000] {dag.py:3033} INFO - Sync 1 DAGs
[2026-03-11T10:35:28.408+0000] {logging_mixin.py:188} INFO - [2026-03-11T10:35:28.407+0000] {dag.py:3820} INFO - Setting next_dagrun for youtube_analytics_pipeline to 2026-03-11T00:00:00+00:00, run_after=2026-03-11T06:00:00+00:00
[2026-03-11T10:35:28.488+0000] {processor.py:183} INFO - Processing /opt/airflow/dags/youtube_analytics_dag.py took 1.614 seconds
[2026-03-11T10:35:58.926+0000] {processor.py:161} INFO - Started process (PID=729) to work on /opt/airflow/dags/youtube_analytics_dag.py
[2026-03-11T10:35:58.929+0000] {processor.py:830} INFO - Processing file /opt/airflow/dags/youtube_analytics_dag.py for tasks to queue
[2026-03-11T10:35:58.933+0000] {logging_mixin.py:188} INFO - [2026-03-11T10:35:58.931+0000] {dagbag.py:538} INFO - Filling up the DagBag from /opt/airflow/dags/youtube_analytics_dag.py
[2026-03-11T10:36:00.385+0000] {processor.py:840} INFO - DAG(s) 'youtube_analytics_pipeline' retrieved from /opt/airflow/dags/youtube_analytics_dag.py
[2026-03-11T10:36:00.543+0000] {logging_mixin.py:188} INFO - [2026-03-11T10:36:00.540+0000] {dag.py:3033} INFO - Sync 1 DAGs
[2026-03-11T10:36:01.296+0000] {logging_mixin.py:188} INFO - [2026-03-11T10:36:01.296+0000] {dag.py:3820} INFO - Setting next_dagrun for youtube_analytics_pipeline to 2026-03-11T00:00:00+00:00, run_after=2026-03-11T06:00:00+00:00
[2026-03-11T10:36:01.404+0000] {processor.py:183} INFO - Processing /opt/airflow/dags/youtube_analytics_dag.py took 2.494 seconds
[2026-03-11T10:36:31.907+0000] {processor.py:161} INFO - Started process (PID=750) to work on /opt/airflow/dags/youtube_analytics_dag.py
[2026-03-11T10:36:31.910+0000] {processor.py:830} INFO - Processing file /opt/airflow/dags/youtube_analytics_dag.py for tasks to queue
[2026-03-11T10:36:31.913+0000] {logging_mixin.py:188} INFO - [2026-03-11T10:36:31.912+0000] {dagbag.py:538} INFO - Filling up the DagBag from /opt/airflow/dags/youtube_analytics_dag.py
[2026-03-11T10:36:32.849+0000] {processor.py:840} INFO - DAG(s) 'youtube_analytics_pipeline' retrieved from /opt/airflow/dags/youtube_analytics_dag.py
[2026-03-11T10:36:32.936+0000] {logging_mixin.py:188} INFO - [2026-03-11T10:36:32.935+0000] {dag.py:3033} INFO - Sync 1 DAGs
[2026-03-11T10:36:33.004+0000] {logging_mixin.py:188} INFO - [2026-03-11T10:36:33.003+0000] {dag.py:3820} INFO - Setting next_dagrun for youtube_analytics_pipeline to 2026-03-11T00:00:00+00:00, run_after=2026-03-11T06:00:00+00:00
[2026-03-11T10:36:33.055+0000] {processor.py:183} INFO - Processing /opt/airflow/dags/youtube_analytics_dag.py took 1.163 seconds
[2026-03-11T10:37:03.464+0000] {processor.py:161} INFO - Started process (PID=771) to work on /opt/airflow/dags/youtube_analytics_dag.py
[2026-03-11T10:37:03.467+0000] {processor.py:830} INFO - Processing file /opt/airflow/dags/youtube_analytics_dag.py for tasks to queue
[2026-03-11T10:37:03.469+0000] {logging_mixin.py:188} INFO - [2026-03-11T10:37:03.469+0000] {dagbag.py:538} INFO - Filling up the DagBag from /opt/airflow/dags/youtube_analytics_dag.py
[2026-03-11T10:37:04.411+0000] {processor.py:840} INFO - DAG(s) 'youtube_analytics_pipeline' retrieved from /opt/airflow/dags/youtube_analytics_dag.py
[2026-03-11T10:37:04.512+0000] {logging_mixin.py:188} INFO - [2026-03-11T10:37:04.511+0000] {dag.py:3033} INFO - Sync 1 DAGs
[2026-03-11T10:37:04.997+0000] {logging_mixin.py:188} INFO - [2026-03-11T10:37:04.997+0000] {dag.py:3820} INFO - Setting next_dagrun for youtube_analytics_pipeline to 2026-03-11T00:00:00+00:00, run_after=2026-03-11T06:00:00+00:00
[2026-03-11T10:37:05.058+0000] {processor.py:183} INFO - Processing /opt/airflow/dags/youtube_analytics_dag.py took 1.606 seconds
[2026-03-11T10:37:35.380+0000] {processor.py:161} INFO - Started process (PID=792) to work on /opt/airflow/dags/youtube_analytics_dag.py
[2026-03-11T10:37:35.383+0000] {processor.py:830} INFO - Processing file /opt/airflow/dags/youtube_analytics_dag.py for tasks to queue
[2026-03-11T10:37:35.387+0000] {logging_mixin.py:188} INFO - [2026-03-11T10:37:35.386+0000] {dagbag.py:538} INFO - Filling up the DagBag from /opt/airflow/dags/youtube_analytics_dag.py
[2026-03-11T10:37:36.532+0000] {processor.py:840} INFO - DAG(s) 'youtube_analytics_pipeline' retrieved from /opt/airflow/dags/youtube_analytics_dag.py
[2026-03-11T10:37:36.652+0000] {logging_mixin.py:188} INFO - [2026-03-11T10:37:36.649+0000] {dag.py:3033} INFO - Sync 1 DAGs
[2026-03-11T10:37:36.788+0000] {logging_mixin.py:188} INFO - [2026-03-11T10:37:36.787+0000] {dag.py:3820} INFO - Setting next_dagrun for youtube_analytics_pipeline to 2026-03-11T00:00:00+00:00, run_after=2026-03-11T06:00:00+00:00
[2026-03-11T10:37:36.895+0000] {processor.py:183} INFO - Processing /opt/airflow/dags/youtube_analytics_dag.py took 1.528 seconds
[2026-03-11T10:38:07.196+0000] {processor.py:161} INFO - Started process (PID=813) to work on /opt/airflow/dags/youtube_analytics_dag.py
[2026-03-11T10:38:07.199+0000] {processor.py:830} INFO - Processing file /opt/airflow/dags/youtube_analytics_dag.py for tasks to queue
[2026-03-11T10:38:07.204+0000] {logging_mixin.py:188} INFO - [2026-03-11T10:38:07.201+0000] {dagbag.py:538} INFO - Filling up the DagBag from /opt/airflow/dags/youtube_analytics_dag.py
[2026-03-11T10:38:08.534+0000] {processor.py:840} INFO - DAG(s) 'youtube_analytics_pipeline' retrieved from /opt/airflow/dags/youtube_analytics_dag.py
[2026-03-11T10:38:09.117+0000] {logging_mixin.py:188} INFO - [2026-03-11T10:38:09.115+0000] {dag.py:3033} INFO - Sync 1 DAGs
[2026-03-11T10:38:09.279+0000] {logging_mixin.py:188} INFO - [2026-03-11T10:38:09.278+0000] {dag.py:3820} INFO - Setting next_dagrun for youtube_analytics_pipeline to 2026-03-11T00:00:00+00:00, run_after=2026-03-11T06:00:00+00:00
[2026-03-11T10:38:09.404+0000] {processor.py:183} INFO - Processing /opt/airflow/dags/youtube_analytics_dag.py took 2.222 seconds
[2026-03-11T10:38:39.752+0000] {processor.py:161} INFO - Started process (PID=844) to work on /opt/airflow/dags/youtube_analytics_dag.py
[2026-03-11T10:38:39.755+0000] {processor.py:830} INFO - Processing file /opt/airflow/dags/youtube_analytics_dag.py for tasks to queue
[2026-03-11T10:38:39.757+0000] {logging_mixin.py:188} INFO - [2026-03-11T10:38:39.756+0000] {dagbag.py:538} INFO - Filling up the DagBag from /opt/airflow/dags/youtube_analytics_dag.py
[2026-03-11T10:38:40.771+0000] {processor.py:840} INFO - DAG(s) 'youtube_analytics_pipeline' retrieved from /opt/airflow/dags/youtube_analytics_dag.py
[2026-03-11T10:38:40.867+0000] {logging_mixin.py:188} INFO - [2026-03-11T10:38:40.866+0000] {dag.py:3033} INFO - Sync 1 DAGs
[2026-03-11T10:38:41.284+0000] {logging_mixin.py:188} INFO - [2026-03-11T10:38:41.283+0000] {dag.py:3820} INFO - Setting next_dagrun for youtube_analytics_pipeline to 2026-03-11T00:00:00+00:00, run_after=2026-03-11T06:00:00+00:00
[2026-03-11T10:38:41.349+0000] {processor.py:183} INFO - Processing /opt/airflow/dags/youtube_analytics_dag.py took 1.605 seconds
[2026-03-11T10:39:11.627+0000] {processor.py:161} INFO - Started process (PID=865) to work on /opt/airflow/dags/youtube_analytics_dag.py
[2026-03-11T10:39:11.630+0000] {processor.py:830} INFO - Processing file /opt/airflow/dags/youtube_analytics_dag.py for tasks to queue
[2026-03-11T10:39:11.634+0000] {logging_mixin.py:188} INFO - [2026-03-11T10:39:11.633+0000] {dagbag.py:538} INFO - Filling up the DagBag from /opt/airflow/dags/youtube_analytics_dag.py
[2026-03-11T10:39:12.692+0000] {processor.py:840} INFO - DAG(s) 'youtube_analytics_pipeline' retrieved from /opt/airflow/dags/youtube_analytics_dag.py
[2026-03-11T10:39:12.814+0000] {logging_mixin.py:188} INFO - [2026-03-11T10:39:12.813+0000] {dag.py:3033} INFO - Sync 1 DAGs
[2026-03-11T10:39:12.960+0000] {logging_mixin.py:188} INFO - [2026-03-11T10:39:12.960+0000] {dag.py:3820} INFO - Setting next_dagrun for youtube_analytics_pipeline to 2026-03-11T00:00:00+00:00, run_after=2026-03-11T06:00:00+00:00
[2026-03-11T10:39:13.496+0000] {processor.py:183} INFO - Processing /opt/airflow/dags/youtube_analytics_dag.py took 1.887 seconds
[2026-03-11T10:39:43.830+0000] {processor.py:161} INFO - Started process (PID=886) to work on /opt/airflow/dags/youtube_analytics_dag.py
[2026-03-11T10:39:43.835+0000] {processor.py:830} INFO - Processing file /opt/airflow/dags/youtube_analytics_dag.py for tasks to queue
[2026-03-11T10:39:43.838+0000] {logging_mixin.py:188} INFO - [2026-03-11T10:39:43.837+0000] {dagbag.py:538} INFO - Filling up the DagBag from /opt/airflow/dags/youtube_analytics_dag.py
[2026-03-11T10:39:45.264+0000] {processor.py:840} INFO - DAG(s) 'youtube_analytics_pipeline' retrieved from /opt/airflow/dags/youtube_analytics_dag.py
[2026-03-11T10:39:45.970+0000] {logging_mixin.py:188} INFO - [2026-03-11T10:39:45.968+0000] {dag.py:3033} INFO - Sync 1 DAGs
[2026-03-11T10:39:46.113+0000] {logging_mixin.py:188} INFO - [2026-03-11T10:39:46.113+0000] {dag.py:3820} INFO - Setting next_dagrun for youtube_analytics_pipeline to 2026-03-11T00:00:00+00:00, run_after=2026-03-11T06:00:00+00:00
[2026-03-11T10:39:46.192+0000] {processor.py:183} INFO - Processing /opt/airflow/dags/youtube_analytics_dag.py took 2.379 seconds
[2026-03-11T10:40:16.566+0000] {processor.py:161} INFO - Started process (PID=912) to work on /opt/airflow/dags/youtube_analytics_dag.py
[2026-03-11T10:40:16.570+0000] {processor.py:830} INFO - Processing file /opt/airflow/dags/youtube_analytics_dag.py for tasks to queue
[2026-03-11T10:40:16.575+0000] {logging_mixin.py:188} INFO - [2026-03-11T10:40:16.574+0000] {dagbag.py:538} INFO - Filling up the DagBag from /opt/airflow/dags/youtube_analytics_dag.py
[2026-03-11T10:40:17.875+0000] {processor.py:840} INFO - DAG(s) 'youtube_analytics_pipeline' retrieved from /opt/airflow/dags/youtube_analytics_dag.py
[2026-03-11T10:40:18.007+0000] {logging_mixin.py:188} INFO - [2026-03-11T10:40:18.005+0000] {dag.py:3033} INFO - Sync 1 DAGs
[2026-03-11T10:40:18.587+0000] {logging_mixin.py:188} INFO - [2026-03-11T10:40:18.586+0000] {dag.py:3820} INFO - Setting next_dagrun for youtube_analytics_pipeline to 2026-03-11T00:00:00+00:00, run_after=2026-03-11T06:00:00+00:00
[2026-03-11T10:40:18.652+0000] {processor.py:183} INFO - Processing /opt/airflow/dags/youtube_analytics_dag.py took 2.102 seconds
[2026-03-11T10:40:49.405+0000] {processor.py:161} INFO - Started process (PID=933) to work on /opt/airflow/dags/youtube_analytics_dag.py
[2026-03-11T10:40:49.408+0000] {processor.py:830} INFO - Processing file /opt/airflow/dags/youtube_analytics_dag.py for tasks to queue
[2026-03-11T10:40:49.411+0000] {logging_mixin.py:188} INFO - [2026-03-11T10:40:49.410+0000] {dagbag.py:538} INFO - Filling up the DagBag from /opt/airflow/dags/youtube_analytics_dag.py
[2026-03-11T10:40:50.738+0000] {processor.py:840} INFO - DAG(s) 'youtube_analytics_pipeline' retrieved from /opt/airflow/dags/youtube_analytics_dag.py
[2026-03-11T10:40:50.916+0000] {logging_mixin.py:188} INFO - [2026-03-11T10:40:50.914+0000] {dag.py:3033} INFO - Sync 1 DAGs
[2026-03-11T10:40:51.005+0000] {logging_mixin.py:188} INFO - [2026-03-11T10:40:51.004+0000] {dag.py:3820} INFO - Setting next_dagrun for youtube_analytics_pipeline to 2026-03-11T00:00:00+00:00, run_after=2026-03-11T06:00:00+00:00
[2026-03-11T10:40:51.095+0000] {processor.py:183} INFO - Processing /opt/airflow/dags/youtube_analytics_dag.py took 1.699 seconds
[2026-03-11T10:41:21.975+0000] {processor.py:161} INFO - Started process (PID=954) to work on /opt/airflow/dags/youtube_analytics_dag.py
[2026-03-11T10:41:21.978+0000] {processor.py:830} INFO - Processing file /opt/airflow/dags/youtube_analytics_dag.py for tasks to queue
[2026-03-11T10:41:21.981+0000] {logging_mixin.py:188} INFO - [2026-03-11T10:41:21.980+0000] {dagbag.py:538} INFO - Filling up the DagBag from /opt/airflow/dags/youtube_analytics_dag.py
[2026-03-11T10:41:23.476+0000] {processor.py:840} INFO - DAG(s) 'youtube_analytics_pipeline' retrieved from /opt/airflow/dags/youtube_analytics_dag.py
[2026-03-11T10:41:23.582+0000] {logging_mixin.py:188} INFO - [2026-03-11T10:41:23.581+0000] {dag.py:3033} INFO - Sync 1 DAGs
[2026-03-11T10:41:23.668+0000] {logging_mixin.py:188} INFO - [2026-03-11T10:41:23.667+0000] {dag.py:3820} INFO - Setting next_dagrun for youtube_analytics_pipeline to 2026-03-11T00:00:00+00:00, run_after=2026-03-11T06:00:00+00:00
[2026-03-11T10:41:23.730+0000] {processor.py:183} INFO - Processing /opt/airflow/dags/youtube_analytics_dag.py took 1.768 seconds
[2026-03-11T10:41:54.050+0000] {processor.py:161} INFO - Started process (PID=975) to work on /opt/airflow/dags/youtube_analytics_dag.py
[2026-03-11T10:41:54.053+0000] {processor.py:830} INFO - Processing file /opt/airflow/dags/youtube_analytics_dag.py for tasks to queue
[2026-03-11T10:41:54.057+0000] {logging_mixin.py:188} INFO - [2026-03-11T10:41:54.055+0000] {dagbag.py:538} INFO - Filling up the DagBag from /opt/airflow/dags/youtube_analytics_dag.py
[2026-03-11T10:41:55.946+0000] {processor.py:840} INFO - DAG(s) 'youtube_analytics_pipeline' retrieved from /opt/airflow/dags/youtube_analytics_dag.py
[2026-03-11T10:41:56.099+0000] {logging_mixin.py:188} INFO - [2026-03-11T10:41:56.097+0000] {dag.py:3033} INFO - Sync 1 DAGs
[2026-03-11T10:41:56.222+0000] {logging_mixin.py:188} INFO - [2026-03-11T10:41:56.221+0000] {dag.py:3820} INFO - Setting next_dagrun for youtube_analytics_pipeline to 2026-03-11T00:00:00+00:00, run_after=2026-03-11T06:00:00+00:00
[2026-03-11T10:41:56.332+0000] {processor.py:183} INFO - Processing /opt/airflow/dags/youtube_analytics_dag.py took 2.300 seconds
[2026-03-11T10:42:26.560+0000] {processor.py:161} INFO - Started process (PID=996) to work on /opt/airflow/dags/youtube_analytics_dag.py
[2026-03-11T10:42:26.562+0000] {processor.py:830} INFO - Processing file /opt/airflow/dags/youtube_analytics_dag.py for tasks to queue
[2026-03-11T10:42:26.563+0000] {logging_mixin.py:188} INFO - [2026-03-11T10:42:26.563+0000] {dagbag.py:538} INFO - Filling up the DagBag from /opt/airflow/dags/youtube_analytics_dag.py
[2026-03-11T10:42:27.850+0000] {processor.py:840} INFO - DAG(s) 'youtube_analytics_pipeline' retrieved from /opt/airflow/dags/youtube_analytics_dag.py
[2026-03-11T10:42:27.962+0000] {logging_mixin.py:188} INFO - [2026-03-11T10:42:27.961+0000] {dag.py:3033} INFO - Sync 1 DAGs
[2026-03-11T10:42:28.053+0000] {logging_mixin.py:188} INFO - [2026-03-11T10:42:28.053+0000] {dag.py:3820} INFO - Setting next_dagrun for youtube_analytics_pipeline to 2026-03-11T00:00:00+00:00, run_after=2026-03-11T06:00:00+00:00
[2026-03-11T10:42:28.114+0000] {processor.py:183} INFO - Processing /opt/airflow/dags/youtube_analytics_dag.py took 1.561 seconds
[2026-03-11T10:42:58.313+0000] {processor.py:161} INFO - Started process (PID=1017) to work on /opt/airflow/dags/youtube_analytics_dag.py
[2026-03-11T10:42:58.316+0000] {processor.py:830} INFO - Processing file /opt/airflow/dags/youtube_analytics_dag.py for tasks to queue
[2026-03-11T10:42:58.320+0000] {logging_mixin.py:188} INFO - [2026-03-11T10:42:58.318+0000] {dagbag.py:538} INFO - Filling up the DagBag from /opt/airflow/dags/youtube_analytics_dag.py
[2026-03-11T10:42:59.689+0000] {processor.py:840} INFO - DAG(s) 'youtube_analytics_pipeline' retrieved from /opt/airflow/dags/youtube_analytics_dag.py
[2026-03-11T10:42:59.800+0000] {logging_mixin.py:188} INFO - [2026-03-11T10:42:59.799+0000] {dag.py:3033} INFO - Sync 1 DAGs
[2026-03-11T10:42:59.903+0000] {logging_mixin.py:188} INFO - [2026-03-11T10:42:59.902+0000] {dag.py:3820} INFO - Setting next_dagrun for youtube_analytics_pipeline to 2026-03-11T00:00:00+00:00, run_after=2026-03-11T06:00:00+00:00
[2026-03-11T10:42:59.967+0000] {processor.py:183} INFO - Processing /opt/airflow/dags/youtube_analytics_dag.py took 1.666 seconds
[2026-03-11T10:43:30.896+0000] {processor.py:161} INFO - Started process (PID=1038) to work on /opt/airflow/dags/youtube_analytics_dag.py
[2026-03-11T10:43:30.900+0000] {processor.py:830} INFO - Processing file /opt/airflow/dags/youtube_analytics_dag.py for tasks to queue
[2026-03-11T10:43:30.906+0000] {logging_mixin.py:188} INFO - [2026-03-11T10:43:30.902+0000] {dagbag.py:538} INFO - Filling up the DagBag from /opt/airflow/dags/youtube_analytics_dag.py
[2026-03-11T10:43:32.634+0000] {processor.py:840} INFO - DAG(s) 'youtube_analytics_pipeline' retrieved from /opt/airflow/dags/youtube_analytics_dag.py
[2026-03-11T10:43:32.802+0000] {logging_mixin.py:188} INFO - [2026-03-11T10:43:32.799+0000] {dag.py:3033} INFO - Sync 1 DAGs
[2026-03-11T10:43:32.952+0000] {logging_mixin.py:188} INFO - [2026-03-11T10:43:32.951+0000] {dag.py:3820} INFO - Setting next_dagrun for youtube_analytics_pipeline to 2026-03-11T00:00:00+00:00, run_after=2026-03-11T06:00:00+00:00
[2026-03-11T10:43:33.031+0000] {processor.py:183} INFO - Processing /opt/airflow/dags/youtube_analytics_dag.py took 2.147 seconds
[2026-03-11T10:44:03.288+0000] {processor.py:161} INFO - Started process (PID=1059) to work on /opt/airflow/dags/youtube_analytics_dag.py
[2026-03-11T10:44:03.292+0000] {processor.py:830} INFO - Processing file /opt/airflow/dags/youtube_analytics_dag.py for tasks to queue
[2026-03-11T10:44:03.301+0000] {logging_mixin.py:188} INFO - [2026-03-11T10:44:03.297+0000] {dagbag.py:538} INFO - Filling up the DagBag from /opt/airflow/dags/youtube_analytics_dag.py
[2026-03-11T10:44:05.613+0000] {processor.py:840} INFO - DAG(s) 'youtube_analytics_pipeline' retrieved from /opt/airflow/dags/youtube_analytics_dag.py
[2026-03-11T10:44:05.832+0000] {logging_mixin.py:188} INFO - [2026-03-11T10:44:05.830+0000] {dag.py:3033} INFO - Sync 1 DAGs
[2026-03-11T10:44:06.061+0000] {logging_mixin.py:188} INFO - [2026-03-11T10:44:06.061+0000] {dag.py:3820} INFO - Setting next_dagrun for youtube_analytics_pipeline to 2026-03-11T00:00:00+00:00, run_after=2026-03-11T06:00:00+00:00
[2026-03-11T10:44:06.181+0000] {processor.py:183} INFO - Processing /opt/airflow/dags/youtube_analytics_dag.py took 2.907 seconds
[2026-03-11T10:44:37.179+0000] {processor.py:161} INFO - Started process (PID=1080) to work on /opt/airflow/dags/youtube_analytics_dag.py
[2026-03-11T10:44:37.186+0000] {processor.py:830} INFO - Processing file /opt/airflow/dags/youtube_analytics_dag.py for tasks to queue
[2026-03-11T10:44:37.192+0000] {logging_mixin.py:188} INFO - [2026-03-11T10:44:37.190+0000] {dagbag.py:538} INFO - Filling up the DagBag from /opt/airflow/dags/youtube_analytics_dag.py
[2026-03-11T10:44:39.441+0000] {processor.py:840} INFO - DAG(s) 'youtube_analytics_pipeline' retrieved from /opt/airflow/dags/youtube_analytics_dag.py
[2026-03-11T10:44:39.643+0000] {logging_mixin.py:188} INFO - [2026-03-11T10:44:39.639+0000] {dag.py:3033} INFO - Sync 1 DAGs
[2026-03-11T10:44:39.819+0000] {logging_mixin.py:188} INFO - [2026-03-11T10:44:39.818+0000] {dag.py:3820} INFO - Setting next_dagrun for youtube_analytics_pipeline to 2026-03-11T00:00:00+00:00, run_after=2026-03-11T06:00:00+00:00
[2026-03-11T10:44:39.986+0000] {processor.py:183} INFO - Processing /opt/airflow/dags/youtube_analytics_dag.py took 2.823 seconds
[2026-03-11T10:45:10.422+0000] {processor.py:161} INFO - Started process (PID=1101) to work on /opt/airflow/dags/youtube_analytics_dag.py
[2026-03-11T10:45:10.427+0000] {processor.py:830} INFO - Processing file /opt/airflow/dags/youtube_analytics_dag.py for tasks to queue
[2026-03-11T10:45:10.431+0000] {logging_mixin.py:188} INFO - [2026-03-11T10:45:10.429+0000] {dagbag.py:538} INFO - Filling up the DagBag from /opt/airflow/dags/youtube_analytics_dag.py
[2026-03-11T10:45:13.232+0000] {processor.py:840} INFO - DAG(s) 'youtube_analytics_pipeline' retrieved from /opt/airflow/dags/youtube_analytics_dag.py
[2026-03-11T10:45:13.408+0000] {logging_mixin.py:188} INFO - [2026-03-11T10:45:13.405+0000] {dag.py:3033} INFO - Sync 1 DAGs
[2026-03-11T10:45:13.540+0000] {logging_mixin.py:188} INFO - [2026-03-11T10:45:13.539+0000] {dag.py:3820} INFO - Setting next_dagrun for youtube_analytics_pipeline to 2026-03-11T00:00:00+00:00, run_after=2026-03-11T06:00:00+00:00
[2026-03-11T10:45:13.643+0000] {processor.py:183} INFO - Processing /opt/airflow/dags/youtube_analytics_dag.py took 3.238 seconds
[2026-03-11T10:45:44.001+0000] {processor.py:161} INFO - Started process (PID=1122) to work on /opt/airflow/dags/youtube_analytics_dag.py
[2026-03-11T10:45:44.005+0000] {processor.py:830} INFO - Processing file /opt/airflow/dags/youtube_analytics_dag.py for tasks to queue
[2026-03-11T10:45:44.012+0000] {logging_mixin.py:188} INFO - [2026-03-11T10:45:44.010+0000] {dagbag.py:538} INFO - Filling up the DagBag from /opt/airflow/dags/youtube_analytics_dag.py
[2026-03-11T10:45:46.304+0000] {processor.py:840} INFO - DAG(s) 'youtube_analytics_pipeline' retrieved from /opt/airflow/dags/youtube_analytics_dag.py
[2026-03-11T10:45:46.506+0000] {logging_mixin.py:188} INFO - [2026-03-11T10:45:46.505+0000] {dag.py:3033} INFO - Sync 1 DAGs
[2026-03-11T10:45:46.599+0000] {logging_mixin.py:188} INFO - [2026-03-11T10:45:46.598+0000] {dag.py:3820} INFO - Setting next_dagrun for youtube_analytics_pipeline to 2026-03-11T00:00:00+00:00, run_after=2026-03-11T06:00:00+00:00
[2026-03-11T10:45:46.718+0000] {processor.py:183} INFO - Processing /opt/airflow/dags/youtube_analytics_dag.py took 2.737 seconds
[2026-03-11T10:46:17.410+0000] {processor.py:161} INFO - Started process (PID=1143) to work on /opt/airflow/dags/youtube_analytics_dag.py
[2026-03-11T10:46:17.414+0000] {processor.py:830} INFO - Processing file /opt/airflow/dags/youtube_analytics_dag.py for tasks to queue
[2026-03-11T10:46:17.418+0000] {logging_mixin.py:188} INFO - [2026-03-11T10:46:17.416+0000] {dagbag.py:538} INFO - Filling up the DagBag from /opt/airflow/dags/youtube_analytics_dag.py
[2026-03-11T10:46:19.236+0000] {processor.py:840} INFO - DAG(s) 'youtube_analytics_pipeline' retrieved from /opt/airflow/dags/youtube_analytics_dag.py
[2026-03-11T10:46:19.430+0000] {logging_mixin.py:188} INFO - [2026-03-11T10:46:19.428+0000] {dag.py:3033} INFO - Sync 1 DAGs
[2026-03-11T10:46:19.575+0000] {logging_mixin.py:188} INFO - [2026-03-11T10:46:19.574+0000] {dag.py:3820} INFO - Setting next_dagrun for youtube_analytics_pipeline to 2026-03-11T00:00:00+00:00, run_after=2026-03-11T06:00:00+00:00
[2026-03-11T10:46:19.677+0000] {processor.py:183} INFO - Processing /opt/airflow/dags/youtube_analytics_dag.py took 2.282 seconds
[2026-03-11T10:46:50.129+0000] {processor.py:161} INFO - Started process (PID=1164) to work on /opt/airflow/dags/youtube_analytics_dag.py
[2026-03-11T10:46:50.132+0000] {processor.py:830} INFO - Processing file /opt/airflow/dags/youtube_analytics_dag.py for tasks to queue
[2026-03-11T10:46:50.134+0000] {logging_mixin.py:188} INFO - [2026-03-11T10:46:50.133+0000] {dagbag.py:538} INFO - Filling up the DagBag from /opt/airflow/dags/youtube_analytics_dag.py
[2026-03-11T10:46:51.444+0000] {processor.py:840} INFO - DAG(s) 'youtube_analytics_pipeline' retrieved from /opt/airflow/dags/youtube_analytics_dag.py
[2026-03-11T10:46:51.537+0000] {logging_mixin.py:188} INFO - [2026-03-11T10:46:51.536+0000] {dag.py:3033} INFO - Sync 1 DAGs
[2026-03-11T10:46:51.631+0000] {logging_mixin.py:188} INFO - [2026-03-11T10:46:51.631+0000] {dag.py:3820} INFO - Setting next_dagrun for youtube_analytics_pipeline to 2026-03-11T00:00:00+00:00, run_after=2026-03-11T06:00:00+00:00
[2026-03-11T10:46:51.703+0000] {processor.py:183} INFO - Processing /opt/airflow/dags/youtube_analytics_dag.py took 1.608 seconds
[2026-03-11T10:47:21.936+0000] {processor.py:161} INFO - Started process (PID=1185) to work on /opt/airflow/dags/youtube_analytics_dag.py
[2026-03-11T10:47:21.937+0000] {processor.py:830} INFO - Processing file /opt/airflow/dags/youtube_analytics_dag.py for tasks to queue
[2026-03-11T10:47:21.940+0000] {logging_mixin.py:188} INFO - [2026-03-11T10:47:21.939+0000] {dagbag.py:538} INFO - Filling up the DagBag from /opt/airflow/dags/youtube_analytics_dag.py
[2026-03-11T10:47:23.452+0000] {processor.py:840} INFO - DAG(s) 'youtube_analytics_pipeline' retrieved from /opt/airflow/dags/youtube_analytics_dag.py
[2026-03-11T10:47:23.579+0000] {logging_mixin.py:188} INFO - [2026-03-11T10:47:23.577+0000] {dag.py:3033} INFO - Sync 1 DAGs
[2026-03-11T10:47:23.681+0000] {logging_mixin.py:188} INFO - [2026-03-11T10:47:23.681+0000] {dag.py:3820} INFO - Setting next_dagrun for youtube_analytics_pipeline to 2026-03-11T00:00:00+00:00, run_after=2026-03-11T06:00:00+00:00
[2026-03-11T10:47:23.745+0000] {processor.py:183} INFO - Processing /opt/airflow/dags/youtube_analytics_dag.py took 1.818 seconds
[2026-03-11T10:47:54.500+0000] {processor.py:161} INFO - Started process (PID=1206) to work on /opt/airflow/dags/youtube_analytics_dag.py
[2026-03-11T10:47:54.503+0000] {processor.py:830} INFO - Processing file /opt/airflow/dags/youtube_analytics_dag.py for tasks to queue
[2026-03-11T10:47:54.508+0000] {logging_mixin.py:188} INFO - [2026-03-11T10:47:54.506+0000] {dagbag.py:538} INFO - Filling up the DagBag from /opt/airflow/dags/youtube_analytics_dag.py
[2026-03-11T10:47:56.141+0000] {processor.py:840} INFO - DAG(s) 'youtube_analytics_pipeline' retrieved from /opt/airflow/dags/youtube_analytics_dag.py
[2026-03-11T10:47:56.221+0000] {logging_mixin.py:188} INFO - [2026-03-11T10:47:56.220+0000] {dag.py:3033} INFO - Sync 1 DAGs
[2026-03-11T10:47:56.302+0000] {logging_mixin.py:188} INFO - [2026-03-11T10:47:56.302+0000] {dag.py:3820} INFO - Setting next_dagrun for youtube_analytics_pipeline to 2026-03-11T00:00:00+00:00, run_after=2026-03-11T06:00:00+00:00
[2026-03-11T10:47:56.364+0000] {processor.py:183} INFO - Processing /opt/airflow/dags/youtube_analytics_dag.py took 1.879 seconds
[2026-03-11T10:48:26.482+0000] {processor.py:161} INFO - Started process (PID=1227) to work on /opt/airflow/dags/youtube_analytics_dag.py
[2026-03-11T10:48:26.484+0000] {processor.py:830} INFO - Processing file /opt/airflow/dags/youtube_analytics_dag.py for tasks to queue
[2026-03-11T10:48:26.486+0000] {logging_mixin.py:188} INFO - [2026-03-11T10:48:26.485+0000] {dagbag.py:538} INFO - Filling up the DagBag from /opt/airflow/dags/youtube_analytics_dag.py
[2026-03-11T10:48:27.702+0000] {processor.py:840} INFO - DAG(s) 'youtube_analytics_pipeline' retrieved from /opt/airflow/dags/youtube_analytics_dag.py
[2026-03-11T10:48:27.776+0000] {logging_mixin.py:188} INFO - [2026-03-11T10:48:27.773+0000] {dag.py:3033} INFO - Sync 1 DAGs
[2026-03-11T10:48:27.837+0000] {logging_mixin.py:188} INFO - [2026-03-11T10:48:27.837+0000] {dag.py:3820} INFO - Setting next_dagrun for youtube_analytics_pipeline to 2026-03-11T00:00:00+00:00, run_after=2026-03-11T06:00:00+00:00
[2026-03-11T10:48:27.893+0000] {processor.py:183} INFO - Processing /opt/airflow/dags/youtube_analytics_dag.py took 1.419 seconds
[2026-03-11T10:48:58.292+0000] {processor.py:161} INFO - Started process (PID=1248) to work on /opt/airflow/dags/youtube_analytics_dag.py
[2026-03-11T10:48:58.294+0000] {processor.py:830} INFO - Processing file /opt/airflow/dags/youtube_analytics_dag.py for tasks to queue
[2026-03-11T10:48:58.296+0000] {logging_mixin.py:188} INFO - [2026-03-11T10:48:58.295+0000] {dagbag.py:538} INFO - Filling up the DagBag from /opt/airflow/dags/youtube_analytics_dag.py
[2026-03-11T10:48:59.737+0000] {processor.py:840} INFO - DAG(s) 'youtube_analytics_pipeline' retrieved from /opt/airflow/dags/youtube_analytics_dag.py
[2026-03-11T10:48:59.849+0000] {logging_mixin.py:188} INFO - [2026-03-11T10:48:59.847+0000] {dag.py:3033} INFO - Sync 1 DAGs
[2026-03-11T10:48:59.930+0000] {logging_mixin.py:188} INFO - [2026-03-11T10:48:59.930+0000] {dag.py:3820} INFO - Setting next_dagrun for youtube_analytics_pipeline to 2026-03-11T00:00:00+00:00, run_after=2026-03-11T06:00:00+00:00
[2026-03-11T10:48:59.999+0000] {processor.py:183} INFO - Processing /opt/airflow/dags/youtube_analytics_dag.py took 1.714 seconds
[2026-03-11T10:49:31.192+0000] {processor.py:161} INFO - Started process (PID=1279) to work on /opt/airflow/dags/youtube_analytics_dag.py
[2026-03-11T10:49:31.195+0000] {processor.py:830} INFO - Processing file /opt/airflow/dags/youtube_analytics_dag.py for tasks to queue
[2026-03-11T10:49:31.199+0000] {logging_mixin.py:188} INFO - [2026-03-11T10:49:31.198+0000] {dagbag.py:538} INFO - Filling up the DagBag from /opt/airflow/dags/youtube_analytics_dag.py
[2026-03-11T10:49:32.493+0000] {processor.py:840} INFO - DAG(s) 'youtube_analytics_pipeline' retrieved from /opt/airflow/dags/youtube_analytics_dag.py
[2026-03-11T10:49:32.559+0000] {logging_mixin.py:188} INFO - [2026-03-11T10:49:32.558+0000] {dag.py:3033} INFO - Sync 1 DAGs
[2026-03-11T10:49:32.641+0000] {logging_mixin.py:188} INFO - [2026-03-11T10:49:32.640+0000] {dag.py:3820} INFO - Setting next_dagrun for youtube_analytics_pipeline to 2026-03-11T00:00:00+00:00, run_after=2026-03-11T06:00:00+00:00
[2026-03-11T10:49:32.722+0000] {processor.py:183} INFO - Processing /opt/airflow/dags/youtube_analytics_dag.py took 1.541 seconds
[2026-03-11T10:50:03.238+0000] {processor.py:161} INFO - Started process (PID=1300) to work on /opt/airflow/dags/youtube_analytics_dag.py
[2026-03-11T10:50:03.243+0000] {processor.py:830} INFO - Processing file /opt/airflow/dags/youtube_analytics_dag.py for tasks to queue
[2026-03-11T10:50:03.247+0000] {logging_mixin.py:188} INFO - [2026-03-11T10:50:03.246+0000] {dagbag.py:538} INFO - Filling up the DagBag from /opt/airflow/dags/youtube_analytics_dag.py
[2026-03-11T10:50:04.940+0000] {processor.py:840} INFO - DAG(s) 'youtube_analytics_pipeline' retrieved from /opt/airflow/dags/youtube_analytics_dag.py
[2026-03-11T10:50:05.062+0000] {logging_mixin.py:188} INFO - [2026-03-11T10:50:05.061+0000] {dag.py:3033} INFO - Sync 1 DAGs
[2026-03-11T10:50:05.139+0000] {logging_mixin.py:188} INFO - [2026-03-11T10:50:05.139+0000] {dag.py:3820} INFO - Setting next_dagrun for youtube_analytics_pipeline to 2026-03-11T00:00:00+00:00, run_after=2026-03-11T06:00:00+00:00
[2026-03-11T10:50:05.276+0000] {processor.py:183} INFO - Processing /opt/airflow/dags/youtube_analytics_dag.py took 2.053 seconds
[2026-03-11T10:50:35.859+0000] {processor.py:161} INFO - Started process (PID=1326) to work on /opt/airflow/dags/youtube_analytics_dag.py
[2026-03-11T10:50:35.862+0000] {processor.py:830} INFO - Processing file /opt/airflow/dags/youtube_analytics_dag.py for tasks to queue
[2026-03-11T10:50:35.866+0000] {logging_mixin.py:188} INFO - [2026-03-11T10:50:35.864+0000] {dagbag.py:538} INFO - Filling up the DagBag from /opt/airflow/dags/youtube_analytics_dag.py
[2026-03-11T10:50:37.366+0000] {processor.py:840} INFO - DAG(s) 'youtube_analytics_pipeline' retrieved from /opt/airflow/dags/youtube_analytics_dag.py
[2026-03-11T10:50:37.501+0000] {logging_mixin.py:188} INFO - [2026-03-11T10:50:37.499+0000] {dag.py:3033} INFO - Sync 1 DAGs
[2026-03-11T10:50:37.619+0000] {logging_mixin.py:188} INFO - [2026-03-11T10:50:37.618+0000] {dag.py:3820} INFO - Setting next_dagrun for youtube_analytics_pipeline to 2026-03-11T00:00:00+00:00, run_after=2026-03-11T06:00:00+00:00
[2026-03-11T10:50:37.734+0000] {processor.py:183} INFO - Processing /opt/airflow/dags/youtube_analytics_dag.py took 1.889 seconds
[2026-03-11T10:51:07.947+0000] {processor.py:161} INFO - Started process (PID=1347) to work on /opt/airflow/dags/youtube_analytics_dag.py
[2026-03-11T10:51:07.950+0000] {processor.py:830} INFO - Processing file /opt/airflow/dags/youtube_analytics_dag.py for tasks to queue
[2026-03-11T10:51:07.953+0000] {logging_mixin.py:188} INFO - [2026-03-11T10:51:07.951+0000] {dagbag.py:538} INFO - Filling up the DagBag from /opt/airflow/dags/youtube_analytics_dag.py
[2026-03-11T10:51:09.776+0000] {processor.py:840} INFO - DAG(s) 'youtube_analytics_pipeline' retrieved from /opt/airflow/dags/youtube_analytics_dag.py
[2026-03-11T10:51:09.927+0000] {logging_mixin.py:188} INFO - [2026-03-11T10:51:09.926+0000] {dag.py:3033} INFO - Sync 1 DAGs
[2026-03-11T10:51:10.050+0000] {logging_mixin.py:188} INFO - [2026-03-11T10:51:10.049+0000] {dag.py:3820} INFO - Setting next_dagrun for youtube_analytics_pipeline to 2026-03-11T00:00:00+00:00, run_after=2026-03-11T06:00:00+00:00
[2026-03-11T10:51:10.158+0000] {processor.py:183} INFO - Processing /opt/airflow/dags/youtube_analytics_dag.py took 2.222 seconds
[2026-03-11T10:51:40.626+0000] {processor.py:161} INFO - Started process (PID=1368) to work on /opt/airflow/dags/youtube_analytics_dag.py
[2026-03-11T10:51:40.630+0000] {processor.py:830} INFO - Processing file /opt/airflow/dags/youtube_analytics_dag.py for tasks to queue
[2026-03-11T10:51:40.633+0000] {logging_mixin.py:188} INFO - [2026-03-11T10:51:40.632+0000] {dagbag.py:538} INFO - Filling up the DagBag from /opt/airflow/dags/youtube_analytics_dag.py
[2026-03-11T10:51:42.284+0000] {processor.py:840} INFO - DAG(s) 'youtube_analytics_pipeline' retrieved from /opt/airflow/dags/youtube_analytics_dag.py
[2026-03-11T10:51:42.378+0000] {logging_mixin.py:188} INFO - [2026-03-11T10:51:42.376+0000] {dag.py:3033} INFO - Sync 1 DAGs
[2026-03-11T10:51:42.455+0000] {logging_mixin.py:188} INFO - [2026-03-11T10:51:42.455+0000] {dag.py:3820} INFO - Setting next_dagrun for youtube_analytics_pipeline to 2026-03-11T00:00:00+00:00, run_after=2026-03-11T06:00:00+00:00
[2026-03-11T10:51:42.520+0000] {processor.py:183} INFO - Processing /opt/airflow/dags/youtube_analytics_dag.py took 1.906 seconds
[2026-03-11T10:52:13.062+0000] {processor.py:161} INFO - Started process (PID=1389) to work on /opt/airflow/dags/youtube_analytics_dag.py
[2026-03-11T10:52:13.065+0000] {processor.py:830} INFO - Processing file /opt/airflow/dags/youtube_analytics_dag.py for tasks to queue
[2026-03-11T10:52:13.068+0000] {logging_mixin.py:188} INFO - [2026-03-11T10:52:13.066+0000] {dagbag.py:538} INFO - Filling up the DagBag from /opt/airflow/dags/youtube_analytics_dag.py
[2026-03-11T10:52:14.248+0000] {processor.py:840} INFO - DAG(s) 'youtube_analytics_pipeline' retrieved from /opt/airflow/dags/youtube_analytics_dag.py
[2026-03-11T10:52:14.343+0000] {logging_mixin.py:188} INFO - [2026-03-11T10:52:14.341+0000] {dag.py:3033} INFO - Sync 1 DAGs
[2026-03-11T10:52:14.429+0000] {logging_mixin.py:188} INFO - [2026-03-11T10:52:14.429+0000] {dag.py:3820} INFO - Setting next_dagrun for youtube_analytics_pipeline to 2026-03-11T00:00:00+00:00, run_after=2026-03-11T06:00:00+00:00
[2026-03-11T10:52:14.490+0000] {processor.py:183} INFO - Processing /opt/airflow/dags/youtube_analytics_dag.py took 1.441 seconds
[2026-03-11T10:52:44.583+0000] {processor.py:161} INFO - Started process (PID=1410) to work on /opt/airflow/dags/youtube_analytics_dag.py
[2026-03-11T10:52:44.585+0000] {processor.py:830} INFO - Processing file /opt/airflow/dags/youtube_analytics_dag.py for tasks to queue
[2026-03-11T10:52:44.588+0000] {logging_mixin.py:188} INFO - [2026-03-11T10:52:44.587+0000] {dagbag.py:538} INFO - Filling up the DagBag from /opt/airflow/dags/youtube_analytics_dag.py
[2026-03-11T10:52:45.651+0000] {processor.py:840} INFO - DAG(s) 'youtube_analytics_pipeline' retrieved from /opt/airflow/dags/youtube_analytics_dag.py
[2026-03-11T10:52:45.716+0000] {logging_mixin.py:188} INFO - [2026-03-11T10:52:45.716+0000] {dag.py:3033} INFO - Sync 1 DAGs
[2026-03-11T10:52:45.759+0000] {logging_mixin.py:188} INFO - [2026-03-11T10:52:45.759+0000] {dag.py:3820} INFO - Setting next_dagrun for youtube_analytics_pipeline to 2026-03-11T00:00:00+00:00, run_after=2026-03-11T06:00:00+00:00
[2026-03-11T10:52:45.802+0000] {processor.py:183} INFO - Processing /opt/airflow/dags/youtube_analytics_dag.py took 1.229 seconds
[2026-03-11T10:53:15.896+0000] {processor.py:161} INFO - Started process (PID=1431) to work on /opt/airflow/dags/youtube_analytics_dag.py
[2026-03-11T10:53:15.898+0000] {processor.py:830} INFO - Processing file /opt/airflow/dags/youtube_analytics_dag.py for tasks to queue
[2026-03-11T10:53:15.901+0000] {logging_mixin.py:188} INFO - [2026-03-11T10:53:15.900+0000] {dagbag.py:538} INFO - Filling up the DagBag from /opt/airflow/dags/youtube_analytics_dag.py
[2026-03-11T10:53:17.082+0000] {processor.py:840} INFO - DAG(s) 'youtube_analytics_pipeline' retrieved from /opt/airflow/dags/youtube_analytics_dag.py
[2026-03-11T10:53:17.176+0000] {logging_mixin.py:188} INFO - [2026-03-11T10:53:17.175+0000] {dag.py:3033} INFO - Sync 1 DAGs
[2026-03-11T10:53:17.246+0000] {logging_mixin.py:188} INFO - [2026-03-11T10:53:17.246+0000] {dag.py:3820} INFO - Setting next_dagrun for youtube_analytics_pipeline to 2026-03-11T00:00:00+00:00, run_after=2026-03-11T06:00:00+00:00
[2026-03-11T10:53:17.308+0000] {processor.py:183} INFO - Processing /opt/airflow/dags/youtube_analytics_dag.py took 1.421 seconds
[2026-03-11T10:53:48.003+0000] {processor.py:161} INFO - Started process (PID=1452) to work on /opt/airflow/dags/youtube_analytics_dag.py
[2026-03-11T10:53:48.004+0000] {processor.py:830} INFO - Processing file /opt/airflow/dags/youtube_analytics_dag.py for tasks to queue
[2026-03-11T10:53:48.006+0000] {logging_mixin.py:188} INFO - [2026-03-11T10:53:48.005+0000] {dagbag.py:538} INFO - Filling up the DagBag from /opt/airflow/dags/youtube_analytics_dag.py
[2026-03-11T10:53:49.103+0000] {processor.py:840} INFO - DAG(s) 'youtube_analytics_pipeline' retrieved from /opt/airflow/dags/youtube_analytics_dag.py
[2026-03-11T10:53:49.189+0000] {logging_mixin.py:188} INFO - [2026-03-11T10:53:49.184+0000] {dag.py:3033} INFO - Sync 1 DAGs
[2026-03-11T10:53:49.302+0000] {logging_mixin.py:188} INFO - [2026-03-11T10:53:49.302+0000] {dag.py:3820} INFO - Setting next_dagrun for youtube_analytics_pipeline to 2026-03-11T00:00:00+00:00, run_after=2026-03-11T06:00:00+00:00
[2026-03-11T10:53:49.350+0000] {processor.py:183} INFO - Processing /opt/airflow/dags/youtube_analytics_dag.py took 1.353 seconds
[2026-03-11T10:54:19.657+0000] {processor.py:161} INFO - Started process (PID=1473) to work on /opt/airflow/dags/youtube_analytics_dag.py
[2026-03-11T10:54:19.660+0000] {processor.py:830} INFO - Processing file /opt/airflow/dags/youtube_analytics_dag.py for tasks to queue
[2026-03-11T10:54:19.664+0000] {logging_mixin.py:188} INFO - [2026-03-11T10:54:19.662+0000] {dagbag.py:538} INFO - Filling up the DagBag from /opt/airflow/dags/youtube_analytics_dag.py
[2026-03-11T10:54:20.447+0000] {processor.py:840} INFO - DAG(s) 'youtube_analytics_pipeline' retrieved from /opt/airflow/dags/youtube_analytics_dag.py
[2026-03-11T10:54:20.497+0000] {logging_mixin.py:188} INFO - [2026-03-11T10:54:20.496+0000] {dag.py:3033} INFO - Sync 1 DAGs
[2026-03-11T10:54:20.539+0000] {logging_mixin.py:188} INFO - [2026-03-11T10:54:20.539+0000] {dag.py:3820} INFO - Setting next_dagrun for youtube_analytics_pipeline to 2026-03-11T00:00:00+00:00, run_after=2026-03-11T06:00:00+00:00
[2026-03-11T10:54:20.572+0000] {processor.py:183} INFO - Processing /opt/airflow/dags/youtube_analytics_dag.py took 0.923 seconds
[2026-03-11T10:54:51.582+0000] {processor.py:161} INFO - Started process (PID=1494) to work on /opt/airflow/dags/youtube_analytics_dag.py
[2026-03-11T10:54:51.584+0000] {processor.py:830} INFO - Processing file /opt/airflow/dags/youtube_analytics_dag.py for tasks to queue
[2026-03-11T10:54:51.587+0000] {logging_mixin.py:188} INFO - [2026-03-11T10:54:51.586+0000] {dagbag.py:538} INFO - Filling up the DagBag from /opt/airflow/dags/youtube_analytics_dag.py
[2026-03-11T10:54:52.810+0000] {processor.py:840} INFO - DAG(s) 'youtube_analytics_pipeline' retrieved from /opt/airflow/dags/youtube_analytics_dag.py
[2026-03-11T10:54:52.905+0000] {logging_mixin.py:188} INFO - [2026-03-11T10:54:52.904+0000] {dag.py:3033} INFO - Sync 1 DAGs
[2026-03-11T10:54:52.996+0000] {logging_mixin.py:188} INFO - [2026-03-11T10:54:52.995+0000] {dag.py:3820} INFO - Setting next_dagrun for youtube_analytics_pipeline to 2026-03-11T00:00:00+00:00, run_after=2026-03-11T06:00:00+00:00
[2026-03-11T10:54:53.063+0000] {processor.py:183} INFO - Processing /opt/airflow/dags/youtube_analytics_dag.py took 1.492 seconds
[2026-03-11T10:55:23.465+0000] {processor.py:161} INFO - Started process (PID=1515) to work on /opt/airflow/dags/youtube_analytics_dag.py
[2026-03-11T10:55:23.467+0000] {processor.py:830} INFO - Processing file /opt/airflow/dags/youtube_analytics_dag.py for tasks to queue
[2026-03-11T10:55:23.470+0000] {logging_mixin.py:188} INFO - [2026-03-11T10:55:23.469+0000] {dagbag.py:538} INFO - Filling up the DagBag from /opt/airflow/dags/youtube_analytics_dag.py
[2026-03-11T10:55:24.659+0000] {processor.py:840} INFO - DAG(s) 'youtube_analytics_pipeline' retrieved from /opt/airflow/dags/youtube_analytics_dag.py
[2026-03-11T10:55:24.773+0000] {logging_mixin.py:188} INFO - [2026-03-11T10:55:24.771+0000] {dag.py:3033} INFO - Sync 1 DAGs
[2026-03-11T10:55:24.874+0000] {logging_mixin.py:188} INFO - [2026-03-11T10:55:24.873+0000] {dag.py:3820} INFO - Setting next_dagrun for youtube_analytics_pipeline to 2026-03-11T00:00:00+00:00, run_after=2026-03-11T06:00:00+00:00
[2026-03-11T10:55:24.939+0000] {processor.py:183} INFO - Processing /opt/airflow/dags/youtube_analytics_dag.py took 1.482 seconds
[2026-03-11T10:55:55.655+0000] {processor.py:161} INFO - Started process (PID=1536) to work on /opt/airflow/dags/youtube_analytics_dag.py
[2026-03-11T10:55:55.657+0000] {processor.py:830} INFO - Processing file /opt/airflow/dags/youtube_analytics_dag.py for tasks to queue
[2026-03-11T10:55:55.661+0000] {logging_mixin.py:188} INFO - [2026-03-11T10:55:55.660+0000] {dagbag.py:538} INFO - Filling up the DagBag from /opt/airflow/dags/youtube_analytics_dag.py
[2026-03-11T10:55:56.680+0000] {processor.py:840} INFO - DAG(s) 'youtube_analytics_pipeline' retrieved from /opt/airflow/dags/youtube_analytics_dag.py
[2026-03-11T10:55:56.735+0000] {logging_mixin.py:188} INFO - [2026-03-11T10:55:56.733+0000] {dag.py:3033} INFO - Sync 1 DAGs
[2026-03-11T10:55:56.780+0000] {logging_mixin.py:188} INFO - [2026-03-11T10:55:56.780+0000] {dag.py:3820} INFO - Setting next_dagrun for youtube_analytics_pipeline to 2026-03-11T00:00:00+00:00, run_after=2026-03-11T06:00:00+00:00
[2026-03-11T10:55:56.817+0000] {processor.py:183} INFO - Processing /opt/airflow/dags/youtube_analytics_dag.py took 1.168 seconds
[2026-03-11T10:56:27.581+0000] {processor.py:161} INFO - Started process (PID=1557) to work on /opt/airflow/dags/youtube_analytics_dag.py
[2026-03-11T10:56:27.585+0000] {processor.py:830} INFO - Processing file /opt/airflow/dags/youtube_analytics_dag.py for tasks to queue
[2026-03-11T10:56:27.589+0000] {logging_mixin.py:188} INFO - [2026-03-11T10:56:27.587+0000] {dagbag.py:538} INFO - Filling up the DagBag from /opt/airflow/dags/youtube_analytics_dag.py
[2026-03-11T10:56:29.181+0000] {processor.py:840} INFO - DAG(s) 'youtube_analytics_pipeline' retrieved from /opt/airflow/dags/youtube_analytics_dag.py
[2026-03-11T10:56:29.281+0000] {logging_mixin.py:188} INFO - [2026-03-11T10:56:29.279+0000] {dag.py:3033} INFO - Sync 1 DAGs
[2026-03-11T10:56:29.382+0000] {logging_mixin.py:188} INFO - [2026-03-11T10:56:29.381+0000] {dag.py:3820} INFO - Setting next_dagrun for youtube_analytics_pipeline to 2026-03-11T00:00:00+00:00, run_after=2026-03-11T06:00:00+00:00
[2026-03-11T10:56:29.466+0000] {processor.py:183} INFO - Processing /opt/airflow/dags/youtube_analytics_dag.py took 1.897 seconds
[2026-03-11T10:56:59.858+0000] {processor.py:161} INFO - Started process (PID=1578) to work on /opt/airflow/dags/youtube_analytics_dag.py
[2026-03-11T10:56:59.862+0000] {processor.py:830} INFO - Processing file /opt/airflow/dags/youtube_analytics_dag.py for tasks to queue
[2026-03-11T10:56:59.866+0000] {logging_mixin.py:188} INFO - [2026-03-11T10:56:59.865+0000] {dagbag.py:538} INFO - Filling up the DagBag from /opt/airflow/dags/youtube_analytics_dag.py
[2026-03-11T10:57:01.185+0000] {processor.py:840} INFO - DAG(s) 'youtube_analytics_pipeline' retrieved from /opt/airflow/dags/youtube_analytics_dag.py
[2026-03-11T10:57:01.263+0000] {logging_mixin.py:188} INFO - [2026-03-11T10:57:01.261+0000] {dag.py:3033} INFO - Sync 1 DAGs
[2026-03-11T10:57:01.356+0000] {logging_mixin.py:188} INFO - [2026-03-11T10:57:01.355+0000] {dag.py:3820} INFO - Setting next_dagrun for youtube_analytics_pipeline to 2026-03-11T00:00:00+00:00, run_after=2026-03-11T06:00:00+00:00
[2026-03-11T10:57:01.435+0000] {processor.py:183} INFO - Processing /opt/airflow/dags/youtube_analytics_dag.py took 1.589 seconds
[2026-03-11T10:57:31.674+0000] {processor.py:161} INFO - Started process (PID=1599) to work on /opt/airflow/dags/youtube_analytics_dag.py
[2026-03-11T10:57:31.677+0000] {processor.py:830} INFO - Processing file /opt/airflow/dags/youtube_analytics_dag.py for tasks to queue
[2026-03-11T10:57:31.680+0000] {logging_mixin.py:188} INFO - [2026-03-11T10:57:31.679+0000] {dagbag.py:538} INFO - Filling up the DagBag from /opt/airflow/dags/youtube_analytics_dag.py
[2026-03-11T10:57:32.962+0000] {processor.py:840} INFO - DAG(s) 'youtube_analytics_pipeline' retrieved from /opt/airflow/dags/youtube_analytics_dag.py
[2026-03-11T10:57:33.031+0000] {logging_mixin.py:188} INFO - [2026-03-11T10:57:33.030+0000] {dag.py:3033} INFO - Sync 1 DAGs
[2026-03-11T10:57:33.097+0000] {logging_mixin.py:188} INFO - [2026-03-11T10:57:33.097+0000] {dag.py:3820} INFO - Setting next_dagrun for youtube_analytics_pipeline to 2026-03-11T00:00:00+00:00, run_after=2026-03-11T06:00:00+00:00
[2026-03-11T10:57:33.137+0000] {processor.py:183} INFO - Processing /opt/airflow/dags/youtube_analytics_dag.py took 1.470 seconds
[2026-03-11T10:58:03.357+0000] {processor.py:161} INFO - Started process (PID=1620) to work on /opt/airflow/dags/youtube_analytics_dag.py
[2026-03-11T10:58:03.360+0000] {processor.py:830} INFO - Processing file /opt/airflow/dags/youtube_analytics_dag.py for tasks to queue
[2026-03-11T10:58:03.363+0000] {logging_mixin.py:188} INFO - [2026-03-11T10:58:03.362+0000] {dagbag.py:538} INFO - Filling up the DagBag from /opt/airflow/dags/youtube_analytics_dag.py
[2026-03-11T10:58:04.194+0000] {processor.py:840} INFO - DAG(s) 'youtube_analytics_pipeline' retrieved from /opt/airflow/dags/youtube_analytics_dag.py
[2026-03-11T10:58:04.243+0000] {logging_mixin.py:188} INFO - [2026-03-11T10:58:04.243+0000] {dag.py:3033} INFO - Sync 1 DAGs
[2026-03-11T10:58:04.282+0000] {logging_mixin.py:188} INFO - [2026-03-11T10:58:04.282+0000] {dag.py:3820} INFO - Setting next_dagrun for youtube_analytics_pipeline to 2026-03-11T00:00:00+00:00, run_after=2026-03-11T06:00:00+00:00
[2026-03-11T10:58:04.314+0000] {processor.py:183} INFO - Processing /opt/airflow/dags/youtube_analytics_dag.py took 0.967 seconds
[2026-03-11T10:58:34.815+0000] {processor.py:161} INFO - Started process (PID=1641) to work on /opt/airflow/dags/youtube_analytics_dag.py
[2026-03-11T10:58:34.816+0000] {processor.py:830} INFO - Processing file /opt/airflow/dags/youtube_analytics_dag.py for tasks to queue
[2026-03-11T10:58:34.818+0000] {logging_mixin.py:188} INFO - [2026-03-11T10:58:34.817+0000] {dagbag.py:538} INFO - Filling up the DagBag from /opt/airflow/dags/youtube_analytics_dag.py
[2026-03-11T10:58:35.933+0000] {processor.py:840} INFO - DAG(s) 'youtube_analytics_pipeline' retrieved from /opt/airflow/dags/youtube_analytics_dag.py
[2026-03-11T10:58:36.010+0000] {logging_mixin.py:188} INFO - [2026-03-11T10:58:36.008+0000] {dag.py:3033} INFO - Sync 1 DAGs
[2026-03-11T10:58:36.090+0000] {logging_mixin.py:188} INFO - [2026-03-11T10:58:36.090+0000] {dag.py:3820} INFO - Setting next_dagrun for youtube_analytics_pipeline to 2026-03-11T00:00:00+00:00, run_after=2026-03-11T06:00:00+00:00
[2026-03-11T10:58:36.152+0000] {processor.py:183} INFO - Processing /opt/airflow/dags/youtube_analytics_dag.py took 1.346 seconds
[2026-03-11T10:59:06.728+0000] {processor.py:161} INFO - Started process (PID=1662) to work on /opt/airflow/dags/youtube_analytics_dag.py
[2026-03-11T10:59:06.729+0000] {processor.py:830} INFO - Processing file /opt/airflow/dags/youtube_analytics_dag.py for tasks to queue
[2026-03-11T10:59:06.731+0000] {logging_mixin.py:188} INFO - [2026-03-11T10:59:06.730+0000] {dagbag.py:538} INFO - Filling up the DagBag from /opt/airflow/dags/youtube_analytics_dag.py
[2026-03-11T10:59:07.595+0000] {processor.py:840} INFO - DAG(s) 'youtube_analytics_pipeline' retrieved from /opt/airflow/dags/youtube_analytics_dag.py
[2026-03-11T10:59:07.646+0000] {logging_mixin.py:188} INFO - [2026-03-11T10:59:07.645+0000] {dag.py:3033} INFO - Sync 1 DAGs
[2026-03-11T10:59:07.690+0000] {logging_mixin.py:188} INFO - [2026-03-11T10:59:07.689+0000] {dag.py:3820} INFO - Setting next_dagrun for youtube_analytics_pipeline to 2026-03-11T00:00:00+00:00, run_after=2026-03-11T06:00:00+00:00
[2026-03-11T10:59:07.736+0000] {processor.py:183} INFO - Processing /opt/airflow/dags/youtube_analytics_dag.py took 1.015 seconds
[2026-03-11T10:59:38.475+0000] {processor.py:161} INFO - Started process (PID=1683) to work on /opt/airflow/dags/youtube_analytics_dag.py
[2026-03-11T10:59:38.479+0000] {processor.py:830} INFO - Processing file /opt/airflow/dags/youtube_analytics_dag.py for tasks to queue
[2026-03-11T10:59:38.482+0000] {logging_mixin.py:188} INFO - [2026-03-11T10:59:38.481+0000] {dagbag.py:538} INFO - Filling up the DagBag from /opt/airflow/dags/youtube_analytics_dag.py
[2026-03-11T10:59:39.922+0000] {processor.py:840} INFO - DAG(s) 'youtube_analytics_pipeline' retrieved from /opt/airflow/dags/youtube_analytics_dag.py
[2026-03-11T10:59:40.034+0000] {logging_mixin.py:188} INFO - [2026-03-11T10:59:40.033+0000] {dag.py:3033} INFO - Sync 1 DAGs
[2026-03-11T10:59:40.114+0000] {logging_mixin.py:188} INFO - [2026-03-11T10:59:40.113+0000] {dag.py:3820} INFO - Setting next_dagrun for youtube_analytics_pipeline to 2026-03-11T00:00:00+00:00, run_after=2026-03-11T06:00:00+00:00
[2026-03-11T10:59:40.172+0000] {processor.py:183} INFO - Processing /opt/airflow/dags/youtube_analytics_dag.py took 1.708 seconds
[2026-03-11T11:00:10.374+0000] {processor.py:161} INFO - Started process (PID=1704) to work on /opt/airflow/dags/youtube_analytics_dag.py
[2026-03-11T11:00:10.376+0000] {processor.py:830} INFO - Processing file /opt/airflow/dags/youtube_analytics_dag.py for tasks to queue
[2026-03-11T11:00:10.378+0000] {logging_mixin.py:188} INFO - [2026-03-11T11:00:10.377+0000] {dagbag.py:538} INFO - Filling up the DagBag from /opt/airflow/dags/youtube_analytics_dag.py
[2026-03-11T11:00:11.565+0000] {processor.py:840} INFO - DAG(s) 'youtube_analytics_pipeline' retrieved from /opt/airflow/dags/youtube_analytics_dag.py
[2026-03-11T11:00:11.672+0000] {logging_mixin.py:188} INFO - [2026-03-11T11:00:11.671+0000] {dag.py:3033} INFO - Sync 1 DAGs
[2026-03-11T11:00:11.755+0000] {logging_mixin.py:188} INFO - [2026-03-11T11:00:11.755+0000] {dag.py:3820} INFO - Setting next_dagrun for youtube_analytics_pipeline to 2026-03-11T00:00:00+00:00, run_after=2026-03-11T06:00:00+00:00
[2026-03-11T11:00:11.801+0000] {processor.py:183} INFO - Processing /opt/airflow/dags/youtube_analytics_dag.py took 1.433 seconds
[2026-03-11T11:00:41.956+0000] {processor.py:161} INFO - Started process (PID=1725) to work on /opt/airflow/dags/youtube_analytics_dag.py
[2026-03-11T11:00:41.959+0000] {processor.py:830} INFO - Processing file /opt/airflow/dags/youtube_analytics_dag.py for tasks to queue
[2026-03-11T11:00:41.965+0000] {logging_mixin.py:188} INFO - [2026-03-11T11:00:41.963+0000] {dagbag.py:538} INFO - Filling up the DagBag from /opt/airflow/dags/youtube_analytics_dag.py
[2026-03-11T11:00:42.862+0000] {processor.py:840} INFO - DAG(s) 'youtube_analytics_pipeline' retrieved from /opt/airflow/dags/youtube_analytics_dag.py
[2026-03-11T11:00:42.926+0000] {logging_mixin.py:188} INFO - [2026-03-11T11:00:42.926+0000] {dag.py:3033} INFO - Sync 1 DAGs
[2026-03-11T11:00:42.971+0000] {logging_mixin.py:188} INFO - [2026-03-11T11:00:42.971+0000] {dag.py:3820} INFO - Setting next_dagrun for youtube_analytics_pipeline to 2026-03-11T00:00:00+00:00, run_after=2026-03-11T06:00:00+00:00
[2026-03-11T11:00:43.005+0000] {processor.py:183} INFO - Processing /opt/airflow/dags/youtube_analytics_dag.py took 1.058 seconds
[2026-03-11T11:01:13.083+0000] {processor.py:161} INFO - Started process (PID=1746) to work on /opt/airflow/dags/youtube_analytics_dag.py
[2026-03-11T11:01:13.086+0000] {processor.py:830} INFO - Processing file /opt/airflow/dags/youtube_analytics_dag.py for tasks to queue
[2026-03-11T11:01:13.089+0000] {logging_mixin.py:188} INFO - [2026-03-11T11:01:13.088+0000] {dagbag.py:538} INFO - Filling up the DagBag from /opt/airflow/dags/youtube_analytics_dag.py
[2026-03-11T11:01:13.958+0000] {processor.py:840} INFO - DAG(s) 'youtube_analytics_pipeline' retrieved from /opt/airflow/dags/youtube_analytics_dag.py
[2026-03-11T11:01:14.023+0000] {logging_mixin.py:188} INFO - [2026-03-11T11:01:14.022+0000] {dag.py:3033} INFO - Sync 1 DAGs
[2026-03-11T11:01:14.079+0000] {logging_mixin.py:188} INFO - [2026-03-11T11:01:14.078+0000] {dag.py:3820} INFO - Setting next_dagrun for youtube_analytics_pipeline to 2026-03-11T00:00:00+00:00, run_after=2026-03-11T06:00:00+00:00
[2026-03-11T11:01:14.138+0000] {processor.py:183} INFO - Processing /opt/airflow/dags/youtube_analytics_dag.py took 1.064 seconds
[2026-03-11T11:01:44.885+0000] {processor.py:161} INFO - Started process (PID=1767) to work on /opt/airflow/dags/youtube_analytics_dag.py
[2026-03-11T11:01:44.887+0000] {processor.py:830} INFO - Processing file /opt/airflow/dags/youtube_analytics_dag.py for tasks to queue
[2026-03-11T11:01:44.888+0000] {logging_mixin.py:188} INFO - [2026-03-11T11:01:44.888+0000] {dagbag.py:538} INFO - Filling up the DagBag from /opt/airflow/dags/youtube_analytics_dag.py
[2026-03-11T11:01:45.653+0000] {processor.py:840} INFO - DAG(s) 'youtube_analytics_pipeline' retrieved from /opt/airflow/dags/youtube_analytics_dag.py
[2026-03-11T11:01:45.710+0000] {logging_mixin.py:188} INFO - [2026-03-11T11:01:45.708+0000] {dag.py:3033} INFO - Sync 1 DAGs
[2026-03-11T11:01:45.754+0000] {logging_mixin.py:188} INFO - [2026-03-11T11:01:45.754+0000] {dag.py:3820} INFO - Setting next_dagrun for youtube_analytics_pipeline to 2026-03-11T00:00:00+00:00, run_after=2026-03-11T06:00:00+00:00
[2026-03-11T11:01:45.795+0000] {processor.py:183} INFO - Processing /opt/airflow/dags/youtube_analytics_dag.py took 0.916 seconds
[2026-03-11T11:02:16.519+0000] {processor.py:161} INFO - Started process (PID=1788) to work on /opt/airflow/dags/youtube_analytics_dag.py
[2026-03-11T11:02:16.521+0000] {processor.py:830} INFO - Processing file /opt/airflow/dags/youtube_analytics_dag.py for tasks to queue
[2026-03-11T11:02:16.524+0000] {logging_mixin.py:188} INFO - [2026-03-11T11:02:16.522+0000] {dagbag.py:538} INFO - Filling up the DagBag from /opt/airflow/dags/youtube_analytics_dag.py
[2026-03-11T11:02:17.659+0000] {processor.py:840} INFO - DAG(s) 'youtube_analytics_pipeline' retrieved from /opt/airflow/dags/youtube_analytics_dag.py
[2026-03-11T11:02:17.745+0000] {logging_mixin.py:188} INFO - [2026-03-11T11:02:17.743+0000] {dag.py:3033} INFO - Sync 1 DAGs
[2026-03-11T11:02:17.806+0000] {logging_mixin.py:188} INFO - [2026-03-11T11:02:17.806+0000] {dag.py:3820} INFO - Setting next_dagrun for youtube_analytics_pipeline to 2026-03-11T00:00:00+00:00, run_after=2026-03-11T06:00:00+00:00
[2026-03-11T11:02:17.853+0000] {processor.py:183} INFO - Processing /opt/airflow/dags/youtube_analytics_dag.py took 1.344 seconds
[2026-03-11T11:02:48.474+0000] {processor.py:161} INFO - Started process (PID=1809) to work on /opt/airflow/dags/youtube_analytics_dag.py
[2026-03-11T11:02:48.477+0000] {processor.py:830} INFO - Processing file /opt/airflow/dags/youtube_analytics_dag.py for tasks to queue
[2026-03-11T11:02:48.480+0000] {logging_mixin.py:188} INFO - [2026-03-11T11:02:48.479+0000] {dagbag.py:538} INFO - Filling up the DagBag from /opt/airflow/dags/youtube_analytics_dag.py
[2026-03-11T11:02:49.453+0000] {processor.py:840} INFO - DAG(s) 'youtube_analytics_pipeline' retrieved from /opt/airflow/dags/youtube_analytics_dag.py
[2026-03-11T11:02:49.550+0000] {logging_mixin.py:188} INFO - [2026-03-11T11:02:49.549+0000] {dag.py:3033} INFO - Sync 1 DAGs
[2026-03-11T11:02:49.651+0000] {logging_mixin.py:188} INFO - [2026-03-11T11:02:49.651+0000] {dag.py:3820} INFO - Setting next_dagrun for youtube_analytics_pipeline to 2026-03-11T00:00:00+00:00, run_after=2026-03-11T06:00:00+00:00
[2026-03-11T11:02:49.731+0000] {processor.py:183} INFO - Processing /opt/airflow/dags/youtube_analytics_dag.py took 1.265 seconds
[2026-03-11T11:03:20.266+0000] {processor.py:161} INFO - Started process (PID=1830) to work on /opt/airflow/dags/youtube_analytics_dag.py
[2026-03-11T11:03:20.269+0000] {processor.py:830} INFO - Processing file /opt/airflow/dags/youtube_analytics_dag.py for tasks to queue
[2026-03-11T11:03:20.271+0000] {logging_mixin.py:188} INFO - [2026-03-11T11:03:20.270+0000] {dagbag.py:538} INFO - Filling up the DagBag from /opt/airflow/dags/youtube_analytics_dag.py
[2026-03-11T11:03:21.233+0000] {processor.py:840} INFO - DAG(s) 'youtube_analytics_pipeline' retrieved from /opt/airflow/dags/youtube_analytics_dag.py
[2026-03-11T11:03:21.346+0000] {logging_mixin.py:188} INFO - [2026-03-11T11:03:21.345+0000] {dag.py:3033} INFO - Sync 1 DAGs
[2026-03-11T11:03:21.416+0000] {logging_mixin.py:188} INFO - [2026-03-11T11:03:21.416+0000] {dag.py:3820} INFO - Setting next_dagrun for youtube_analytics_pipeline to 2026-03-11T00:00:00+00:00, run_after=2026-03-11T06:00:00+00:00
[2026-03-11T11:03:21.468+0000] {processor.py:183} INFO - Processing /opt/airflow/dags/youtube_analytics_dag.py took 1.214 seconds
[2026-03-11T11:03:52.096+0000] {processor.py:161} INFO - Started process (PID=1851) to work on /opt/airflow/dags/youtube_analytics_dag.py
[2026-03-11T11:03:52.098+0000] {processor.py:830} INFO - Processing file /opt/airflow/dags/youtube_analytics_dag.py for tasks to queue
[2026-03-11T11:03:52.101+0000] {logging_mixin.py:188} INFO - [2026-03-11T11:03:52.100+0000] {dagbag.py:538} INFO - Filling up the DagBag from /opt/airflow/dags/youtube_analytics_dag.py
[2026-03-11T11:03:53.358+0000] {processor.py:840} INFO - DAG(s) 'youtube_analytics_pipeline' retrieved from /opt/airflow/dags/youtube_analytics_dag.py
[2026-03-11T11:03:53.436+0000] {logging_mixin.py:188} INFO - [2026-03-11T11:03:53.435+0000] {dag.py:3033} INFO - Sync 1 DAGs
[2026-03-11T11:03:53.502+0000] {logging_mixin.py:188} INFO - [2026-03-11T11:03:53.502+0000] {dag.py:3820} INFO - Setting next_dagrun for youtube_analytics_pipeline to 2026-03-11T00:00:00+00:00, run_after=2026-03-11T06:00:00+00:00
[2026-03-11T11:03:53.561+0000] {processor.py:183} INFO - Processing /opt/airflow/dags/youtube_analytics_dag.py took 1.477 seconds
[2026-03-11T11:04:24.089+0000] {processor.py:161} INFO - Started process (PID=1872) to work on /opt/airflow/dags/youtube_analytics_dag.py
[2026-03-11T11:04:24.091+0000] {processor.py:830} INFO - Processing file /opt/airflow/dags/youtube_analytics_dag.py for tasks to queue
[2026-03-11T11:04:24.094+0000] {logging_mixin.py:188} INFO - [2026-03-11T11:04:24.092+0000] {dagbag.py:538} INFO - Filling up the DagBag from /opt/airflow/dags/youtube_analytics_dag.py
[2026-03-11T11:04:25.130+0000] {processor.py:840} INFO - DAG(s) 'youtube_analytics_pipeline' retrieved from /opt/airflow/dags/youtube_analytics_dag.py
[2026-03-11T11:04:25.303+0000] {logging_mixin.py:188} INFO - [2026-03-11T11:04:25.302+0000] {dag.py:3033} INFO - Sync 1 DAGs
[2026-03-11T11:04:25.398+0000] {logging_mixin.py:188} INFO - [2026-03-11T11:04:25.397+0000] {dag.py:3820} INFO - Setting next_dagrun for youtube_analytics_pipeline to 2026-03-11T00:00:00+00:00, run_after=2026-03-11T06:00:00+00:00
[2026-03-11T11:04:25.450+0000] {processor.py:183} INFO - Processing /opt/airflow/dags/youtube_analytics_dag.py took 1.367 seconds
[2026-03-11T11:04:55.831+0000] {processor.py:161} INFO - Started process (PID=1893) to work on /opt/airflow/dags/youtube_analytics_dag.py
[2026-03-11T11:04:55.836+0000] {processor.py:830} INFO - Processing file /opt/airflow/dags/youtube_analytics_dag.py for tasks to queue
[2026-03-11T11:04:55.842+0000] {logging_mixin.py:188} INFO - [2026-03-11T11:04:55.839+0000] {dagbag.py:538} INFO - Filling up the DagBag from /opt/airflow/dags/youtube_analytics_dag.py
[2026-03-11T11:04:58.482+0000] {processor.py:840} INFO - DAG(s) 'youtube_analytics_pipeline' retrieved from /opt/airflow/dags/youtube_analytics_dag.py
[2026-03-11T11:04:58.657+0000] {logging_mixin.py:188} INFO - [2026-03-11T11:04:58.651+0000] {dag.py:3033} INFO - Sync 1 DAGs
[2026-03-11T11:04:58.902+0000] {logging_mixin.py:188} INFO - [2026-03-11T11:04:58.901+0000] {dag.py:3820} INFO - Setting next_dagrun for youtube_analytics_pipeline to 2026-03-11T00:00:00+00:00, run_after=2026-03-11T06:00:00+00:00
[2026-03-11T11:04:59.018+0000] {processor.py:183} INFO - Processing /opt/airflow/dags/youtube_analytics_dag.py took 3.204 seconds
[2026-03-11T11:05:29.648+0000] {processor.py:161} INFO - Started process (PID=1924) to work on /opt/airflow/dags/youtube_analytics_dag.py
[2026-03-11T11:05:29.654+0000] {processor.py:830} INFO - Processing file /opt/airflow/dags/youtube_analytics_dag.py for tasks to queue
[2026-03-11T11:05:29.662+0000] {logging_mixin.py:188} INFO - [2026-03-11T11:05:29.660+0000] {dagbag.py:538} INFO - Filling up the DagBag from /opt/airflow/dags/youtube_analytics_dag.py
[2026-03-11T11:05:32.198+0000] {processor.py:840} INFO - DAG(s) 'youtube_analytics_pipeline' retrieved from /opt/airflow/dags/youtube_analytics_dag.py
[2026-03-11T11:05:32.340+0000] {logging_mixin.py:188} INFO - [2026-03-11T11:05:32.333+0000] {dag.py:3033} INFO - Sync 1 DAGs
[2026-03-11T11:05:32.451+0000] {logging_mixin.py:188} INFO - [2026-03-11T11:05:32.451+0000] {dag.py:3820} INFO - Setting next_dagrun for youtube_analytics_pipeline to 2026-03-11T00:00:00+00:00, run_after=2026-03-11T06:00:00+00:00
[2026-03-11T11:05:32.526+0000] {processor.py:183} INFO - Processing /opt/airflow/dags/youtube_analytics_dag.py took 2.896 seconds
[2026-03-11T11:06:02.736+0000] {processor.py:161} INFO - Started process (PID=1950) to work on /opt/airflow/dags/youtube_analytics_dag.py
[2026-03-11T11:06:02.739+0000] {processor.py:830} INFO - Processing file /opt/airflow/dags/youtube_analytics_dag.py for tasks to queue
[2026-03-11T11:06:02.744+0000] {logging_mixin.py:188} INFO - [2026-03-11T11:06:02.742+0000] {dagbag.py:538} INFO - Filling up the DagBag from /opt/airflow/dags/youtube_analytics_dag.py
[2026-03-11T11:06:04.733+0000] {processor.py:840} INFO - DAG(s) 'youtube_analytics_pipeline' retrieved from /opt/airflow/dags/youtube_analytics_dag.py
[2026-03-11T11:06:04.898+0000] {logging_mixin.py:188} INFO - [2026-03-11T11:06:04.897+0000] {dag.py:3033} INFO - Sync 1 DAGs
[2026-03-11T11:06:05.055+0000] {logging_mixin.py:188} INFO - [2026-03-11T11:06:05.055+0000] {dag.py:3820} INFO - Setting next_dagrun for youtube_analytics_pipeline to 2026-03-11T00:00:00+00:00, run_after=2026-03-11T06:00:00+00:00
[2026-03-11T11:06:05.151+0000] {processor.py:183} INFO - Processing /opt/airflow/dags/youtube_analytics_dag.py took 2.432 seconds
[2026-03-11T11:06:35.398+0000] {processor.py:161} INFO - Started process (PID=1971) to work on /opt/airflow/dags/youtube_analytics_dag.py
[2026-03-11T11:06:35.401+0000] {processor.py:830} INFO - Processing file /opt/airflow/dags/youtube_analytics_dag.py for tasks to queue
[2026-03-11T11:06:35.403+0000] {logging_mixin.py:188} INFO - [2026-03-11T11:06:35.402+0000] {dagbag.py:538} INFO - Filling up the DagBag from /opt/airflow/dags/youtube_analytics_dag.py
[2026-03-11T11:06:36.364+0000] {processor.py:840} INFO - DAG(s) 'youtube_analytics_pipeline' retrieved from /opt/airflow/dags/youtube_analytics_dag.py
[2026-03-11T11:06:36.424+0000] {logging_mixin.py:188} INFO - [2026-03-11T11:06:36.423+0000] {dag.py:3033} INFO - Sync 1 DAGs
[2026-03-11T11:06:36.474+0000] {logging_mixin.py:188} INFO - [2026-03-11T11:06:36.473+0000] {dag.py:3820} INFO - Setting next_dagrun for youtube_analytics_pipeline to 2026-03-11T00:00:00+00:00, run_after=2026-03-11T06:00:00+00:00
[2026-03-11T11:06:36.515+0000] {processor.py:183} INFO - Processing /opt/airflow/dags/youtube_analytics_dag.py took 1.128 seconds
[2026-03-11T11:07:06.655+0000] {processor.py:161} INFO - Started process (PID=1992) to work on /opt/airflow/dags/youtube_analytics_dag.py
[2026-03-11T11:07:06.658+0000] {processor.py:830} INFO - Processing file /opt/airflow/dags/youtube_analytics_dag.py for tasks to queue
[2026-03-11T11:07:06.662+0000] {logging_mixin.py:188} INFO - [2026-03-11T11:07:06.660+0000] {dagbag.py:538} INFO - Filling up the DagBag from /opt/airflow/dags/youtube_analytics_dag.py
[2026-03-11T11:07:07.812+0000] {processor.py:840} INFO - DAG(s) 'youtube_analytics_pipeline' retrieved from /opt/airflow/dags/youtube_analytics_dag.py
[2026-03-11T11:07:07.914+0000] {logging_mixin.py:188} INFO - [2026-03-11T11:07:07.912+0000] {dag.py:3033} INFO - Sync 1 DAGs
[2026-03-11T11:07:08.023+0000] {logging_mixin.py:188} INFO - [2026-03-11T11:07:08.023+0000] {dag.py:3820} INFO - Setting next_dagrun for youtube_analytics_pipeline to 2026-03-11T00:00:00+00:00, run_after=2026-03-11T06:00:00+00:00
[2026-03-11T11:07:08.099+0000] {processor.py:183} INFO - Processing /opt/airflow/dags/youtube_analytics_dag.py took 1.451 seconds
[2026-03-11T11:07:38.443+0000] {processor.py:161} INFO - Started process (PID=2013) to work on /opt/airflow/dags/youtube_analytics_dag.py
[2026-03-11T11:07:38.446+0000] {processor.py:830} INFO - Processing file /opt/airflow/dags/youtube_analytics_dag.py for tasks to queue
[2026-03-11T11:07:38.449+0000] {logging_mixin.py:188} INFO - [2026-03-11T11:07:38.448+0000] {dagbag.py:538} INFO - Filling up the DagBag from /opt/airflow/dags/youtube_analytics_dag.py
[2026-03-11T11:07:40.271+0000] {processor.py:840} INFO - DAG(s) 'youtube_analytics_pipeline' retrieved from /opt/airflow/dags/youtube_analytics_dag.py
[2026-03-11T11:07:40.385+0000] {logging_mixin.py:188} INFO - [2026-03-11T11:07:40.384+0000] {dag.py:3033} INFO - Sync 1 DAGs
[2026-03-11T11:07:40.499+0000] {logging_mixin.py:188} INFO - [2026-03-11T11:07:40.498+0000] {dag.py:3820} INFO - Setting next_dagrun for youtube_analytics_pipeline to 2026-03-11T00:00:00+00:00, run_after=2026-03-11T06:00:00+00:00
[2026-03-11T11:07:40.587+0000] {processor.py:183} INFO - Processing /opt/airflow/dags/youtube_analytics_dag.py took 2.156 seconds
[2026-03-11T11:08:11.189+0000] {processor.py:161} INFO - Started process (PID=2034) to work on /opt/airflow/dags/youtube_analytics_dag.py
[2026-03-11T11:08:11.195+0000] {processor.py:830} INFO - Processing file /opt/airflow/dags/youtube_analytics_dag.py for tasks to queue
[2026-03-11T11:08:11.201+0000] {logging_mixin.py:188} INFO - [2026-03-11T11:08:11.200+0000] {dagbag.py:538} INFO - Filling up the DagBag from /opt/airflow/dags/youtube_analytics_dag.py
[2026-03-11T11:08:13.416+0000] {processor.py:840} INFO - DAG(s) 'youtube_analytics_pipeline' retrieved from /opt/airflow/dags/youtube_analytics_dag.py
[2026-03-11T11:08:13.577+0000] {logging_mixin.py:188} INFO - [2026-03-11T11:08:13.574+0000] {dag.py:3033} INFO - Sync 1 DAGs
[2026-03-11T11:08:13.709+0000] {logging_mixin.py:188} INFO - [2026-03-11T11:08:13.708+0000] {dag.py:3820} INFO - Setting next_dagrun for youtube_analytics_pipeline to 2026-03-11T00:00:00+00:00, run_after=2026-03-11T06:00:00+00:00
[2026-03-11T11:08:13.821+0000] {processor.py:183} INFO - Processing /opt/airflow/dags/youtube_analytics_dag.py took 2.651 seconds
[2026-03-11T11:08:44.288+0000] {processor.py:161} INFO - Started process (PID=2055) to work on /opt/airflow/dags/youtube_analytics_dag.py
[2026-03-11T11:08:44.291+0000] {processor.py:830} INFO - Processing file /opt/airflow/dags/youtube_analytics_dag.py for tasks to queue
[2026-03-11T11:08:44.295+0000] {logging_mixin.py:188} INFO - [2026-03-11T11:08:44.294+0000] {dagbag.py:538} INFO - Filling up the DagBag from /opt/airflow/dags/youtube_analytics_dag.py
[2026-03-11T11:08:45.863+0000] {processor.py:840} INFO - DAG(s) 'youtube_analytics_pipeline' retrieved from /opt/airflow/dags/youtube_analytics_dag.py
[2026-03-11T11:08:45.982+0000] {logging_mixin.py:188} INFO - [2026-03-11T11:08:45.981+0000] {dag.py:3033} INFO - Sync 1 DAGs
[2026-03-11T11:08:46.075+0000] {logging_mixin.py:188} INFO - [2026-03-11T11:08:46.074+0000] {dag.py:3820} INFO - Setting next_dagrun for youtube_analytics_pipeline to 2026-03-11T00:00:00+00:00, run_after=2026-03-11T06:00:00+00:00
[2026-03-11T11:08:46.182+0000] {processor.py:183} INFO - Processing /opt/airflow/dags/youtube_analytics_dag.py took 1.905 seconds
[2026-03-11T11:09:16.709+0000] {processor.py:161} INFO - Started process (PID=2076) to work on /opt/airflow/dags/youtube_analytics_dag.py
[2026-03-11T11:09:16.713+0000] {processor.py:830} INFO - Processing file /opt/airflow/dags/youtube_analytics_dag.py for tasks to queue
[2026-03-11T11:09:16.717+0000] {logging_mixin.py:188} INFO - [2026-03-11T11:09:16.716+0000] {dagbag.py:538} INFO - Filling up the DagBag from /opt/airflow/dags/youtube_analytics_dag.py
[2026-03-11T11:09:18.264+0000] {processor.py:840} INFO - DAG(s) 'youtube_analytics_pipeline' retrieved from /opt/airflow/dags/youtube_analytics_dag.py
[2026-03-11T11:09:18.416+0000] {logging_mixin.py:188} INFO - [2026-03-11T11:09:18.414+0000] {dag.py:3033} INFO - Sync 1 DAGs
[2026-03-11T11:09:18.511+0000] {logging_mixin.py:188} INFO - [2026-03-11T11:09:18.511+0000] {dag.py:3820} INFO - Setting next_dagrun for youtube_analytics_pipeline to 2026-03-11T00:00:00+00:00, run_after=2026-03-11T06:00:00+00:00
[2026-03-11T11:09:18.573+0000] {processor.py:183} INFO - Processing /opt/airflow/dags/youtube_analytics_dag.py took 1.881 seconds
[2026-03-11T11:09:49.330+0000] {processor.py:161} INFO - Started process (PID=2097) to work on /opt/airflow/dags/youtube_analytics_dag.py
[2026-03-11T11:09:49.333+0000] {processor.py:830} INFO - Processing file /opt/airflow/dags/youtube_analytics_dag.py for tasks to queue
[2026-03-11T11:09:49.337+0000] {logging_mixin.py:188} INFO - [2026-03-11T11:09:49.336+0000] {dagbag.py:538} INFO - Filling up the DagBag from /opt/airflow/dags/youtube_analytics_dag.py
[2026-03-11T11:09:50.822+0000] {processor.py:840} INFO - DAG(s) 'youtube_analytics_pipeline' retrieved from /opt/airflow/dags/youtube_analytics_dag.py
[2026-03-11T11:09:50.920+0000] {logging_mixin.py:188} INFO - [2026-03-11T11:09:50.919+0000] {dag.py:3033} INFO - Sync 1 DAGs
[2026-03-11T11:09:51.046+0000] {logging_mixin.py:188} INFO - [2026-03-11T11:09:51.044+0000] {dag.py:3820} INFO - Setting next_dagrun for youtube_analytics_pipeline to 2026-03-11T00:00:00+00:00, run_after=2026-03-11T06:00:00+00:00
[2026-03-11T11:09:51.121+0000] {processor.py:183} INFO - Processing /opt/airflow/dags/youtube_analytics_dag.py took 1.806 seconds
[2026-03-11T11:10:21.453+0000] {processor.py:161} INFO - Started process (PID=2118) to work on /opt/airflow/dags/youtube_analytics_dag.py
[2026-03-11T11:10:21.455+0000] {processor.py:830} INFO - Processing file /opt/airflow/dags/youtube_analytics_dag.py for tasks to queue
[2026-03-11T11:10:21.458+0000] {logging_mixin.py:188} INFO - [2026-03-11T11:10:21.457+0000] {dagbag.py:538} INFO - Filling up the DagBag from /opt/airflow/dags/youtube_analytics_dag.py
[2026-03-11T11:10:23.374+0000] {processor.py:840} INFO - DAG(s) 'youtube_analytics_pipeline' retrieved from /opt/airflow/dags/youtube_analytics_dag.py
[2026-03-11T11:10:23.470+0000] {logging_mixin.py:188} INFO - [2026-03-11T11:10:23.469+0000] {dag.py:3033} INFO - Sync 1 DAGs
[2026-03-11T11:10:23.550+0000] {logging_mixin.py:188} INFO - [2026-03-11T11:10:23.549+0000] {dag.py:3820} INFO - Setting next_dagrun for youtube_analytics_pipeline to 2026-03-11T00:00:00+00:00, run_after=2026-03-11T06:00:00+00:00
[2026-03-11T11:10:23.654+0000] {processor.py:183} INFO - Processing /opt/airflow/dags/youtube_analytics_dag.py took 2.217 seconds
[2026-03-11T11:10:54.164+0000] {processor.py:161} INFO - Started process (PID=2139) to work on /opt/airflow/dags/youtube_analytics_dag.py
[2026-03-11T11:10:54.167+0000] {processor.py:830} INFO - Processing file /opt/airflow/dags/youtube_analytics_dag.py for tasks to queue
[2026-03-11T11:10:54.169+0000] {logging_mixin.py:188} INFO - [2026-03-11T11:10:54.168+0000] {dagbag.py:538} INFO - Filling up the DagBag from /opt/airflow/dags/youtube_analytics_dag.py
[2026-03-11T11:10:55.183+0000] {processor.py:840} INFO - DAG(s) 'youtube_analytics_pipeline' retrieved from /opt/airflow/dags/youtube_analytics_dag.py
[2026-03-11T11:10:55.253+0000] {logging_mixin.py:188} INFO - [2026-03-11T11:10:55.253+0000] {dag.py:3033} INFO - Sync 1 DAGs
[2026-03-11T11:10:55.313+0000] {logging_mixin.py:188} INFO - [2026-03-11T11:10:55.313+0000] {dag.py:3820} INFO - Setting next_dagrun for youtube_analytics_pipeline to 2026-03-11T00:00:00+00:00, run_after=2026-03-11T06:00:00+00:00
[2026-03-11T11:10:55.394+0000] {processor.py:183} INFO - Processing /opt/airflow/dags/youtube_analytics_dag.py took 1.240 seconds
[2026-03-11T11:11:25.816+0000] {processor.py:161} INFO - Started process (PID=2160) to work on /opt/airflow/dags/youtube_analytics_dag.py
[2026-03-11T11:11:25.819+0000] {processor.py:830} INFO - Processing file /opt/airflow/dags/youtube_analytics_dag.py for tasks to queue
[2026-03-11T11:11:25.822+0000] {logging_mixin.py:188} INFO - [2026-03-11T11:11:25.821+0000] {dagbag.py:538} INFO - Filling up the DagBag from /opt/airflow/dags/youtube_analytics_dag.py
[2026-03-11T11:11:27.403+0000] {processor.py:840} INFO - DAG(s) 'youtube_analytics_pipeline' retrieved from /opt/airflow/dags/youtube_analytics_dag.py
[2026-03-11T11:11:27.610+0000] {logging_mixin.py:188} INFO - [2026-03-11T11:11:27.608+0000] {dag.py:3033} INFO - Sync 1 DAGs
[2026-03-11T11:11:27.679+0000] {logging_mixin.py:188} INFO - [2026-03-11T11:11:27.678+0000] {dag.py:3820} INFO - Setting next_dagrun for youtube_analytics_pipeline to 2026-03-11T00:00:00+00:00, run_after=2026-03-11T06:00:00+00:00
[2026-03-11T11:11:27.769+0000] {processor.py:183} INFO - Processing /opt/airflow/dags/youtube_analytics_dag.py took 1.960 seconds
[2026-03-11T11:11:58.176+0000] {processor.py:161} INFO - Started process (PID=2181) to work on /opt/airflow/dags/youtube_analytics_dag.py
[2026-03-11T11:11:58.179+0000] {processor.py:830} INFO - Processing file /opt/airflow/dags/youtube_analytics_dag.py for tasks to queue
[2026-03-11T11:11:58.182+0000] {logging_mixin.py:188} INFO - [2026-03-11T11:11:58.181+0000] {dagbag.py:538} INFO - Filling up the DagBag from /opt/airflow/dags/youtube_analytics_dag.py
[2026-03-11T11:12:00.167+0000] {processor.py:840} INFO - DAG(s) 'youtube_analytics_pipeline' retrieved from /opt/airflow/dags/youtube_analytics_dag.py
[2026-03-11T11:12:00.310+0000] {logging_mixin.py:188} INFO - [2026-03-11T11:12:00.308+0000] {dag.py:3033} INFO - Sync 1 DAGs
[2026-03-11T11:12:00.523+0000] {logging_mixin.py:188} INFO - [2026-03-11T11:12:00.522+0000] {dag.py:3820} INFO - Setting next_dagrun for youtube_analytics_pipeline to 2026-03-11T00:00:00+00:00, run_after=2026-03-11T06:00:00+00:00
[2026-03-11T11:12:00.585+0000] {processor.py:183} INFO - Processing /opt/airflow/dags/youtube_analytics_dag.py took 2.419 seconds
[2026-03-11T11:12:30.907+0000] {processor.py:161} INFO - Started process (PID=2202) to work on /opt/airflow/dags/youtube_analytics_dag.py
[2026-03-11T11:12:30.911+0000] {processor.py:830} INFO - Processing file /opt/airflow/dags/youtube_analytics_dag.py for tasks to queue
[2026-03-11T11:12:30.914+0000] {logging_mixin.py:188} INFO - [2026-03-11T11:12:30.913+0000] {dagbag.py:538} INFO - Filling up the DagBag from /opt/airflow/dags/youtube_analytics_dag.py
[2026-03-11T11:12:34.079+0000] {processor.py:840} INFO - DAG(s) 'youtube_analytics_pipeline' retrieved from /opt/airflow/dags/youtube_analytics_dag.py
[2026-03-11T11:12:34.222+0000] {logging_mixin.py:188} INFO - [2026-03-11T11:12:34.221+0000] {dag.py:3033} INFO - Sync 1 DAGs
[2026-03-11T11:12:34.364+0000] {logging_mixin.py:188} INFO - [2026-03-11T11:12:34.362+0000] {dag.py:3820} INFO - Setting next_dagrun for youtube_analytics_pipeline to 2026-03-11T00:00:00+00:00, run_after=2026-03-11T06:00:00+00:00
[2026-03-11T11:12:34.458+0000] {processor.py:183} INFO - Processing /opt/airflow/dags/youtube_analytics_dag.py took 3.563 seconds
[2026-03-11T11:13:05.498+0000] {processor.py:161} INFO - Started process (PID=2223) to work on /opt/airflow/dags/youtube_analytics_dag.py
[2026-03-11T11:13:05.502+0000] {processor.py:830} INFO - Processing file /opt/airflow/dags/youtube_analytics_dag.py for tasks to queue
[2026-03-11T11:13:05.506+0000] {logging_mixin.py:188} INFO - [2026-03-11T11:13:05.504+0000] {dagbag.py:538} INFO - Filling up the DagBag from /opt/airflow/dags/youtube_analytics_dag.py
[2026-03-11T11:13:07.014+0000] {processor.py:840} INFO - DAG(s) 'youtube_analytics_pipeline' retrieved from /opt/airflow/dags/youtube_analytics_dag.py
[2026-03-11T11:13:07.149+0000] {logging_mixin.py:188} INFO - [2026-03-11T11:13:07.147+0000] {dag.py:3033} INFO - Sync 1 DAGs
[2026-03-11T11:13:07.291+0000] {logging_mixin.py:188} INFO - [2026-03-11T11:13:07.290+0000] {dag.py:3820} INFO - Setting next_dagrun for youtube_analytics_pipeline to 2026-03-11T00:00:00+00:00, run_after=2026-03-11T06:00:00+00:00
[2026-03-11T11:13:07.350+0000] {processor.py:183} INFO - Processing /opt/airflow/dags/youtube_analytics_dag.py took 1.861 seconds
[2026-03-11T11:13:37.752+0000] {processor.py:161} INFO - Started process (PID=2244) to work on /opt/airflow/dags/youtube_analytics_dag.py
[2026-03-11T11:13:37.756+0000] {processor.py:830} INFO - Processing file /opt/airflow/dags/youtube_analytics_dag.py for tasks to queue
[2026-03-11T11:13:37.760+0000] {logging_mixin.py:188} INFO - [2026-03-11T11:13:37.757+0000] {dagbag.py:538} INFO - Filling up the DagBag from /opt/airflow/dags/youtube_analytics_dag.py
[2026-03-11T11:13:39.619+0000] {processor.py:840} INFO - DAG(s) 'youtube_analytics_pipeline' retrieved from /opt/airflow/dags/youtube_analytics_dag.py
[2026-03-11T11:13:39.753+0000] {logging_mixin.py:188} INFO - [2026-03-11T11:13:39.750+0000] {dag.py:3033} INFO - Sync 1 DAGs
[2026-03-11T11:13:39.859+0000] {logging_mixin.py:188} INFO - [2026-03-11T11:13:39.858+0000] {dag.py:3820} INFO - Setting next_dagrun for youtube_analytics_pipeline to 2026-03-11T00:00:00+00:00, run_after=2026-03-11T06:00:00+00:00
[2026-03-11T11:13:39.948+0000] {processor.py:183} INFO - Processing /opt/airflow/dags/youtube_analytics_dag.py took 2.211 seconds
[2026-03-11T11:14:10.208+0000] {processor.py:161} INFO - Started process (PID=2265) to work on /opt/airflow/dags/youtube_analytics_dag.py
[2026-03-11T11:14:10.216+0000] {processor.py:830} INFO - Processing file /opt/airflow/dags/youtube_analytics_dag.py for tasks to queue
[2026-03-11T11:14:10.221+0000] {logging_mixin.py:188} INFO - [2026-03-11T11:14:10.219+0000] {dagbag.py:538} INFO - Filling up the DagBag from /opt/airflow/dags/youtube_analytics_dag.py
[2026-03-11T11:14:12.253+0000] {processor.py:840} INFO - DAG(s) 'youtube_analytics_pipeline' retrieved from /opt/airflow/dags/youtube_analytics_dag.py
[2026-03-11T11:14:12.384+0000] {logging_mixin.py:188} INFO - [2026-03-11T11:14:12.381+0000] {dag.py:3033} INFO - Sync 1 DAGs
[2026-03-11T11:14:12.569+0000] {logging_mixin.py:188} INFO - [2026-03-11T11:14:12.568+0000] {dag.py:3820} INFO - Setting next_dagrun for youtube_analytics_pipeline to 2026-03-11T00:00:00+00:00, run_after=2026-03-11T06:00:00+00:00
[2026-03-11T11:14:12.751+0000] {processor.py:183} INFO - Processing /opt/airflow/dags/youtube_analytics_dag.py took 2.572 seconds
[2026-03-11T11:16:13.964+0000] {processor.py:161} INFO - Started process (PID=187) to work on /opt/airflow/dags/youtube_analytics_dag.py
[2026-03-11T11:16:13.966+0000] {processor.py:830} INFO - Processing file /opt/airflow/dags/youtube_analytics_dag.py for tasks to queue
[2026-03-11T11:16:13.973+0000] {logging_mixin.py:188} INFO - [2026-03-11T11:16:13.972+0000] {dagbag.py:538} INFO - Filling up the DagBag from /opt/airflow/dags/youtube_analytics_dag.py
[2026-03-11T11:16:16.628+0000] {processor.py:840} INFO - DAG(s) 'youtube_analytics_pipeline' retrieved from /opt/airflow/dags/youtube_analytics_dag.py
[2026-03-11T11:16:16.737+0000] {logging_mixin.py:188} INFO - [2026-03-11T11:16:16.736+0000] {dag.py:3033} INFO - Sync 1 DAGs
[2026-03-11T11:16:16.852+0000] {logging_mixin.py:188} INFO - [2026-03-11T11:16:16.852+0000] {dag.py:3820} INFO - Setting next_dagrun for youtube_analytics_pipeline to 2026-03-11T00:00:00+00:00, run_after=2026-03-11T06:00:00+00:00
[2026-03-11T11:16:16.923+0000] {processor.py:183} INFO - Processing /opt/airflow/dags/youtube_analytics_dag.py took 2.969 seconds
[2026-03-11T11:16:47.657+0000] {processor.py:161} INFO - Started process (PID=218) to work on /opt/airflow/dags/youtube_analytics_dag.py
[2026-03-11T11:16:47.660+0000] {processor.py:830} INFO - Processing file /opt/airflow/dags/youtube_analytics_dag.py for tasks to queue
[2026-03-11T11:16:47.669+0000] {logging_mixin.py:188} INFO - [2026-03-11T11:16:47.668+0000] {dagbag.py:538} INFO - Filling up the DagBag from /opt/airflow/dags/youtube_analytics_dag.py
[2026-03-11T11:16:49.064+0000] {processor.py:840} INFO - DAG(s) 'youtube_analytics_pipeline' retrieved from /opt/airflow/dags/youtube_analytics_dag.py
[2026-03-11T11:16:49.404+0000] {logging_mixin.py:188} INFO - [2026-03-11T11:16:49.403+0000] {dag.py:3033} INFO - Sync 1 DAGs
[2026-03-11T11:16:49.542+0000] {logging_mixin.py:188} INFO - [2026-03-11T11:16:49.541+0000] {dag.py:3820} INFO - Setting next_dagrun for youtube_analytics_pipeline to 2026-03-11T00:00:00+00:00, run_after=2026-03-11T06:00:00+00:00
[2026-03-11T11:16:49.622+0000] {processor.py:183} INFO - Processing /opt/airflow/dags/youtube_analytics_dag.py took 1.985 seconds
[2026-03-11T11:17:19.891+0000] {processor.py:161} INFO - Started process (PID=250) to work on /opt/airflow/dags/youtube_analytics_dag.py
[2026-03-11T11:17:19.894+0000] {processor.py:830} INFO - Processing file /opt/airflow/dags/youtube_analytics_dag.py for tasks to queue
[2026-03-11T11:17:19.910+0000] {logging_mixin.py:188} INFO - [2026-03-11T11:17:19.908+0000] {dagbag.py:538} INFO - Filling up the DagBag from /opt/airflow/dags/youtube_analytics_dag.py
[2026-03-11T11:17:21.552+0000] {processor.py:840} INFO - DAG(s) 'youtube_analytics_pipeline' retrieved from /opt/airflow/dags/youtube_analytics_dag.py
[2026-03-11T11:17:21.653+0000] {logging_mixin.py:188} INFO - [2026-03-11T11:17:21.649+0000] {dag.py:3033} INFO - Sync 1 DAGs
[2026-03-11T11:17:21.739+0000] {logging_mixin.py:188} INFO - [2026-03-11T11:17:21.739+0000] {dag.py:3820} INFO - Setting next_dagrun for youtube_analytics_pipeline to 2026-03-11T00:00:00+00:00, run_after=2026-03-11T06:00:00+00:00
[2026-03-11T11:17:21.824+0000] {processor.py:183} INFO - Processing /opt/airflow/dags/youtube_analytics_dag.py took 1.949 seconds
[2026-03-11T11:17:51.952+0000] {processor.py:161} INFO - Started process (PID=279) to work on /opt/airflow/dags/youtube_analytics_dag.py
[2026-03-11T11:17:51.954+0000] {processor.py:830} INFO - Processing file /opt/airflow/dags/youtube_analytics_dag.py for tasks to queue
[2026-03-11T11:17:51.961+0000] {logging_mixin.py:188} INFO - [2026-03-11T11:17:51.960+0000] {dagbag.py:538} INFO - Filling up the DagBag from /opt/airflow/dags/youtube_analytics_dag.py
[2026-03-11T11:17:53.692+0000] {processor.py:840} INFO - DAG(s) 'youtube_analytics_pipeline' retrieved from /opt/airflow/dags/youtube_analytics_dag.py
[2026-03-11T11:17:53.801+0000] {logging_mixin.py:188} INFO - [2026-03-11T11:17:53.799+0000] {dag.py:3033} INFO - Sync 1 DAGs
[2026-03-11T11:17:53.888+0000] {logging_mixin.py:188} INFO - [2026-03-11T11:17:53.888+0000] {dag.py:3820} INFO - Setting next_dagrun for youtube_analytics_pipeline to 2026-03-11T00:00:00+00:00, run_after=2026-03-11T06:00:00+00:00
[2026-03-11T11:17:54.633+0000] {processor.py:183} INFO - Processing /opt/airflow/dags/youtube_analytics_dag.py took 2.697 seconds
[2026-03-11T11:18:24.888+0000] {processor.py:161} INFO - Started process (PID=314) to work on /opt/airflow/dags/youtube_analytics_dag.py
[2026-03-11T11:18:24.890+0000] {processor.py:830} INFO - Processing file /opt/airflow/dags/youtube_analytics_dag.py for tasks to queue
[2026-03-11T11:18:24.900+0000] {logging_mixin.py:188} INFO - [2026-03-11T11:18:24.899+0000] {dagbag.py:538} INFO - Filling up the DagBag from /opt/airflow/dags/youtube_analytics_dag.py
[2026-03-11T11:18:27.002+0000] {processor.py:840} INFO - DAG(s) 'youtube_analytics_pipeline' retrieved from /opt/airflow/dags/youtube_analytics_dag.py
[2026-03-11T11:18:27.118+0000] {logging_mixin.py:188} INFO - [2026-03-11T11:18:27.116+0000] {dag.py:3033} INFO - Sync 1 DAGs
[2026-03-11T11:18:27.214+0000] {logging_mixin.py:188} INFO - [2026-03-11T11:18:27.214+0000] {dag.py:3820} INFO - Setting next_dagrun for youtube_analytics_pipeline to 2026-03-11T00:00:00+00:00, run_after=2026-03-11T06:00:00+00:00
[2026-03-11T11:18:27.297+0000] {processor.py:183} INFO - Processing /opt/airflow/dags/youtube_analytics_dag.py took 2.426 seconds
[2026-03-11T11:18:57.624+0000] {processor.py:161} INFO - Started process (PID=346) to work on /opt/airflow/dags/youtube_analytics_dag.py
[2026-03-11T11:18:57.627+0000] {processor.py:830} INFO - Processing file /opt/airflow/dags/youtube_analytics_dag.py for tasks to queue
[2026-03-11T11:18:57.634+0000] {logging_mixin.py:188} INFO - [2026-03-11T11:18:57.632+0000] {dagbag.py:538} INFO - Filling up the DagBag from /opt/airflow/dags/youtube_analytics_dag.py
[2026-03-11T11:18:58.733+0000] {processor.py:840} INFO - DAG(s) 'youtube_analytics_pipeline' retrieved from /opt/airflow/dags/youtube_analytics_dag.py
[2026-03-11T11:18:58.819+0000] {logging_mixin.py:188} INFO - [2026-03-11T11:18:58.818+0000] {dag.py:3033} INFO - Sync 1 DAGs
[2026-03-11T11:18:58.903+0000] {logging_mixin.py:188} INFO - [2026-03-11T11:18:58.902+0000] {dag.py:3820} INFO - Setting next_dagrun for youtube_analytics_pipeline to 2026-03-11T00:00:00+00:00, run_after=2026-03-11T06:00:00+00:00
[2026-03-11T11:18:58.969+0000] {processor.py:183} INFO - Processing /opt/airflow/dags/youtube_analytics_dag.py took 1.356 seconds
[2026-03-11T11:19:29.232+0000] {processor.py:161} INFO - Started process (PID=386) to work on /opt/airflow/dags/youtube_analytics_dag.py
[2026-03-11T11:19:29.235+0000] {processor.py:830} INFO - Processing file /opt/airflow/dags/youtube_analytics_dag.py for tasks to queue
[2026-03-11T11:19:29.245+0000] {logging_mixin.py:188} INFO - [2026-03-11T11:19:29.244+0000] {dagbag.py:538} INFO - Filling up the DagBag from /opt/airflow/dags/youtube_analytics_dag.py
[2026-03-11T11:19:30.478+0000] {processor.py:840} INFO - DAG(s) 'youtube_analytics_pipeline' retrieved from /opt/airflow/dags/youtube_analytics_dag.py
[2026-03-11T11:19:30.571+0000] {logging_mixin.py:188} INFO - [2026-03-11T11:19:30.570+0000] {dag.py:3033} INFO - Sync 1 DAGs
[2026-03-11T11:19:30.631+0000] {logging_mixin.py:188} INFO - [2026-03-11T11:19:30.631+0000] {dag.py:3820} INFO - Setting next_dagrun for youtube_analytics_pipeline to 2026-03-11T00:00:00+00:00, run_after=2026-03-11T06:00:00+00:00
[2026-03-11T11:19:30.674+0000] {processor.py:183} INFO - Processing /opt/airflow/dags/youtube_analytics_dag.py took 1.453 seconds
[2026-03-11T11:20:01.031+0000] {processor.py:161} INFO - Started process (PID=418) to work on /opt/airflow/dags/youtube_analytics_dag.py
[2026-03-11T11:20:01.034+0000] {processor.py:830} INFO - Processing file /opt/airflow/dags/youtube_analytics_dag.py for tasks to queue
[2026-03-11T11:20:01.042+0000] {logging_mixin.py:188} INFO - [2026-03-11T11:20:01.040+0000] {dagbag.py:538} INFO - Filling up the DagBag from /opt/airflow/dags/youtube_analytics_dag.py
[2026-03-11T11:20:02.784+0000] {processor.py:840} INFO - DAG(s) 'youtube_analytics_pipeline' retrieved from /opt/airflow/dags/youtube_analytics_dag.py
[2026-03-11T11:20:02.917+0000] {logging_mixin.py:188} INFO - [2026-03-11T11:20:02.916+0000] {dag.py:3033} INFO - Sync 1 DAGs
[2026-03-11T11:20:03.032+0000] {logging_mixin.py:188} INFO - [2026-03-11T11:20:03.032+0000] {dag.py:3820} INFO - Setting next_dagrun for youtube_analytics_pipeline to 2026-03-11T00:00:00+00:00, run_after=2026-03-11T06:00:00+00:00
[2026-03-11T11:20:03.118+0000] {processor.py:183} INFO - Processing /opt/airflow/dags/youtube_analytics_dag.py took 2.096 seconds
[2026-03-11T11:20:33.846+0000] {processor.py:161} INFO - Started process (PID=450) to work on /opt/airflow/dags/youtube_analytics_dag.py
[2026-03-11T11:20:33.850+0000] {processor.py:830} INFO - Processing file /opt/airflow/dags/youtube_analytics_dag.py for tasks to queue
[2026-03-11T11:20:33.859+0000] {logging_mixin.py:188} INFO - [2026-03-11T11:20:33.858+0000] {dagbag.py:538} INFO - Filling up the DagBag from /opt/airflow/dags/youtube_analytics_dag.py
[2026-03-11T11:20:35.808+0000] {processor.py:840} INFO - DAG(s) 'youtube_analytics_pipeline' retrieved from /opt/airflow/dags/youtube_analytics_dag.py
[2026-03-11T11:20:35.962+0000] {logging_mixin.py:188} INFO - [2026-03-11T11:20:35.958+0000] {dag.py:3033} INFO - Sync 1 DAGs
[2026-03-11T11:20:36.159+0000] {logging_mixin.py:188} INFO - [2026-03-11T11:20:36.158+0000] {dag.py:3820} INFO - Setting next_dagrun for youtube_analytics_pipeline to 2026-03-11T00:00:00+00:00, run_after=2026-03-11T06:00:00+00:00
[2026-03-11T11:20:36.357+0000] {processor.py:183} INFO - Processing /opt/airflow/dags/youtube_analytics_dag.py took 2.525 seconds
[2026-03-11T11:21:07.486+0000] {processor.py:161} INFO - Started process (PID=510) to work on /opt/airflow/dags/youtube_analytics_dag.py
[2026-03-11T11:21:07.488+0000] {processor.py:830} INFO - Processing file /opt/airflow/dags/youtube_analytics_dag.py for tasks to queue
[2026-03-11T11:21:07.506+0000] {logging_mixin.py:188} INFO - [2026-03-11T11:21:07.505+0000] {dagbag.py:538} INFO - Filling up the DagBag from /opt/airflow/dags/youtube_analytics_dag.py
[2026-03-11T11:21:09.823+0000] {processor.py:840} INFO - DAG(s) 'youtube_analytics_pipeline' retrieved from /opt/airflow/dags/youtube_analytics_dag.py
[2026-03-11T11:21:09.972+0000] {logging_mixin.py:188} INFO - [2026-03-11T11:21:09.968+0000] {dag.py:3033} INFO - Sync 1 DAGs
[2026-03-11T11:21:10.147+0000] {logging_mixin.py:188} INFO - [2026-03-11T11:21:10.146+0000] {dag.py:3820} INFO - Setting next_dagrun for youtube_analytics_pipeline to 2026-03-11T06:00:00+00:00, run_after=2026-03-11T12:00:00+00:00
[2026-03-11T11:21:10.292+0000] {processor.py:183} INFO - Processing /opt/airflow/dags/youtube_analytics_dag.py took 2.818 seconds
[2026-03-11T11:21:41.188+0000] {processor.py:161} INFO - Started process (PID=552) to work on /opt/airflow/dags/youtube_analytics_dag.py
[2026-03-11T11:21:41.191+0000] {processor.py:830} INFO - Processing file /opt/airflow/dags/youtube_analytics_dag.py for tasks to queue
[2026-03-11T11:21:41.197+0000] {logging_mixin.py:188} INFO - [2026-03-11T11:21:41.196+0000] {dagbag.py:538} INFO - Filling up the DagBag from /opt/airflow/dags/youtube_analytics_dag.py
[2026-03-11T11:21:42.820+0000] {processor.py:840} INFO - DAG(s) 'youtube_analytics_pipeline' retrieved from /opt/airflow/dags/youtube_analytics_dag.py
[2026-03-11T11:21:42.914+0000] {logging_mixin.py:188} INFO - [2026-03-11T11:21:42.912+0000] {dag.py:3033} INFO - Sync 1 DAGs
[2026-03-11T11:21:43.003+0000] {logging_mixin.py:188} INFO - [2026-03-11T11:21:43.002+0000] {dag.py:3820} INFO - Setting next_dagrun for youtube_analytics_pipeline to 2026-03-11T06:00:00+00:00, run_after=2026-03-11T12:00:00+00:00
[2026-03-11T11:21:43.074+0000] {processor.py:183} INFO - Processing /opt/airflow/dags/youtube_analytics_dag.py took 1.894 seconds
[2026-03-11T11:22:13.314+0000] {processor.py:161} INFO - Started process (PID=584) to work on /opt/airflow/dags/youtube_analytics_dag.py
[2026-03-11T11:22:13.316+0000] {processor.py:830} INFO - Processing file /opt/airflow/dags/youtube_analytics_dag.py for tasks to queue
[2026-03-11T11:22:13.324+0000] {logging_mixin.py:188} INFO - [2026-03-11T11:22:13.323+0000] {dagbag.py:538} INFO - Filling up the DagBag from /opt/airflow/dags/youtube_analytics_dag.py
[2026-03-11T11:22:14.546+0000] {processor.py:840} INFO - DAG(s) 'youtube_analytics_pipeline' retrieved from /opt/airflow/dags/youtube_analytics_dag.py
[2026-03-11T11:22:14.639+0000] {logging_mixin.py:188} INFO - [2026-03-11T11:22:14.638+0000] {dag.py:3033} INFO - Sync 1 DAGs
[2026-03-11T11:22:14.731+0000] {logging_mixin.py:188} INFO - [2026-03-11T11:22:14.731+0000] {dag.py:3820} INFO - Setting next_dagrun for youtube_analytics_pipeline to 2026-03-11T06:00:00+00:00, run_after=2026-03-11T12:00:00+00:00
[2026-03-11T11:22:14.787+0000] {processor.py:183} INFO - Processing /opt/airflow/dags/youtube_analytics_dag.py took 1.482 seconds
[2026-03-11T11:22:45.376+0000] {processor.py:161} INFO - Started process (PID=616) to work on /opt/airflow/dags/youtube_analytics_dag.py
[2026-03-11T11:22:45.379+0000] {processor.py:830} INFO - Processing file /opt/airflow/dags/youtube_analytics_dag.py for tasks to queue
[2026-03-11T11:22:45.385+0000] {logging_mixin.py:188} INFO - [2026-03-11T11:22:45.384+0000] {dagbag.py:538} INFO - Filling up the DagBag from /opt/airflow/dags/youtube_analytics_dag.py
[2026-03-11T11:22:46.667+0000] {processor.py:840} INFO - DAG(s) 'youtube_analytics_pipeline' retrieved from /opt/airflow/dags/youtube_analytics_dag.py
[2026-03-11T11:22:46.793+0000] {logging_mixin.py:188} INFO - [2026-03-11T11:22:46.792+0000] {dag.py:3033} INFO - Sync 1 DAGs
[2026-03-11T11:22:46.873+0000] {logging_mixin.py:188} INFO - [2026-03-11T11:22:46.872+0000] {dag.py:3820} INFO - Setting next_dagrun for youtube_analytics_pipeline to 2026-03-11T06:00:00+00:00, run_after=2026-03-11T12:00:00+00:00
[2026-03-11T11:22:46.933+0000] {processor.py:183} INFO - Processing /opt/airflow/dags/youtube_analytics_dag.py took 1.564 seconds
[2026-03-11T11:23:17.306+0000] {processor.py:161} INFO - Started process (PID=648) to work on /opt/airflow/dags/youtube_analytics_dag.py
[2026-03-11T11:23:17.311+0000] {processor.py:830} INFO - Processing file /opt/airflow/dags/youtube_analytics_dag.py for tasks to queue
[2026-03-11T11:23:17.320+0000] {logging_mixin.py:188} INFO - [2026-03-11T11:23:17.319+0000] {dagbag.py:538} INFO - Filling up the DagBag from /opt/airflow/dags/youtube_analytics_dag.py
[2026-03-11T11:23:18.991+0000] {processor.py:840} INFO - DAG(s) 'youtube_analytics_pipeline' retrieved from /opt/airflow/dags/youtube_analytics_dag.py
[2026-03-11T11:23:19.074+0000] {logging_mixin.py:188} INFO - [2026-03-11T11:23:19.068+0000] {dag.py:3033} INFO - Sync 1 DAGs
[2026-03-11T11:23:19.146+0000] {logging_mixin.py:188} INFO - [2026-03-11T11:23:19.145+0000] {dag.py:3820} INFO - Setting next_dagrun for youtube_analytics_pipeline to 2026-03-11T06:00:00+00:00, run_after=2026-03-11T12:00:00+00:00
[2026-03-11T11:23:19.202+0000] {processor.py:183} INFO - Processing /opt/airflow/dags/youtube_analytics_dag.py took 1.908 seconds
[2026-03-11T11:23:50.087+0000] {processor.py:161} INFO - Started process (PID=680) to work on /opt/airflow/dags/youtube_analytics_dag.py
[2026-03-11T11:23:50.092+0000] {processor.py:830} INFO - Processing file /opt/airflow/dags/youtube_analytics_dag.py for tasks to queue
[2026-03-11T11:23:50.102+0000] {logging_mixin.py:188} INFO - [2026-03-11T11:23:50.100+0000] {dagbag.py:538} INFO - Filling up the DagBag from /opt/airflow/dags/youtube_analytics_dag.py
[2026-03-11T11:23:51.973+0000] {processor.py:840} INFO - DAG(s) 'youtube_analytics_pipeline' retrieved from /opt/airflow/dags/youtube_analytics_dag.py
[2026-03-11T11:23:52.093+0000] {logging_mixin.py:188} INFO - [2026-03-11T11:23:52.091+0000] {dag.py:3033} INFO - Sync 1 DAGs
[2026-03-11T11:23:52.199+0000] {logging_mixin.py:188} INFO - [2026-03-11T11:23:52.198+0000] {dag.py:3820} INFO - Setting next_dagrun for youtube_analytics_pipeline to 2026-03-11T06:00:00+00:00, run_after=2026-03-11T12:00:00+00:00
[2026-03-11T11:23:52.305+0000] {processor.py:183} INFO - Processing /opt/airflow/dags/youtube_analytics_dag.py took 2.231 seconds
[2026-03-11T11:24:22.565+0000] {processor.py:161} INFO - Started process (PID=715) to work on /opt/airflow/dags/youtube_analytics_dag.py
[2026-03-11T11:24:22.569+0000] {processor.py:830} INFO - Processing file /opt/airflow/dags/youtube_analytics_dag.py for tasks to queue
[2026-03-11T11:24:22.587+0000] {logging_mixin.py:188} INFO - [2026-03-11T11:24:22.585+0000] {dagbag.py:538} INFO - Filling up the DagBag from /opt/airflow/dags/youtube_analytics_dag.py
[2026-03-11T11:24:24.634+0000] {processor.py:840} INFO - DAG(s) 'youtube_analytics_pipeline' retrieved from /opt/airflow/dags/youtube_analytics_dag.py
[2026-03-11T11:24:24.812+0000] {logging_mixin.py:188} INFO - [2026-03-11T11:24:24.809+0000] {dag.py:3033} INFO - Sync 1 DAGs
[2026-03-11T11:24:25.006+0000] {logging_mixin.py:188} INFO - [2026-03-11T11:24:25.004+0000] {dag.py:3820} INFO - Setting next_dagrun for youtube_analytics_pipeline to 2026-03-11T06:00:00+00:00, run_after=2026-03-11T12:00:00+00:00
[2026-03-11T11:24:25.104+0000] {processor.py:183} INFO - Processing /opt/airflow/dags/youtube_analytics_dag.py took 2.560 seconds
[2026-03-11T11:24:55.276+0000] {processor.py:161} INFO - Started process (PID=747) to work on /opt/airflow/dags/youtube_analytics_dag.py
[2026-03-11T11:24:55.280+0000] {processor.py:830} INFO - Processing file /opt/airflow/dags/youtube_analytics_dag.py for tasks to queue
[2026-03-11T11:24:55.293+0000] {logging_mixin.py:188} INFO - [2026-03-11T11:24:55.291+0000] {dagbag.py:538} INFO - Filling up the DagBag from /opt/airflow/dags/youtube_analytics_dag.py
[2026-03-11T11:24:57.032+0000] {processor.py:840} INFO - DAG(s) 'youtube_analytics_pipeline' retrieved from /opt/airflow/dags/youtube_analytics_dag.py
[2026-03-11T11:24:57.137+0000] {logging_mixin.py:188} INFO - [2026-03-11T11:24:57.135+0000] {dag.py:3033} INFO - Sync 1 DAGs
[2026-03-11T11:24:57.235+0000] {logging_mixin.py:188} INFO - [2026-03-11T11:24:57.234+0000] {dag.py:3820} INFO - Setting next_dagrun for youtube_analytics_pipeline to 2026-03-11T06:00:00+00:00, run_after=2026-03-11T12:00:00+00:00
[2026-03-11T11:24:57.382+0000] {processor.py:183} INFO - Processing /opt/airflow/dags/youtube_analytics_dag.py took 2.117 seconds
[2026-03-11T11:25:28.687+0000] {processor.py:161} INFO - Started process (PID=785) to work on /opt/airflow/dags/youtube_analytics_dag.py
[2026-03-11T11:25:28.692+0000] {processor.py:830} INFO - Processing file /opt/airflow/dags/youtube_analytics_dag.py for tasks to queue
[2026-03-11T11:25:28.701+0000] {logging_mixin.py:188} INFO - [2026-03-11T11:25:28.700+0000] {dagbag.py:538} INFO - Filling up the DagBag from /opt/airflow/dags/youtube_analytics_dag.py
[2026-03-11T11:25:30.325+0000] {processor.py:840} INFO - DAG(s) 'youtube_analytics_pipeline' retrieved from /opt/airflow/dags/youtube_analytics_dag.py
[2026-03-11T11:25:30.524+0000] {logging_mixin.py:188} INFO - [2026-03-11T11:25:30.522+0000] {dag.py:3033} INFO - Sync 1 DAGs
[2026-03-11T11:25:30.633+0000] {logging_mixin.py:188} INFO - [2026-03-11T11:25:30.632+0000] {dag.py:3820} INFO - Setting next_dagrun for youtube_analytics_pipeline to 2026-03-11T06:00:00+00:00, run_after=2026-03-11T12:00:00+00:00
[2026-03-11T11:25:30.696+0000] {processor.py:183} INFO - Processing /opt/airflow/dags/youtube_analytics_dag.py took 2.021 seconds
[2026-03-11T11:26:01.162+0000] {processor.py:161} INFO - Started process (PID=822) to work on /opt/airflow/dags/youtube_analytics_dag.py
[2026-03-11T11:26:01.165+0000] {processor.py:830} INFO - Processing file /opt/airflow/dags/youtube_analytics_dag.py for tasks to queue
[2026-03-11T11:26:01.173+0000] {logging_mixin.py:188} INFO - [2026-03-11T11:26:01.172+0000] {dagbag.py:538} INFO - Filling up the DagBag from /opt/airflow/dags/youtube_analytics_dag.py
[2026-03-11T11:26:03.330+0000] {processor.py:840} INFO - DAG(s) 'youtube_analytics_pipeline' retrieved from /opt/airflow/dags/youtube_analytics_dag.py
[2026-03-11T11:26:03.466+0000] {logging_mixin.py:188} INFO - [2026-03-11T11:26:03.464+0000] {dag.py:3033} INFO - Sync 1 DAGs
[2026-03-11T11:26:03.603+0000] {logging_mixin.py:188} INFO - [2026-03-11T11:26:03.602+0000] {dag.py:3820} INFO - Setting next_dagrun for youtube_analytics_pipeline to 2026-03-11T06:00:00+00:00, run_after=2026-03-11T12:00:00+00:00
[2026-03-11T11:26:03.688+0000] {processor.py:183} INFO - Processing /opt/airflow/dags/youtube_analytics_dag.py took 2.538 seconds
[2026-03-11T11:26:34.096+0000] {processor.py:161} INFO - Started process (PID=854) to work on /opt/airflow/dags/youtube_analytics_dag.py
[2026-03-11T11:26:34.100+0000] {processor.py:830} INFO - Processing file /opt/airflow/dags/youtube_analytics_dag.py for tasks to queue
[2026-03-11T11:26:34.111+0000] {logging_mixin.py:188} INFO - [2026-03-11T11:26:34.109+0000] {dagbag.py:538} INFO - Filling up the DagBag from /opt/airflow/dags/youtube_analytics_dag.py
[2026-03-11T11:26:36.449+0000] {processor.py:840} INFO - DAG(s) 'youtube_analytics_pipeline' retrieved from /opt/airflow/dags/youtube_analytics_dag.py
[2026-03-11T11:26:36.573+0000] {logging_mixin.py:188} INFO - [2026-03-11T11:26:36.571+0000] {dag.py:3033} INFO - Sync 1 DAGs
[2026-03-11T11:26:36.694+0000] {logging_mixin.py:188} INFO - [2026-03-11T11:26:36.694+0000] {dag.py:3820} INFO - Setting next_dagrun for youtube_analytics_pipeline to 2026-03-11T06:00:00+00:00, run_after=2026-03-11T12:00:00+00:00
[2026-03-11T11:26:36.776+0000] {processor.py:183} INFO - Processing /opt/airflow/dags/youtube_analytics_dag.py took 2.696 seconds
[2026-03-11T11:27:07.045+0000] {processor.py:161} INFO - Started process (PID=886) to work on /opt/airflow/dags/youtube_analytics_dag.py
[2026-03-11T11:27:07.048+0000] {processor.py:830} INFO - Processing file /opt/airflow/dags/youtube_analytics_dag.py for tasks to queue
[2026-03-11T11:27:07.062+0000] {logging_mixin.py:188} INFO - [2026-03-11T11:27:07.057+0000] {dagbag.py:538} INFO - Filling up the DagBag from /opt/airflow/dags/youtube_analytics_dag.py
[2026-03-11T11:27:09.162+0000] {processor.py:840} INFO - DAG(s) 'youtube_analytics_pipeline' retrieved from /opt/airflow/dags/youtube_analytics_dag.py
[2026-03-11T11:27:09.326+0000] {logging_mixin.py:188} INFO - [2026-03-11T11:27:09.323+0000] {dag.py:3033} INFO - Sync 1 DAGs
[2026-03-11T11:27:09.470+0000] {logging_mixin.py:188} INFO - [2026-03-11T11:27:09.468+0000] {dag.py:3820} INFO - Setting next_dagrun for youtube_analytics_pipeline to 2026-03-11T06:00:00+00:00, run_after=2026-03-11T12:00:00+00:00
[2026-03-11T11:27:09.595+0000] {processor.py:183} INFO - Processing /opt/airflow/dags/youtube_analytics_dag.py took 2.564 seconds
[2026-03-11T11:27:39.956+0000] {processor.py:161} INFO - Started process (PID=918) to work on /opt/airflow/dags/youtube_analytics_dag.py
[2026-03-11T11:27:39.961+0000] {processor.py:830} INFO - Processing file /opt/airflow/dags/youtube_analytics_dag.py for tasks to queue
[2026-03-11T11:27:39.973+0000] {logging_mixin.py:188} INFO - [2026-03-11T11:27:39.971+0000] {dagbag.py:538} INFO - Filling up the DagBag from /opt/airflow/dags/youtube_analytics_dag.py
[2026-03-11T11:27:41.932+0000] {processor.py:840} INFO - DAG(s) 'youtube_analytics_pipeline' retrieved from /opt/airflow/dags/youtube_analytics_dag.py
[2026-03-11T11:27:42.038+0000] {logging_mixin.py:188} INFO - [2026-03-11T11:27:42.036+0000] {dag.py:3033} INFO - Sync 1 DAGs
[2026-03-11T11:27:42.129+0000] {logging_mixin.py:188} INFO - [2026-03-11T11:27:42.129+0000] {dag.py:3820} INFO - Setting next_dagrun for youtube_analytics_pipeline to 2026-03-11T06:00:00+00:00, run_after=2026-03-11T12:00:00+00:00
[2026-03-11T11:27:42.213+0000] {processor.py:183} INFO - Processing /opt/airflow/dags/youtube_analytics_dag.py took 2.273 seconds
[2026-03-11T11:28:13.031+0000] {processor.py:161} INFO - Started process (PID=950) to work on /opt/airflow/dags/youtube_analytics_dag.py
[2026-03-11T11:28:13.033+0000] {processor.py:830} INFO - Processing file /opt/airflow/dags/youtube_analytics_dag.py for tasks to queue
[2026-03-11T11:28:13.042+0000] {logging_mixin.py:188} INFO - [2026-03-11T11:28:13.041+0000] {dagbag.py:538} INFO - Filling up the DagBag from /opt/airflow/dags/youtube_analytics_dag.py
[2026-03-11T11:28:14.351+0000] {processor.py:840} INFO - DAG(s) 'youtube_analytics_pipeline' retrieved from /opt/airflow/dags/youtube_analytics_dag.py
[2026-03-11T11:28:14.454+0000] {logging_mixin.py:188} INFO - [2026-03-11T11:28:14.452+0000] {dag.py:3033} INFO - Sync 1 DAGs
[2026-03-11T11:28:14.545+0000] {logging_mixin.py:188} INFO - [2026-03-11T11:28:14.545+0000] {dag.py:3820} INFO - Setting next_dagrun for youtube_analytics_pipeline to 2026-03-11T06:00:00+00:00, run_after=2026-03-11T12:00:00+00:00
[2026-03-11T11:28:14.649+0000] {processor.py:183} INFO - Processing /opt/airflow/dags/youtube_analytics_dag.py took 1.630 seconds
[2026-03-11T11:28:45.305+0000] {processor.py:161} INFO - Started process (PID=982) to work on /opt/airflow/dags/youtube_analytics_dag.py
[2026-03-11T11:28:45.310+0000] {processor.py:830} INFO - Processing file /opt/airflow/dags/youtube_analytics_dag.py for tasks to queue
[2026-03-11T11:28:45.318+0000] {logging_mixin.py:188} INFO - [2026-03-11T11:28:45.316+0000] {dagbag.py:538} INFO - Filling up the DagBag from /opt/airflow/dags/youtube_analytics_dag.py
[2026-03-11T11:28:47.029+0000] {processor.py:840} INFO - DAG(s) 'youtube_analytics_pipeline' retrieved from /opt/airflow/dags/youtube_analytics_dag.py
[2026-03-11T11:28:47.137+0000] {logging_mixin.py:188} INFO - [2026-03-11T11:28:47.135+0000] {dag.py:3033} INFO - Sync 1 DAGs
[2026-03-11T11:28:47.303+0000] {logging_mixin.py:188} INFO - [2026-03-11T11:28:47.303+0000] {dag.py:3820} INFO - Setting next_dagrun for youtube_analytics_pipeline to 2026-03-11T06:00:00+00:00, run_after=2026-03-11T12:00:00+00:00
[2026-03-11T11:28:47.392+0000] {processor.py:183} INFO - Processing /opt/airflow/dags/youtube_analytics_dag.py took 2.101 seconds
[2026-03-11T11:29:18.180+0000] {processor.py:161} INFO - Started process (PID=1014) to work on /opt/airflow/dags/youtube_analytics_dag.py
[2026-03-11T11:29:18.183+0000] {processor.py:830} INFO - Processing file /opt/airflow/dags/youtube_analytics_dag.py for tasks to queue
[2026-03-11T11:29:18.191+0000] {logging_mixin.py:188} INFO - [2026-03-11T11:29:18.190+0000] {dagbag.py:538} INFO - Filling up the DagBag from /opt/airflow/dags/youtube_analytics_dag.py
[2026-03-11T11:29:19.972+0000] {processor.py:840} INFO - DAG(s) 'youtube_analytics_pipeline' retrieved from /opt/airflow/dags/youtube_analytics_dag.py
[2026-03-11T11:29:20.080+0000] {logging_mixin.py:188} INFO - [2026-03-11T11:29:20.079+0000] {dag.py:3033} INFO - Sync 1 DAGs
[2026-03-11T11:29:20.190+0000] {logging_mixin.py:188} INFO - [2026-03-11T11:29:20.189+0000] {dag.py:3820} INFO - Setting next_dagrun for youtube_analytics_pipeline to 2026-03-11T06:00:00+00:00, run_after=2026-03-11T12:00:00+00:00
[2026-03-11T11:29:20.276+0000] {processor.py:183} INFO - Processing /opt/airflow/dags/youtube_analytics_dag.py took 2.120 seconds
[2026-03-11T11:29:50.727+0000] {processor.py:161} INFO - Started process (PID=1047) to work on /opt/airflow/dags/youtube_analytics_dag.py
[2026-03-11T11:29:50.731+0000] {processor.py:830} INFO - Processing file /opt/airflow/dags/youtube_analytics_dag.py for tasks to queue
[2026-03-11T11:29:50.740+0000] {logging_mixin.py:188} INFO - [2026-03-11T11:29:50.739+0000] {dagbag.py:538} INFO - Filling up the DagBag from /opt/airflow/dags/youtube_analytics_dag.py
[2026-03-11T11:29:52.489+0000] {processor.py:840} INFO - DAG(s) 'youtube_analytics_pipeline' retrieved from /opt/airflow/dags/youtube_analytics_dag.py
[2026-03-11T11:29:52.632+0000] {logging_mixin.py:188} INFO - [2026-03-11T11:29:52.631+0000] {dag.py:3033} INFO - Sync 1 DAGs
[2026-03-11T11:29:52.784+0000] {logging_mixin.py:188} INFO - [2026-03-11T11:29:52.783+0000] {dag.py:3820} INFO - Setting next_dagrun for youtube_analytics_pipeline to 2026-03-11T06:00:00+00:00, run_after=2026-03-11T12:00:00+00:00
[2026-03-11T11:29:52.910+0000] {processor.py:183} INFO - Processing /opt/airflow/dags/youtube_analytics_dag.py took 2.196 seconds
[2026-03-11T11:30:23.481+0000] {processor.py:161} INFO - Started process (PID=1085) to work on /opt/airflow/dags/youtube_analytics_dag.py
[2026-03-11T11:30:23.484+0000] {processor.py:830} INFO - Processing file /opt/airflow/dags/youtube_analytics_dag.py for tasks to queue
[2026-03-11T11:30:23.495+0000] {logging_mixin.py:188} INFO - [2026-03-11T11:30:23.492+0000] {dagbag.py:538} INFO - Filling up the DagBag from /opt/airflow/dags/youtube_analytics_dag.py
[2026-03-11T11:30:25.771+0000] {processor.py:840} INFO - DAG(s) 'youtube_analytics_pipeline' retrieved from /opt/airflow/dags/youtube_analytics_dag.py
[2026-03-11T11:30:25.931+0000] {logging_mixin.py:188} INFO - [2026-03-11T11:30:25.926+0000] {dag.py:3033} INFO - Sync 1 DAGs
[2026-03-11T11:30:26.034+0000] {logging_mixin.py:188} INFO - [2026-03-11T11:30:26.033+0000] {dag.py:3820} INFO - Setting next_dagrun for youtube_analytics_pipeline to 2026-03-11T06:00:00+00:00, run_after=2026-03-11T12:00:00+00:00
[2026-03-11T11:30:26.121+0000] {processor.py:183} INFO - Processing /opt/airflow/dags/youtube_analytics_dag.py took 2.656 seconds
[2026-03-11T11:30:57.350+0000] {processor.py:161} INFO - Started process (PID=1122) to work on /opt/airflow/dags/youtube_analytics_dag.py
[2026-03-11T11:30:57.358+0000] {processor.py:830} INFO - Processing file /opt/airflow/dags/youtube_analytics_dag.py for tasks to queue
[2026-03-11T11:30:57.371+0000] {logging_mixin.py:188} INFO - [2026-03-11T11:30:57.369+0000] {dagbag.py:538} INFO - Filling up the DagBag from /opt/airflow/dags/youtube_analytics_dag.py
[2026-03-11T11:30:59.498+0000] {processor.py:840} INFO - DAG(s) 'youtube_analytics_pipeline' retrieved from /opt/airflow/dags/youtube_analytics_dag.py
[2026-03-11T11:30:59.697+0000] {logging_mixin.py:188} INFO - [2026-03-11T11:30:59.692+0000] {dag.py:3033} INFO - Sync 1 DAGs
[2026-03-11T11:30:59.829+0000] {logging_mixin.py:188} INFO - [2026-03-11T11:30:59.828+0000] {dag.py:3820} INFO - Setting next_dagrun for youtube_analytics_pipeline to 2026-03-11T06:00:00+00:00, run_after=2026-03-11T12:00:00+00:00
[2026-03-11T11:30:59.928+0000] {processor.py:183} INFO - Processing /opt/airflow/dags/youtube_analytics_dag.py took 2.598 seconds
[2026-03-11T11:31:30.623+0000] {processor.py:161} INFO - Started process (PID=1167) to work on /opt/airflow/dags/youtube_analytics_dag.py
[2026-03-11T11:31:30.626+0000] {processor.py:830} INFO - Processing file /opt/airflow/dags/youtube_analytics_dag.py for tasks to queue
[2026-03-11T11:31:30.633+0000] {logging_mixin.py:188} INFO - [2026-03-11T11:31:30.632+0000] {dagbag.py:538} INFO - Filling up the DagBag from /opt/airflow/dags/youtube_analytics_dag.py
[2026-03-11T11:31:32.224+0000] {processor.py:840} INFO - DAG(s) 'youtube_analytics_pipeline' retrieved from /opt/airflow/dags/youtube_analytics_dag.py
[2026-03-11T11:31:32.307+0000] {logging_mixin.py:188} INFO - [2026-03-11T11:31:32.305+0000] {dag.py:3033} INFO - Sync 1 DAGs
[2026-03-11T11:31:32.378+0000] {logging_mixin.py:188} INFO - [2026-03-11T11:31:32.377+0000] {dag.py:3820} INFO - Setting next_dagrun for youtube_analytics_pipeline to 2026-03-11T06:00:00+00:00, run_after=2026-03-11T12:00:00+00:00
[2026-03-11T11:31:32.430+0000] {processor.py:183} INFO - Processing /opt/airflow/dags/youtube_analytics_dag.py took 1.819 seconds
[2026-03-11T11:32:03.318+0000] {processor.py:161} INFO - Started process (PID=1206) to work on /opt/airflow/dags/youtube_analytics_dag.py
[2026-03-11T11:32:03.322+0000] {processor.py:830} INFO - Processing file /opt/airflow/dags/youtube_analytics_dag.py for tasks to queue
[2026-03-11T11:32:03.330+0000] {logging_mixin.py:188} INFO - [2026-03-11T11:32:03.329+0000] {dagbag.py:538} INFO - Filling up the DagBag from /opt/airflow/dags/youtube_analytics_dag.py
[2026-03-11T11:32:04.844+0000] {processor.py:840} INFO - DAG(s) 'youtube_analytics_pipeline' retrieved from /opt/airflow/dags/youtube_analytics_dag.py
[2026-03-11T11:32:04.924+0000] {logging_mixin.py:188} INFO - [2026-03-11T11:32:04.923+0000] {dag.py:3033} INFO - Sync 1 DAGs
[2026-03-11T11:32:05.056+0000] {logging_mixin.py:188} INFO - [2026-03-11T11:32:05.055+0000] {dag.py:3820} INFO - Setting next_dagrun for youtube_analytics_pipeline to 2026-03-11T06:00:00+00:00, run_after=2026-03-11T12:00:00+00:00
[2026-03-11T11:32:05.118+0000] {processor.py:183} INFO - Processing /opt/airflow/dags/youtube_analytics_dag.py took 1.814 seconds
[2026-03-11T11:32:35.374+0000] {processor.py:161} INFO - Started process (PID=1236) to work on /opt/airflow/dags/youtube_analytics_dag.py
[2026-03-11T11:32:35.377+0000] {processor.py:830} INFO - Processing file /opt/airflow/dags/youtube_analytics_dag.py for tasks to queue
[2026-03-11T11:32:35.386+0000] {logging_mixin.py:188} INFO - [2026-03-11T11:32:35.385+0000] {dagbag.py:538} INFO - Filling up the DagBag from /opt/airflow/dags/youtube_analytics_dag.py
[2026-03-11T11:32:37.365+0000] {processor.py:840} INFO - DAG(s) 'youtube_analytics_pipeline' retrieved from /opt/airflow/dags/youtube_analytics_dag.py
[2026-03-11T11:32:37.480+0000] {logging_mixin.py:188} INFO - [2026-03-11T11:32:37.479+0000] {dag.py:3033} INFO - Sync 1 DAGs
[2026-03-11T11:32:37.612+0000] {logging_mixin.py:188} INFO - [2026-03-11T11:32:37.612+0000] {dag.py:3820} INFO - Setting next_dagrun for youtube_analytics_pipeline to 2026-03-11T06:00:00+00:00, run_after=2026-03-11T12:00:00+00:00
[2026-03-11T11:32:37.708+0000] {processor.py:183} INFO - Processing /opt/airflow/dags/youtube_analytics_dag.py took 2.349 seconds
[2026-03-11T11:33:08.114+0000] {processor.py:161} INFO - Started process (PID=1268) to work on /opt/airflow/dags/youtube_analytics_dag.py
[2026-03-11T11:33:08.117+0000] {processor.py:830} INFO - Processing file /opt/airflow/dags/youtube_analytics_dag.py for tasks to queue
[2026-03-11T11:33:08.130+0000] {logging_mixin.py:188} INFO - [2026-03-11T11:33:08.129+0000] {dagbag.py:538} INFO - Filling up the DagBag from /opt/airflow/dags/youtube_analytics_dag.py
[2026-03-11T11:33:09.737+0000] {processor.py:840} INFO - DAG(s) 'youtube_analytics_pipeline' retrieved from /opt/airflow/dags/youtube_analytics_dag.py
[2026-03-11T11:33:09.840+0000] {logging_mixin.py:188} INFO - [2026-03-11T11:33:09.837+0000] {dag.py:3033} INFO - Sync 1 DAGs
[2026-03-11T11:33:09.941+0000] {logging_mixin.py:188} INFO - [2026-03-11T11:33:09.940+0000] {dag.py:3820} INFO - Setting next_dagrun for youtube_analytics_pipeline to 2026-03-11T06:00:00+00:00, run_after=2026-03-11T12:00:00+00:00
[2026-03-11T11:33:10.087+0000] {processor.py:183} INFO - Processing /opt/airflow/dags/youtube_analytics_dag.py took 1.984 seconds
[2026-03-11T11:33:40.864+0000] {processor.py:161} INFO - Started process (PID=1302) to work on /opt/airflow/dags/youtube_analytics_dag.py
[2026-03-11T11:33:40.867+0000] {processor.py:830} INFO - Processing file /opt/airflow/dags/youtube_analytics_dag.py for tasks to queue
[2026-03-11T11:33:40.875+0000] {logging_mixin.py:188} INFO - [2026-03-11T11:33:40.873+0000] {dagbag.py:538} INFO - Filling up the DagBag from /opt/airflow/dags/youtube_analytics_dag.py
[2026-03-11T11:33:42.477+0000] {processor.py:840} INFO - DAG(s) 'youtube_analytics_pipeline' retrieved from /opt/airflow/dags/youtube_analytics_dag.py
[2026-03-11T11:33:42.581+0000] {logging_mixin.py:188} INFO - [2026-03-11T11:33:42.577+0000] {dag.py:3033} INFO - Sync 1 DAGs
[2026-03-11T11:33:42.674+0000] {logging_mixin.py:188} INFO - [2026-03-11T11:33:42.673+0000] {dag.py:3820} INFO - Setting next_dagrun for youtube_analytics_pipeline to 2026-03-11T06:00:00+00:00, run_after=2026-03-11T12:00:00+00:00
[2026-03-11T11:33:42.753+0000] {processor.py:183} INFO - Processing /opt/airflow/dags/youtube_analytics_dag.py took 1.899 seconds
[2026-03-11T11:34:13.165+0000] {processor.py:161} INFO - Started process (PID=1334) to work on /opt/airflow/dags/youtube_analytics_dag.py
[2026-03-11T11:34:13.174+0000] {processor.py:830} INFO - Processing file /opt/airflow/dags/youtube_analytics_dag.py for tasks to queue
[2026-03-11T11:34:13.200+0000] {logging_mixin.py:188} INFO - [2026-03-11T11:34:13.198+0000] {dagbag.py:538} INFO - Filling up the DagBag from /opt/airflow/dags/youtube_analytics_dag.py
[2026-03-11T11:34:15.013+0000] {processor.py:840} INFO - DAG(s) 'youtube_analytics_pipeline' retrieved from /opt/airflow/dags/youtube_analytics_dag.py
[2026-03-11T11:34:15.114+0000] {logging_mixin.py:188} INFO - [2026-03-11T11:34:15.113+0000] {dag.py:3033} INFO - Sync 1 DAGs
[2026-03-11T11:34:15.186+0000] {logging_mixin.py:188} INFO - [2026-03-11T11:34:15.185+0000] {dag.py:3820} INFO - Setting next_dagrun for youtube_analytics_pipeline to 2026-03-11T06:00:00+00:00, run_after=2026-03-11T12:00:00+00:00
[2026-03-11T11:34:15.245+0000] {processor.py:183} INFO - Processing /opt/airflow/dags/youtube_analytics_dag.py took 2.092 seconds
[2026-03-11T11:34:45.799+0000] {processor.py:161} INFO - Started process (PID=1369) to work on /opt/airflow/dags/youtube_analytics_dag.py
[2026-03-11T11:34:45.802+0000] {processor.py:830} INFO - Processing file /opt/airflow/dags/youtube_analytics_dag.py for tasks to queue
[2026-03-11T11:34:45.806+0000] {logging_mixin.py:188} INFO - [2026-03-11T11:34:45.806+0000] {dagbag.py:538} INFO - Filling up the DagBag from /opt/airflow/dags/youtube_analytics_dag.py
[2026-03-11T11:34:47.770+0000] {processor.py:840} INFO - DAG(s) 'youtube_analytics_pipeline' retrieved from /opt/airflow/dags/youtube_analytics_dag.py
[2026-03-11T11:34:47.849+0000] {logging_mixin.py:188} INFO - [2026-03-11T11:34:47.848+0000] {dag.py:3033} INFO - Sync 1 DAGs
[2026-03-11T11:34:47.934+0000] {logging_mixin.py:188} INFO - [2026-03-11T11:34:47.934+0000] {dag.py:3820} INFO - Setting next_dagrun for youtube_analytics_pipeline to 2026-03-11T06:00:00+00:00, run_after=2026-03-11T12:00:00+00:00
[2026-03-11T11:34:48.010+0000] {processor.py:183} INFO - Processing /opt/airflow/dags/youtube_analytics_dag.py took 2.221 seconds
[2026-03-11T11:35:18.122+0000] {processor.py:161} INFO - Started process (PID=1403) to work on /opt/airflow/dags/youtube_analytics_dag.py
[2026-03-11T11:35:18.124+0000] {processor.py:830} INFO - Processing file /opt/airflow/dags/youtube_analytics_dag.py for tasks to queue
[2026-03-11T11:35:18.132+0000] {logging_mixin.py:188} INFO - [2026-03-11T11:35:18.131+0000] {dagbag.py:538} INFO - Filling up the DagBag from /opt/airflow/dags/youtube_analytics_dag.py
[2026-03-11T11:35:19.629+0000] {processor.py:840} INFO - DAG(s) 'youtube_analytics_pipeline' retrieved from /opt/airflow/dags/youtube_analytics_dag.py
[2026-03-11T11:35:19.764+0000] {logging_mixin.py:188} INFO - [2026-03-11T11:35:19.762+0000] {dag.py:3033} INFO - Sync 1 DAGs
[2026-03-11T11:35:19.872+0000] {logging_mixin.py:188} INFO - [2026-03-11T11:35:19.871+0000] {dag.py:3820} INFO - Setting next_dagrun for youtube_analytics_pipeline to 2026-03-11T06:00:00+00:00, run_after=2026-03-11T12:00:00+00:00
[2026-03-11T11:35:19.946+0000] {processor.py:183} INFO - Processing /opt/airflow/dags/youtube_analytics_dag.py took 1.836 seconds
[2026-03-11T11:35:50.416+0000] {processor.py:161} INFO - Started process (PID=1433) to work on /opt/airflow/dags/youtube_analytics_dag.py
[2026-03-11T11:35:50.418+0000] {processor.py:830} INFO - Processing file /opt/airflow/dags/youtube_analytics_dag.py for tasks to queue
[2026-03-11T11:35:50.428+0000] {logging_mixin.py:188} INFO - [2026-03-11T11:35:50.426+0000] {dagbag.py:538} INFO - Filling up the DagBag from /opt/airflow/dags/youtube_analytics_dag.py
[2026-03-11T11:35:51.987+0000] {processor.py:840} INFO - DAG(s) 'youtube_analytics_pipeline' retrieved from /opt/airflow/dags/youtube_analytics_dag.py
[2026-03-11T11:35:52.098+0000] {logging_mixin.py:188} INFO - [2026-03-11T11:35:52.094+0000] {dag.py:3033} INFO - Sync 1 DAGs
[2026-03-11T11:35:52.213+0000] {logging_mixin.py:188} INFO - [2026-03-11T11:35:52.212+0000] {dag.py:3820} INFO - Setting next_dagrun for youtube_analytics_pipeline to 2026-03-11T06:00:00+00:00, run_after=2026-03-11T12:00:00+00:00
[2026-03-11T11:35:52.294+0000] {processor.py:183} INFO - Processing /opt/airflow/dags/youtube_analytics_dag.py took 1.889 seconds
[2026-03-11T11:36:22.987+0000] {processor.py:161} INFO - Started process (PID=1467) to work on /opt/airflow/dags/youtube_analytics_dag.py
[2026-03-11T11:36:22.990+0000] {processor.py:830} INFO - Processing file /opt/airflow/dags/youtube_analytics_dag.py for tasks to queue
[2026-03-11T11:36:22.995+0000] {logging_mixin.py:188} INFO - [2026-03-11T11:36:22.994+0000] {dagbag.py:538} INFO - Filling up the DagBag from /opt/airflow/dags/youtube_analytics_dag.py
[2026-03-11T11:36:23.709+0000] {processor.py:840} INFO - DAG(s) 'youtube_analytics_pipeline' retrieved from /opt/airflow/dags/youtube_analytics_dag.py
[2026-03-11T11:36:23.796+0000] {logging_mixin.py:188} INFO - [2026-03-11T11:36:23.790+0000] {dag.py:3033} INFO - Sync 1 DAGs
[2026-03-11T11:36:23.871+0000] {logging_mixin.py:188} INFO - [2026-03-11T11:36:23.870+0000] {dag.py:3820} INFO - Setting next_dagrun for youtube_analytics_pipeline to 2026-03-11T06:00:00+00:00, run_after=2026-03-11T12:00:00+00:00
[2026-03-11T11:36:23.928+0000] {processor.py:183} INFO - Processing /opt/airflow/dags/youtube_analytics_dag.py took 0.947 seconds
[2026-03-11T11:36:54.367+0000] {processor.py:161} INFO - Started process (PID=1499) to work on /opt/airflow/dags/youtube_analytics_dag.py
[2026-03-11T11:36:54.370+0000] {processor.py:830} INFO - Processing file /opt/airflow/dags/youtube_analytics_dag.py for tasks to queue
[2026-03-11T11:36:54.376+0000] {logging_mixin.py:188} INFO - [2026-03-11T11:36:54.375+0000] {dagbag.py:538} INFO - Filling up the DagBag from /opt/airflow/dags/youtube_analytics_dag.py
[2026-03-11T11:36:55.635+0000] {processor.py:840} INFO - DAG(s) 'youtube_analytics_pipeline' retrieved from /opt/airflow/dags/youtube_analytics_dag.py
[2026-03-11T11:36:55.802+0000] {logging_mixin.py:188} INFO - [2026-03-11T11:36:55.801+0000] {dag.py:3033} INFO - Sync 1 DAGs
[2026-03-11T11:36:55.885+0000] {logging_mixin.py:188} INFO - [2026-03-11T11:36:55.884+0000] {dag.py:3820} INFO - Setting next_dagrun for youtube_analytics_pipeline to 2026-03-11T06:00:00+00:00, run_after=2026-03-11T12:00:00+00:00
[2026-03-11T11:36:55.942+0000] {processor.py:183} INFO - Processing /opt/airflow/dags/youtube_analytics_dag.py took 1.585 seconds
[2026-03-11T11:37:26.261+0000] {processor.py:161} INFO - Started process (PID=1531) to work on /opt/airflow/dags/youtube_analytics_dag.py
[2026-03-11T11:37:26.263+0000] {processor.py:830} INFO - Processing file /opt/airflow/dags/youtube_analytics_dag.py for tasks to queue
[2026-03-11T11:37:26.267+0000] {logging_mixin.py:188} INFO - [2026-03-11T11:37:26.266+0000] {dagbag.py:538} INFO - Filling up the DagBag from /opt/airflow/dags/youtube_analytics_dag.py
[2026-03-11T11:37:27.147+0000] {processor.py:840} INFO - DAG(s) 'youtube_analytics_pipeline' retrieved from /opt/airflow/dags/youtube_analytics_dag.py
[2026-03-11T11:37:27.224+0000] {logging_mixin.py:188} INFO - [2026-03-11T11:37:27.223+0000] {dag.py:3033} INFO - Sync 1 DAGs
[2026-03-11T11:37:27.303+0000] {logging_mixin.py:188} INFO - [2026-03-11T11:37:27.302+0000] {dag.py:3820} INFO - Setting next_dagrun for youtube_analytics_pipeline to 2026-03-11T06:00:00+00:00, run_after=2026-03-11T12:00:00+00:00
[2026-03-11T11:37:27.371+0000] {processor.py:183} INFO - Processing /opt/airflow/dags/youtube_analytics_dag.py took 1.118 seconds
[2026-03-11T11:37:57.621+0000] {processor.py:161} INFO - Started process (PID=1563) to work on /opt/airflow/dags/youtube_analytics_dag.py
[2026-03-11T11:37:57.622+0000] {processor.py:830} INFO - Processing file /opt/airflow/dags/youtube_analytics_dag.py for tasks to queue
[2026-03-11T11:37:57.628+0000] {logging_mixin.py:188} INFO - [2026-03-11T11:37:57.627+0000] {dagbag.py:538} INFO - Filling up the DagBag from /opt/airflow/dags/youtube_analytics_dag.py
[2026-03-11T11:37:58.320+0000] {processor.py:840} INFO - DAG(s) 'youtube_analytics_pipeline' retrieved from /opt/airflow/dags/youtube_analytics_dag.py
[2026-03-11T11:37:58.404+0000] {logging_mixin.py:188} INFO - [2026-03-11T11:37:58.401+0000] {dag.py:3033} INFO - Sync 1 DAGs
[2026-03-11T11:37:58.460+0000] {logging_mixin.py:188} INFO - [2026-03-11T11:37:58.460+0000] {dag.py:3820} INFO - Setting next_dagrun for youtube_analytics_pipeline to 2026-03-11T06:00:00+00:00, run_after=2026-03-11T12:00:00+00:00
[2026-03-11T11:37:58.521+0000] {processor.py:183} INFO - Processing /opt/airflow/dags/youtube_analytics_dag.py took 0.913 seconds
[2026-03-11T11:38:29.311+0000] {processor.py:161} INFO - Started process (PID=1595) to work on /opt/airflow/dags/youtube_analytics_dag.py
[2026-03-11T11:38:29.314+0000] {processor.py:830} INFO - Processing file /opt/airflow/dags/youtube_analytics_dag.py for tasks to queue
[2026-03-11T11:38:29.323+0000] {logging_mixin.py:188} INFO - [2026-03-11T11:38:29.322+0000] {dagbag.py:538} INFO - Filling up the DagBag from /opt/airflow/dags/youtube_analytics_dag.py
[2026-03-11T11:38:30.367+0000] {processor.py:840} INFO - DAG(s) 'youtube_analytics_pipeline' retrieved from /opt/airflow/dags/youtube_analytics_dag.py
[2026-03-11T11:38:30.470+0000] {logging_mixin.py:188} INFO - [2026-03-11T11:38:30.469+0000] {dag.py:3033} INFO - Sync 1 DAGs
[2026-03-11T11:38:30.604+0000] {logging_mixin.py:188} INFO - [2026-03-11T11:38:30.603+0000] {dag.py:3820} INFO - Setting next_dagrun for youtube_analytics_pipeline to 2026-03-11T06:00:00+00:00, run_after=2026-03-11T12:00:00+00:00
[2026-03-11T11:38:30.688+0000] {processor.py:183} INFO - Processing /opt/airflow/dags/youtube_analytics_dag.py took 1.387 seconds
