[2026-03-11T10:22:10.220+0000] {processor.py:161} INFO - Started process (PID=168) to work on /opt/airflow/dags/youtube_monitoring_dag.py
[2026-03-11T10:22:10.228+0000] {processor.py:830} INFO - Processing file /opt/airflow/dags/youtube_monitoring_dag.py for tasks to queue
[2026-03-11T10:22:10.233+0000] {logging_mixin.py:188} INFO - [2026-03-11T10:22:10.231+0000] {dagbag.py:538} INFO - Filling up the DagBag from /opt/airflow/dags/youtube_monitoring_dag.py
[2026-03-11T10:22:10.457+0000] {processor.py:840} INFO - DAG(s) 'youtube_monitoring_alerts' retrieved from /opt/airflow/dags/youtube_monitoring_dag.py
[2026-03-11T10:22:11.861+0000] {logging_mixin.py:188} INFO - [2026-03-11T10:22:11.859+0000] {override.py:1769} INFO - Created Permission View: can edit on DAG:youtube_monitoring_alerts
[2026-03-11T10:22:11.903+0000] {logging_mixin.py:188} INFO - [2026-03-11T10:22:11.903+0000] {override.py:1769} INFO - Created Permission View: can read on DAG:youtube_monitoring_alerts
[2026-03-11T10:22:11.935+0000] {logging_mixin.py:188} INFO - [2026-03-11T10:22:11.935+0000] {override.py:1769} INFO - Created Permission View: can delete on DAG:youtube_monitoring_alerts
[2026-03-11T10:22:11.937+0000] {logging_mixin.py:188} INFO - [2026-03-11T10:22:11.937+0000] {dag.py:3033} INFO - Sync 1 DAGs
[2026-03-11T10:22:11.990+0000] {logging_mixin.py:188} INFO - [2026-03-11T10:22:11.990+0000] {dag.py:3055} INFO - Creating ORM DAG for youtube_monitoring_alerts
[2026-03-11T10:22:12.063+0000] {logging_mixin.py:188} INFO - [2026-03-11T10:22:12.063+0000] {dag.py:3820} INFO - Setting next_dagrun for youtube_monitoring_alerts to 2026-03-11T09:30:00+00:00, run_after=2026-03-11T10:00:00+00:00
[2026-03-11T10:22:12.147+0000] {processor.py:183} INFO - Processing /opt/airflow/dags/youtube_monitoring_dag.py took 1.964 seconds
[2026-03-11T10:22:42.426+0000] {processor.py:161} INFO - Started process (PID=189) to work on /opt/airflow/dags/youtube_monitoring_dag.py
[2026-03-11T10:22:42.429+0000] {processor.py:830} INFO - Processing file /opt/airflow/dags/youtube_monitoring_dag.py for tasks to queue
[2026-03-11T10:22:42.432+0000] {logging_mixin.py:188} INFO - [2026-03-11T10:22:42.431+0000] {dagbag.py:538} INFO - Filling up the DagBag from /opt/airflow/dags/youtube_monitoring_dag.py
[2026-03-11T10:22:42.494+0000] {processor.py:840} INFO - DAG(s) 'youtube_monitoring_alerts' retrieved from /opt/airflow/dags/youtube_monitoring_dag.py
[2026-03-11T10:22:42.660+0000] {logging_mixin.py:188} INFO - [2026-03-11T10:22:42.655+0000] {dag.py:3033} INFO - Sync 1 DAGs
[2026-03-11T10:22:42.793+0000] {logging_mixin.py:188} INFO - [2026-03-11T10:22:42.793+0000] {dag.py:3820} INFO - Setting next_dagrun for youtube_monitoring_alerts to 2026-03-11T09:30:00+00:00, run_after=2026-03-11T10:00:00+00:00
[2026-03-11T10:22:42.874+0000] {processor.py:183} INFO - Processing /opt/airflow/dags/youtube_monitoring_dag.py took 0.457 seconds
[2026-03-11T10:23:12.969+0000] {processor.py:161} INFO - Started process (PID=210) to work on /opt/airflow/dags/youtube_monitoring_dag.py
[2026-03-11T10:23:12.975+0000] {processor.py:830} INFO - Processing file /opt/airflow/dags/youtube_monitoring_dag.py for tasks to queue
[2026-03-11T10:23:12.978+0000] {logging_mixin.py:188} INFO - [2026-03-11T10:23:12.977+0000] {dagbag.py:538} INFO - Filling up the DagBag from /opt/airflow/dags/youtube_monitoring_dag.py
[2026-03-11T10:23:13.054+0000] {processor.py:840} INFO - DAG(s) 'youtube_monitoring_alerts' retrieved from /opt/airflow/dags/youtube_monitoring_dag.py
[2026-03-11T10:23:13.181+0000] {logging_mixin.py:188} INFO - [2026-03-11T10:23:13.181+0000] {dag.py:3033} INFO - Sync 1 DAGs
[2026-03-11T10:23:13.321+0000] {logging_mixin.py:188} INFO - [2026-03-11T10:23:13.320+0000] {dag.py:3820} INFO - Setting next_dagrun for youtube_monitoring_alerts to 2026-03-11T09:30:00+00:00, run_after=2026-03-11T10:00:00+00:00
[2026-03-11T10:23:13.432+0000] {processor.py:183} INFO - Processing /opt/airflow/dags/youtube_monitoring_dag.py took 0.475 seconds
[2026-03-11T10:23:43.856+0000] {processor.py:161} INFO - Started process (PID=231) to work on /opt/airflow/dags/youtube_monitoring_dag.py
[2026-03-11T10:23:43.871+0000] {processor.py:830} INFO - Processing file /opt/airflow/dags/youtube_monitoring_dag.py for tasks to queue
[2026-03-11T10:23:43.876+0000] {logging_mixin.py:188} INFO - [2026-03-11T10:23:43.875+0000] {dagbag.py:538} INFO - Filling up the DagBag from /opt/airflow/dags/youtube_monitoring_dag.py
[2026-03-11T10:23:43.938+0000] {processor.py:840} INFO - DAG(s) 'youtube_monitoring_alerts' retrieved from /opt/airflow/dags/youtube_monitoring_dag.py
[2026-03-11T10:23:44.024+0000] {logging_mixin.py:188} INFO - [2026-03-11T10:23:44.023+0000] {dag.py:3033} INFO - Sync 1 DAGs
[2026-03-11T10:23:44.113+0000] {logging_mixin.py:188} INFO - [2026-03-11T10:23:44.112+0000] {dag.py:3820} INFO - Setting next_dagrun for youtube_monitoring_alerts to 2026-03-11T09:30:00+00:00, run_after=2026-03-11T10:00:00+00:00
[2026-03-11T10:23:44.187+0000] {processor.py:183} INFO - Processing /opt/airflow/dags/youtube_monitoring_dag.py took 0.394 seconds
[2026-03-11T10:24:14.534+0000] {processor.py:161} INFO - Started process (PID=252) to work on /opt/airflow/dags/youtube_monitoring_dag.py
[2026-03-11T10:24:14.536+0000] {processor.py:830} INFO - Processing file /opt/airflow/dags/youtube_monitoring_dag.py for tasks to queue
[2026-03-11T10:24:14.540+0000] {logging_mixin.py:188} INFO - [2026-03-11T10:24:14.538+0000] {dagbag.py:538} INFO - Filling up the DagBag from /opt/airflow/dags/youtube_monitoring_dag.py
[2026-03-11T10:24:14.602+0000] {processor.py:840} INFO - DAG(s) 'youtube_monitoring_alerts' retrieved from /opt/airflow/dags/youtube_monitoring_dag.py
[2026-03-11T10:24:14.744+0000] {logging_mixin.py:188} INFO - [2026-03-11T10:24:14.742+0000] {dag.py:3033} INFO - Sync 1 DAGs
[2026-03-11T10:24:14.832+0000] {logging_mixin.py:188} INFO - [2026-03-11T10:24:14.831+0000] {dag.py:3820} INFO - Setting next_dagrun for youtube_monitoring_alerts to 2026-03-11T09:30:00+00:00, run_after=2026-03-11T10:00:00+00:00
[2026-03-11T10:24:14.879+0000] {processor.py:183} INFO - Processing /opt/airflow/dags/youtube_monitoring_dag.py took 0.354 seconds
[2026-03-11T10:24:45.064+0000] {processor.py:161} INFO - Started process (PID=273) to work on /opt/airflow/dags/youtube_monitoring_dag.py
[2026-03-11T10:24:45.067+0000] {processor.py:830} INFO - Processing file /opt/airflow/dags/youtube_monitoring_dag.py for tasks to queue
[2026-03-11T10:24:45.071+0000] {logging_mixin.py:188} INFO - [2026-03-11T10:24:45.069+0000] {dagbag.py:538} INFO - Filling up the DagBag from /opt/airflow/dags/youtube_monitoring_dag.py
[2026-03-11T10:24:45.146+0000] {processor.py:840} INFO - DAG(s) 'youtube_monitoring_alerts' retrieved from /opt/airflow/dags/youtube_monitoring_dag.py
[2026-03-11T10:24:45.238+0000] {logging_mixin.py:188} INFO - [2026-03-11T10:24:45.238+0000] {dag.py:3033} INFO - Sync 1 DAGs
[2026-03-11T10:24:45.311+0000] {logging_mixin.py:188} INFO - [2026-03-11T10:24:45.311+0000] {dag.py:3820} INFO - Setting next_dagrun for youtube_monitoring_alerts to 2026-03-11T09:30:00+00:00, run_after=2026-03-11T10:00:00+00:00
[2026-03-11T10:24:45.367+0000] {processor.py:183} INFO - Processing /opt/airflow/dags/youtube_monitoring_dag.py took 0.315 seconds
[2026-03-11T10:25:16.323+0000] {processor.py:161} INFO - Started process (PID=294) to work on /opt/airflow/dags/youtube_monitoring_dag.py
[2026-03-11T10:25:16.325+0000] {processor.py:830} INFO - Processing file /opt/airflow/dags/youtube_monitoring_dag.py for tasks to queue
[2026-03-11T10:25:16.328+0000] {logging_mixin.py:188} INFO - [2026-03-11T10:25:16.327+0000] {dagbag.py:538} INFO - Filling up the DagBag from /opt/airflow/dags/youtube_monitoring_dag.py
[2026-03-11T10:25:16.393+0000] {processor.py:840} INFO - DAG(s) 'youtube_monitoring_alerts' retrieved from /opt/airflow/dags/youtube_monitoring_dag.py
[2026-03-11T10:25:16.509+0000] {logging_mixin.py:188} INFO - [2026-03-11T10:25:16.508+0000] {dag.py:3033} INFO - Sync 1 DAGs
[2026-03-11T10:25:16.583+0000] {logging_mixin.py:188} INFO - [2026-03-11T10:25:16.583+0000] {dag.py:3820} INFO - Setting next_dagrun for youtube_monitoring_alerts to 2026-03-11T09:30:00+00:00, run_after=2026-03-11T10:00:00+00:00
[2026-03-11T10:25:16.648+0000] {processor.py:183} INFO - Processing /opt/airflow/dags/youtube_monitoring_dag.py took 0.335 seconds
[2026-03-11T10:25:47.000+0000] {processor.py:161} INFO - Started process (PID=315) to work on /opt/airflow/dags/youtube_monitoring_dag.py
[2026-03-11T10:25:47.003+0000] {processor.py:830} INFO - Processing file /opt/airflow/dags/youtube_monitoring_dag.py for tasks to queue
[2026-03-11T10:25:47.008+0000] {logging_mixin.py:188} INFO - [2026-03-11T10:25:47.006+0000] {dagbag.py:538} INFO - Filling up the DagBag from /opt/airflow/dags/youtube_monitoring_dag.py
[2026-03-11T10:25:47.092+0000] {processor.py:840} INFO - DAG(s) 'youtube_monitoring_alerts' retrieved from /opt/airflow/dags/youtube_monitoring_dag.py
[2026-03-11T10:25:47.221+0000] {logging_mixin.py:188} INFO - [2026-03-11T10:25:47.221+0000] {dag.py:3033} INFO - Sync 1 DAGs
[2026-03-11T10:25:47.306+0000] {logging_mixin.py:188} INFO - [2026-03-11T10:25:47.305+0000] {dag.py:3820} INFO - Setting next_dagrun for youtube_monitoring_alerts to 2026-03-11T09:30:00+00:00, run_after=2026-03-11T10:00:00+00:00
[2026-03-11T10:25:47.381+0000] {processor.py:183} INFO - Processing /opt/airflow/dags/youtube_monitoring_dag.py took 0.390 seconds
[2026-03-11T10:26:18.262+0000] {processor.py:161} INFO - Started process (PID=336) to work on /opt/airflow/dags/youtube_monitoring_dag.py
[2026-03-11T10:26:18.267+0000] {processor.py:830} INFO - Processing file /opt/airflow/dags/youtube_monitoring_dag.py for tasks to queue
[2026-03-11T10:26:18.269+0000] {logging_mixin.py:188} INFO - [2026-03-11T10:26:18.268+0000] {dagbag.py:538} INFO - Filling up the DagBag from /opt/airflow/dags/youtube_monitoring_dag.py
[2026-03-11T10:26:18.337+0000] {processor.py:840} INFO - DAG(s) 'youtube_monitoring_alerts' retrieved from /opt/airflow/dags/youtube_monitoring_dag.py
[2026-03-11T10:26:18.430+0000] {logging_mixin.py:188} INFO - [2026-03-11T10:26:18.430+0000] {dag.py:3033} INFO - Sync 1 DAGs
[2026-03-11T10:26:18.506+0000] {logging_mixin.py:188} INFO - [2026-03-11T10:26:18.505+0000] {dag.py:3820} INFO - Setting next_dagrun for youtube_monitoring_alerts to 2026-03-11T09:30:00+00:00, run_after=2026-03-11T10:00:00+00:00
[2026-03-11T10:26:18.561+0000] {processor.py:183} INFO - Processing /opt/airflow/dags/youtube_monitoring_dag.py took 0.311 seconds
[2026-03-11T10:26:49.317+0000] {processor.py:161} INFO - Started process (PID=357) to work on /opt/airflow/dags/youtube_monitoring_dag.py
[2026-03-11T10:26:49.322+0000] {processor.py:830} INFO - Processing file /opt/airflow/dags/youtube_monitoring_dag.py for tasks to queue
[2026-03-11T10:26:49.326+0000] {logging_mixin.py:188} INFO - [2026-03-11T10:26:49.325+0000] {dagbag.py:538} INFO - Filling up the DagBag from /opt/airflow/dags/youtube_monitoring_dag.py
[2026-03-11T10:26:49.464+0000] {processor.py:840} INFO - DAG(s) 'youtube_monitoring_alerts' retrieved from /opt/airflow/dags/youtube_monitoring_dag.py
[2026-03-11T10:26:49.575+0000] {logging_mixin.py:188} INFO - [2026-03-11T10:26:49.574+0000] {dag.py:3033} INFO - Sync 1 DAGs
[2026-03-11T10:26:49.650+0000] {logging_mixin.py:188} INFO - [2026-03-11T10:26:49.650+0000] {dag.py:3820} INFO - Setting next_dagrun for youtube_monitoring_alerts to 2026-03-11T09:30:00+00:00, run_after=2026-03-11T10:00:00+00:00
[2026-03-11T10:26:49.706+0000] {processor.py:183} INFO - Processing /opt/airflow/dags/youtube_monitoring_dag.py took 0.398 seconds
[2026-03-11T10:27:20.132+0000] {processor.py:161} INFO - Started process (PID=378) to work on /opt/airflow/dags/youtube_monitoring_dag.py
[2026-03-11T10:27:20.136+0000] {processor.py:830} INFO - Processing file /opt/airflow/dags/youtube_monitoring_dag.py for tasks to queue
[2026-03-11T10:27:20.140+0000] {logging_mixin.py:188} INFO - [2026-03-11T10:27:20.138+0000] {dagbag.py:538} INFO - Filling up the DagBag from /opt/airflow/dags/youtube_monitoring_dag.py
[2026-03-11T10:27:20.236+0000] {processor.py:840} INFO - DAG(s) 'youtube_monitoring_alerts' retrieved from /opt/airflow/dags/youtube_monitoring_dag.py
[2026-03-11T10:27:20.339+0000] {logging_mixin.py:188} INFO - [2026-03-11T10:27:20.338+0000] {dag.py:3033} INFO - Sync 1 DAGs
[2026-03-11T10:27:20.471+0000] {logging_mixin.py:188} INFO - [2026-03-11T10:27:20.470+0000] {dag.py:3820} INFO - Setting next_dagrun for youtube_monitoring_alerts to 2026-03-11T09:30:00+00:00, run_after=2026-03-11T10:00:00+00:00
[2026-03-11T10:27:20.545+0000] {processor.py:183} INFO - Processing /opt/airflow/dags/youtube_monitoring_dag.py took 0.423 seconds
[2026-03-11T10:27:51.251+0000] {processor.py:161} INFO - Started process (PID=399) to work on /opt/airflow/dags/youtube_monitoring_dag.py
[2026-03-11T10:27:51.254+0000] {processor.py:830} INFO - Processing file /opt/airflow/dags/youtube_monitoring_dag.py for tasks to queue
[2026-03-11T10:27:51.260+0000] {logging_mixin.py:188} INFO - [2026-03-11T10:27:51.258+0000] {dagbag.py:538} INFO - Filling up the DagBag from /opt/airflow/dags/youtube_monitoring_dag.py
[2026-03-11T10:27:51.354+0000] {processor.py:840} INFO - DAG(s) 'youtube_monitoring_alerts' retrieved from /opt/airflow/dags/youtube_monitoring_dag.py
[2026-03-11T10:27:51.468+0000] {logging_mixin.py:188} INFO - [2026-03-11T10:27:51.467+0000] {dag.py:3033} INFO - Sync 1 DAGs
[2026-03-11T10:27:51.552+0000] {logging_mixin.py:188} INFO - [2026-03-11T10:27:51.551+0000] {dag.py:3820} INFO - Setting next_dagrun for youtube_monitoring_alerts to 2026-03-11T09:30:00+00:00, run_after=2026-03-11T10:00:00+00:00
[2026-03-11T10:27:51.614+0000] {processor.py:183} INFO - Processing /opt/airflow/dags/youtube_monitoring_dag.py took 0.376 seconds
[2026-03-11T10:28:22.262+0000] {processor.py:161} INFO - Started process (PID=420) to work on /opt/airflow/dags/youtube_monitoring_dag.py
[2026-03-11T10:28:22.264+0000] {processor.py:830} INFO - Processing file /opt/airflow/dags/youtube_monitoring_dag.py for tasks to queue
[2026-03-11T10:28:22.266+0000] {logging_mixin.py:188} INFO - [2026-03-11T10:28:22.265+0000] {dagbag.py:538} INFO - Filling up the DagBag from /opt/airflow/dags/youtube_monitoring_dag.py
[2026-03-11T10:28:22.343+0000] {processor.py:840} INFO - DAG(s) 'youtube_monitoring_alerts' retrieved from /opt/airflow/dags/youtube_monitoring_dag.py
[2026-03-11T10:28:22.434+0000] {logging_mixin.py:188} INFO - [2026-03-11T10:28:22.434+0000] {dag.py:3033} INFO - Sync 1 DAGs
[2026-03-11T10:28:22.526+0000] {logging_mixin.py:188} INFO - [2026-03-11T10:28:22.525+0000] {dag.py:3820} INFO - Setting next_dagrun for youtube_monitoring_alerts to 2026-03-11T09:30:00+00:00, run_after=2026-03-11T10:00:00+00:00
[2026-03-11T10:28:22.594+0000] {processor.py:183} INFO - Processing /opt/airflow/dags/youtube_monitoring_dag.py took 0.344 seconds
[2026-03-11T10:28:52.969+0000] {processor.py:161} INFO - Started process (PID=441) to work on /opt/airflow/dags/youtube_monitoring_dag.py
[2026-03-11T10:28:52.971+0000] {processor.py:830} INFO - Processing file /opt/airflow/dags/youtube_monitoring_dag.py for tasks to queue
[2026-03-11T10:28:52.975+0000] {logging_mixin.py:188} INFO - [2026-03-11T10:28:52.974+0000] {dagbag.py:538} INFO - Filling up the DagBag from /opt/airflow/dags/youtube_monitoring_dag.py
[2026-03-11T10:28:53.043+0000] {processor.py:840} INFO - DAG(s) 'youtube_monitoring_alerts' retrieved from /opt/airflow/dags/youtube_monitoring_dag.py
[2026-03-11T10:28:53.168+0000] {logging_mixin.py:188} INFO - [2026-03-11T10:28:53.168+0000] {dag.py:3033} INFO - Sync 1 DAGs
[2026-03-11T10:28:53.249+0000] {logging_mixin.py:188} INFO - [2026-03-11T10:28:53.249+0000] {dag.py:3820} INFO - Setting next_dagrun for youtube_monitoring_alerts to 2026-03-11T09:30:00+00:00, run_after=2026-03-11T10:00:00+00:00
[2026-03-11T10:28:53.307+0000] {processor.py:183} INFO - Processing /opt/airflow/dags/youtube_monitoring_dag.py took 0.347 seconds
[2026-03-11T10:29:23.666+0000] {processor.py:161} INFO - Started process (PID=462) to work on /opt/airflow/dags/youtube_monitoring_dag.py
[2026-03-11T10:29:23.669+0000] {processor.py:830} INFO - Processing file /opt/airflow/dags/youtube_monitoring_dag.py for tasks to queue
[2026-03-11T10:29:23.673+0000] {logging_mixin.py:188} INFO - [2026-03-11T10:29:23.671+0000] {dagbag.py:538} INFO - Filling up the DagBag from /opt/airflow/dags/youtube_monitoring_dag.py
[2026-03-11T10:29:23.746+0000] {processor.py:840} INFO - DAG(s) 'youtube_monitoring_alerts' retrieved from /opt/airflow/dags/youtube_monitoring_dag.py
[2026-03-11T10:29:23.857+0000] {logging_mixin.py:188} INFO - [2026-03-11T10:29:23.857+0000] {dag.py:3033} INFO - Sync 1 DAGs
[2026-03-11T10:29:23.936+0000] {logging_mixin.py:188} INFO - [2026-03-11T10:29:23.936+0000] {dag.py:3820} INFO - Setting next_dagrun for youtube_monitoring_alerts to 2026-03-11T09:30:00+00:00, run_after=2026-03-11T10:00:00+00:00
[2026-03-11T10:29:23.999+0000] {processor.py:183} INFO - Processing /opt/airflow/dags/youtube_monitoring_dag.py took 0.347 seconds
[2026-03-11T10:29:54.417+0000] {processor.py:161} INFO - Started process (PID=483) to work on /opt/airflow/dags/youtube_monitoring_dag.py
[2026-03-11T10:29:54.420+0000] {processor.py:830} INFO - Processing file /opt/airflow/dags/youtube_monitoring_dag.py for tasks to queue
[2026-03-11T10:29:54.425+0000] {logging_mixin.py:188} INFO - [2026-03-11T10:29:54.424+0000] {dagbag.py:538} INFO - Filling up the DagBag from /opt/airflow/dags/youtube_monitoring_dag.py
[2026-03-11T10:29:54.499+0000] {processor.py:840} INFO - DAG(s) 'youtube_monitoring_alerts' retrieved from /opt/airflow/dags/youtube_monitoring_dag.py
[2026-03-11T10:29:54.627+0000] {logging_mixin.py:188} INFO - [2026-03-11T10:29:54.626+0000] {dag.py:3033} INFO - Sync 1 DAGs
[2026-03-11T10:29:54.735+0000] {logging_mixin.py:188} INFO - [2026-03-11T10:29:54.735+0000] {dag.py:3820} INFO - Setting next_dagrun for youtube_monitoring_alerts to 2026-03-11T09:30:00+00:00, run_after=2026-03-11T10:00:00+00:00
[2026-03-11T10:29:54.816+0000] {processor.py:183} INFO - Processing /opt/airflow/dags/youtube_monitoring_dag.py took 0.413 seconds
[2026-03-11T10:30:25.186+0000] {processor.py:161} INFO - Started process (PID=504) to work on /opt/airflow/dags/youtube_monitoring_dag.py
[2026-03-11T10:30:25.188+0000] {processor.py:830} INFO - Processing file /opt/airflow/dags/youtube_monitoring_dag.py for tasks to queue
[2026-03-11T10:30:25.190+0000] {logging_mixin.py:188} INFO - [2026-03-11T10:30:25.189+0000] {dagbag.py:538} INFO - Filling up the DagBag from /opt/airflow/dags/youtube_monitoring_dag.py
[2026-03-11T10:30:25.248+0000] {processor.py:840} INFO - DAG(s) 'youtube_monitoring_alerts' retrieved from /opt/airflow/dags/youtube_monitoring_dag.py
[2026-03-11T10:30:25.379+0000] {logging_mixin.py:188} INFO - [2026-03-11T10:30:25.378+0000] {dag.py:3033} INFO - Sync 1 DAGs
[2026-03-11T10:30:25.467+0000] {logging_mixin.py:188} INFO - [2026-03-11T10:30:25.466+0000] {dag.py:3820} INFO - Setting next_dagrun for youtube_monitoring_alerts to 2026-03-11T10:00:00+00:00, run_after=2026-03-11T10:30:00+00:00
[2026-03-11T10:30:25.549+0000] {processor.py:183} INFO - Processing /opt/airflow/dags/youtube_monitoring_dag.py took 0.371 seconds
[2026-03-11T10:30:55.903+0000] {processor.py:161} INFO - Started process (PID=525) to work on /opt/airflow/dags/youtube_monitoring_dag.py
[2026-03-11T10:30:55.905+0000] {processor.py:830} INFO - Processing file /opt/airflow/dags/youtube_monitoring_dag.py for tasks to queue
[2026-03-11T10:30:55.907+0000] {logging_mixin.py:188} INFO - [2026-03-11T10:30:55.906+0000] {dagbag.py:538} INFO - Filling up the DagBag from /opt/airflow/dags/youtube_monitoring_dag.py
[2026-03-11T10:30:55.961+0000] {processor.py:840} INFO - DAG(s) 'youtube_monitoring_alerts' retrieved from /opt/airflow/dags/youtube_monitoring_dag.py
[2026-03-11T10:30:56.071+0000] {logging_mixin.py:188} INFO - [2026-03-11T10:30:56.071+0000] {dag.py:3033} INFO - Sync 1 DAGs
[2026-03-11T10:30:56.166+0000] {logging_mixin.py:188} INFO - [2026-03-11T10:30:56.165+0000] {dag.py:3820} INFO - Setting next_dagrun for youtube_monitoring_alerts to 2026-03-11T10:00:00+00:00, run_after=2026-03-11T10:30:00+00:00
[2026-03-11T10:30:56.227+0000] {processor.py:183} INFO - Processing /opt/airflow/dags/youtube_monitoring_dag.py took 0.331 seconds
[2026-03-11T10:31:26.989+0000] {processor.py:161} INFO - Started process (PID=546) to work on /opt/airflow/dags/youtube_monitoring_dag.py
[2026-03-11T10:31:26.992+0000] {processor.py:830} INFO - Processing file /opt/airflow/dags/youtube_monitoring_dag.py for tasks to queue
[2026-03-11T10:31:26.994+0000] {logging_mixin.py:188} INFO - [2026-03-11T10:31:26.994+0000] {dagbag.py:538} INFO - Filling up the DagBag from /opt/airflow/dags/youtube_monitoring_dag.py
[2026-03-11T10:31:27.050+0000] {processor.py:840} INFO - DAG(s) 'youtube_monitoring_alerts' retrieved from /opt/airflow/dags/youtube_monitoring_dag.py
[2026-03-11T10:31:27.175+0000] {logging_mixin.py:188} INFO - [2026-03-11T10:31:27.174+0000] {dag.py:3033} INFO - Sync 1 DAGs
[2026-03-11T10:31:27.280+0000] {logging_mixin.py:188} INFO - [2026-03-11T10:31:27.280+0000] {dag.py:3820} INFO - Setting next_dagrun for youtube_monitoring_alerts to 2026-03-11T10:00:00+00:00, run_after=2026-03-11T10:30:00+00:00
[2026-03-11T10:31:27.354+0000] {processor.py:183} INFO - Processing /opt/airflow/dags/youtube_monitoring_dag.py took 0.371 seconds
[2026-03-11T10:31:57.923+0000] {processor.py:161} INFO - Started process (PID=567) to work on /opt/airflow/dags/youtube_monitoring_dag.py
[2026-03-11T10:31:57.926+0000] {processor.py:830} INFO - Processing file /opt/airflow/dags/youtube_monitoring_dag.py for tasks to queue
[2026-03-11T10:31:57.929+0000] {logging_mixin.py:188} INFO - [2026-03-11T10:31:57.928+0000] {dagbag.py:538} INFO - Filling up the DagBag from /opt/airflow/dags/youtube_monitoring_dag.py
[2026-03-11T10:31:57.999+0000] {processor.py:840} INFO - DAG(s) 'youtube_monitoring_alerts' retrieved from /opt/airflow/dags/youtube_monitoring_dag.py
[2026-03-11T10:31:58.101+0000] {logging_mixin.py:188} INFO - [2026-03-11T10:31:58.100+0000] {dag.py:3033} INFO - Sync 1 DAGs
[2026-03-11T10:31:58.189+0000] {logging_mixin.py:188} INFO - [2026-03-11T10:31:58.188+0000] {dag.py:3820} INFO - Setting next_dagrun for youtube_monitoring_alerts to 2026-03-11T10:00:00+00:00, run_after=2026-03-11T10:30:00+00:00
[2026-03-11T10:31:58.261+0000] {processor.py:183} INFO - Processing /opt/airflow/dags/youtube_monitoring_dag.py took 0.349 seconds
[2026-03-11T10:32:29.042+0000] {processor.py:161} INFO - Started process (PID=588) to work on /opt/airflow/dags/youtube_monitoring_dag.py
[2026-03-11T10:32:29.045+0000] {processor.py:830} INFO - Processing file /opt/airflow/dags/youtube_monitoring_dag.py for tasks to queue
[2026-03-11T10:32:29.048+0000] {logging_mixin.py:188} INFO - [2026-03-11T10:32:29.047+0000] {dagbag.py:538} INFO - Filling up the DagBag from /opt/airflow/dags/youtube_monitoring_dag.py
[2026-03-11T10:32:29.128+0000] {processor.py:840} INFO - DAG(s) 'youtube_monitoring_alerts' retrieved from /opt/airflow/dags/youtube_monitoring_dag.py
[2026-03-11T10:32:29.280+0000] {logging_mixin.py:188} INFO - [2026-03-11T10:32:29.279+0000] {dag.py:3033} INFO - Sync 1 DAGs
[2026-03-11T10:32:29.392+0000] {logging_mixin.py:188} INFO - [2026-03-11T10:32:29.391+0000] {dag.py:3820} INFO - Setting next_dagrun for youtube_monitoring_alerts to 2026-03-11T10:00:00+00:00, run_after=2026-03-11T10:30:00+00:00
[2026-03-11T10:32:29.449+0000] {processor.py:183} INFO - Processing /opt/airflow/dags/youtube_monitoring_dag.py took 0.418 seconds
[2026-03-11T10:32:59.827+0000] {processor.py:161} INFO - Started process (PID=609) to work on /opt/airflow/dags/youtube_monitoring_dag.py
[2026-03-11T10:32:59.830+0000] {processor.py:830} INFO - Processing file /opt/airflow/dags/youtube_monitoring_dag.py for tasks to queue
[2026-03-11T10:32:59.839+0000] {logging_mixin.py:188} INFO - [2026-03-11T10:32:59.838+0000] {dagbag.py:538} INFO - Filling up the DagBag from /opt/airflow/dags/youtube_monitoring_dag.py
[2026-03-11T10:32:59.924+0000] {processor.py:840} INFO - DAG(s) 'youtube_monitoring_alerts' retrieved from /opt/airflow/dags/youtube_monitoring_dag.py
[2026-03-11T10:33:00.001+0000] {logging_mixin.py:188} INFO - [2026-03-11T10:33:00.001+0000] {dag.py:3033} INFO - Sync 1 DAGs
[2026-03-11T10:33:00.063+0000] {logging_mixin.py:188} INFO - [2026-03-11T10:33:00.063+0000] {dag.py:3820} INFO - Setting next_dagrun for youtube_monitoring_alerts to 2026-03-11T10:00:00+00:00, run_after=2026-03-11T10:30:00+00:00
[2026-03-11T10:33:00.106+0000] {processor.py:183} INFO - Processing /opt/airflow/dags/youtube_monitoring_dag.py took 0.286 seconds
[2026-03-11T10:33:30.531+0000] {processor.py:161} INFO - Started process (PID=630) to work on /opt/airflow/dags/youtube_monitoring_dag.py
[2026-03-11T10:33:30.533+0000] {processor.py:830} INFO - Processing file /opt/airflow/dags/youtube_monitoring_dag.py for tasks to queue
[2026-03-11T10:33:30.536+0000] {logging_mixin.py:188} INFO - [2026-03-11T10:33:30.535+0000] {dagbag.py:538} INFO - Filling up the DagBag from /opt/airflow/dags/youtube_monitoring_dag.py
[2026-03-11T10:33:30.590+0000] {processor.py:840} INFO - DAG(s) 'youtube_monitoring_alerts' retrieved from /opt/airflow/dags/youtube_monitoring_dag.py
[2026-03-11T10:33:30.685+0000] {logging_mixin.py:188} INFO - [2026-03-11T10:33:30.685+0000] {dag.py:3033} INFO - Sync 1 DAGs
[2026-03-11T10:33:30.754+0000] {logging_mixin.py:188} INFO - [2026-03-11T10:33:30.753+0000] {dag.py:3820} INFO - Setting next_dagrun for youtube_monitoring_alerts to 2026-03-11T10:00:00+00:00, run_after=2026-03-11T10:30:00+00:00
[2026-03-11T10:33:30.828+0000] {processor.py:183} INFO - Processing /opt/airflow/dags/youtube_monitoring_dag.py took 0.306 seconds
[2026-03-11T10:34:01.052+0000] {processor.py:161} INFO - Started process (PID=651) to work on /opt/airflow/dags/youtube_monitoring_dag.py
[2026-03-11T10:34:01.055+0000] {processor.py:830} INFO - Processing file /opt/airflow/dags/youtube_monitoring_dag.py for tasks to queue
[2026-03-11T10:34:01.060+0000] {logging_mixin.py:188} INFO - [2026-03-11T10:34:01.058+0000] {dagbag.py:538} INFO - Filling up the DagBag from /opt/airflow/dags/youtube_monitoring_dag.py
[2026-03-11T10:34:01.134+0000] {processor.py:840} INFO - DAG(s) 'youtube_monitoring_alerts' retrieved from /opt/airflow/dags/youtube_monitoring_dag.py
[2026-03-11T10:34:01.251+0000] {logging_mixin.py:188} INFO - [2026-03-11T10:34:01.251+0000] {dag.py:3033} INFO - Sync 1 DAGs
[2026-03-11T10:34:01.359+0000] {logging_mixin.py:188} INFO - [2026-03-11T10:34:01.358+0000] {dag.py:3820} INFO - Setting next_dagrun for youtube_monitoring_alerts to 2026-03-11T10:00:00+00:00, run_after=2026-03-11T10:30:00+00:00
[2026-03-11T10:34:01.445+0000] {processor.py:183} INFO - Processing /opt/airflow/dags/youtube_monitoring_dag.py took 0.401 seconds
[2026-03-11T10:34:32.104+0000] {processor.py:161} INFO - Started process (PID=672) to work on /opt/airflow/dags/youtube_monitoring_dag.py
[2026-03-11T10:34:32.109+0000] {processor.py:830} INFO - Processing file /opt/airflow/dags/youtube_monitoring_dag.py for tasks to queue
[2026-03-11T10:34:32.113+0000] {logging_mixin.py:188} INFO - [2026-03-11T10:34:32.112+0000] {dagbag.py:538} INFO - Filling up the DagBag from /opt/airflow/dags/youtube_monitoring_dag.py
[2026-03-11T10:34:32.204+0000] {processor.py:840} INFO - DAG(s) 'youtube_monitoring_alerts' retrieved from /opt/airflow/dags/youtube_monitoring_dag.py
[2026-03-11T10:34:32.337+0000] {logging_mixin.py:188} INFO - [2026-03-11T10:34:32.337+0000] {dag.py:3033} INFO - Sync 1 DAGs
[2026-03-11T10:34:32.429+0000] {logging_mixin.py:188} INFO - [2026-03-11T10:34:32.429+0000] {dag.py:3820} INFO - Setting next_dagrun for youtube_monitoring_alerts to 2026-03-11T10:00:00+00:00, run_after=2026-03-11T10:30:00+00:00
[2026-03-11T10:34:32.513+0000] {processor.py:183} INFO - Processing /opt/airflow/dags/youtube_monitoring_dag.py took 0.424 seconds
[2026-03-11T10:35:02.680+0000] {processor.py:161} INFO - Started process (PID=693) to work on /opt/airflow/dags/youtube_monitoring_dag.py
[2026-03-11T10:35:02.691+0000] {processor.py:830} INFO - Processing file /opt/airflow/dags/youtube_monitoring_dag.py for tasks to queue
[2026-03-11T10:35:02.697+0000] {logging_mixin.py:188} INFO - [2026-03-11T10:35:02.693+0000] {dagbag.py:538} INFO - Filling up the DagBag from /opt/airflow/dags/youtube_monitoring_dag.py
[2026-03-11T10:35:02.771+0000] {processor.py:840} INFO - DAG(s) 'youtube_monitoring_alerts' retrieved from /opt/airflow/dags/youtube_monitoring_dag.py
[2026-03-11T10:35:02.905+0000] {logging_mixin.py:188} INFO - [2026-03-11T10:35:02.904+0000] {dag.py:3033} INFO - Sync 1 DAGs
[2026-03-11T10:35:03.007+0000] {logging_mixin.py:188} INFO - [2026-03-11T10:35:03.006+0000] {dag.py:3820} INFO - Setting next_dagrun for youtube_monitoring_alerts to 2026-03-11T10:00:00+00:00, run_after=2026-03-11T10:30:00+00:00
[2026-03-11T10:35:03.071+0000] {processor.py:183} INFO - Processing /opt/airflow/dags/youtube_monitoring_dag.py took 0.404 seconds
[2026-03-11T10:35:33.602+0000] {processor.py:161} INFO - Started process (PID=714) to work on /opt/airflow/dags/youtube_monitoring_dag.py
[2026-03-11T10:35:33.605+0000] {processor.py:830} INFO - Processing file /opt/airflow/dags/youtube_monitoring_dag.py for tasks to queue
[2026-03-11T10:35:33.609+0000] {logging_mixin.py:188} INFO - [2026-03-11T10:35:33.608+0000] {dagbag.py:538} INFO - Filling up the DagBag from /opt/airflow/dags/youtube_monitoring_dag.py
[2026-03-11T10:35:33.695+0000] {processor.py:840} INFO - DAG(s) 'youtube_monitoring_alerts' retrieved from /opt/airflow/dags/youtube_monitoring_dag.py
[2026-03-11T10:35:33.875+0000] {logging_mixin.py:188} INFO - [2026-03-11T10:35:33.873+0000] {dag.py:3033} INFO - Sync 1 DAGs
[2026-03-11T10:35:34.080+0000] {logging_mixin.py:188} INFO - [2026-03-11T10:35:34.079+0000] {dag.py:3820} INFO - Setting next_dagrun for youtube_monitoring_alerts to 2026-03-11T10:00:00+00:00, run_after=2026-03-11T10:30:00+00:00
[2026-03-11T10:35:34.225+0000] {processor.py:183} INFO - Processing /opt/airflow/dags/youtube_monitoring_dag.py took 0.635 seconds
[2026-03-11T10:36:04.394+0000] {processor.py:161} INFO - Started process (PID=735) to work on /opt/airflow/dags/youtube_monitoring_dag.py
[2026-03-11T10:36:04.398+0000] {processor.py:830} INFO - Processing file /opt/airflow/dags/youtube_monitoring_dag.py for tasks to queue
[2026-03-11T10:36:04.403+0000] {logging_mixin.py:188} INFO - [2026-03-11T10:36:04.402+0000] {dagbag.py:538} INFO - Filling up the DagBag from /opt/airflow/dags/youtube_monitoring_dag.py
[2026-03-11T10:36:04.513+0000] {processor.py:840} INFO - DAG(s) 'youtube_monitoring_alerts' retrieved from /opt/airflow/dags/youtube_monitoring_dag.py
[2026-03-11T10:36:04.670+0000] {logging_mixin.py:188} INFO - [2026-03-11T10:36:04.670+0000] {dag.py:3033} INFO - Sync 1 DAGs
[2026-03-11T10:36:04.780+0000] {logging_mixin.py:188} INFO - [2026-03-11T10:36:04.779+0000] {dag.py:3820} INFO - Setting next_dagrun for youtube_monitoring_alerts to 2026-03-11T10:00:00+00:00, run_after=2026-03-11T10:30:00+00:00
[2026-03-11T10:36:04.865+0000] {processor.py:183} INFO - Processing /opt/airflow/dags/youtube_monitoring_dag.py took 0.485 seconds
[2026-03-11T10:36:35.149+0000] {processor.py:161} INFO - Started process (PID=756) to work on /opt/airflow/dags/youtube_monitoring_dag.py
[2026-03-11T10:36:35.151+0000] {processor.py:830} INFO - Processing file /opt/airflow/dags/youtube_monitoring_dag.py for tasks to queue
[2026-03-11T10:36:35.155+0000] {logging_mixin.py:188} INFO - [2026-03-11T10:36:35.153+0000] {dagbag.py:538} INFO - Filling up the DagBag from /opt/airflow/dags/youtube_monitoring_dag.py
[2026-03-11T10:36:35.262+0000] {processor.py:840} INFO - DAG(s) 'youtube_monitoring_alerts' retrieved from /opt/airflow/dags/youtube_monitoring_dag.py
[2026-03-11T10:36:35.387+0000] {logging_mixin.py:188} INFO - [2026-03-11T10:36:35.387+0000] {dag.py:3033} INFO - Sync 1 DAGs
[2026-03-11T10:36:35.505+0000] {logging_mixin.py:188} INFO - [2026-03-11T10:36:35.504+0000] {dag.py:3820} INFO - Setting next_dagrun for youtube_monitoring_alerts to 2026-03-11T10:00:00+00:00, run_after=2026-03-11T10:30:00+00:00
[2026-03-11T10:36:35.592+0000] {processor.py:183} INFO - Processing /opt/airflow/dags/youtube_monitoring_dag.py took 0.452 seconds
[2026-03-11T10:37:06.180+0000] {processor.py:161} INFO - Started process (PID=777) to work on /opt/airflow/dags/youtube_monitoring_dag.py
[2026-03-11T10:37:06.182+0000] {processor.py:830} INFO - Processing file /opt/airflow/dags/youtube_monitoring_dag.py for tasks to queue
[2026-03-11T10:37:06.185+0000] {logging_mixin.py:188} INFO - [2026-03-11T10:37:06.184+0000] {dagbag.py:538} INFO - Filling up the DagBag from /opt/airflow/dags/youtube_monitoring_dag.py
[2026-03-11T10:37:06.248+0000] {processor.py:840} INFO - DAG(s) 'youtube_monitoring_alerts' retrieved from /opt/airflow/dags/youtube_monitoring_dag.py
[2026-03-11T10:37:06.396+0000] {logging_mixin.py:188} INFO - [2026-03-11T10:37:06.395+0000] {dag.py:3033} INFO - Sync 1 DAGs
[2026-03-11T10:37:06.482+0000] {logging_mixin.py:188} INFO - [2026-03-11T10:37:06.481+0000] {dag.py:3820} INFO - Setting next_dagrun for youtube_monitoring_alerts to 2026-03-11T10:00:00+00:00, run_after=2026-03-11T10:30:00+00:00
[2026-03-11T10:37:06.542+0000] {processor.py:183} INFO - Processing /opt/airflow/dags/youtube_monitoring_dag.py took 0.375 seconds
[2026-03-11T10:37:37.038+0000] {processor.py:161} INFO - Started process (PID=798) to work on /opt/airflow/dags/youtube_monitoring_dag.py
[2026-03-11T10:37:37.042+0000] {processor.py:830} INFO - Processing file /opt/airflow/dags/youtube_monitoring_dag.py for tasks to queue
[2026-03-11T10:37:37.047+0000] {logging_mixin.py:188} INFO - [2026-03-11T10:37:37.046+0000] {dagbag.py:538} INFO - Filling up the DagBag from /opt/airflow/dags/youtube_monitoring_dag.py
[2026-03-11T10:37:37.142+0000] {processor.py:840} INFO - DAG(s) 'youtube_monitoring_alerts' retrieved from /opt/airflow/dags/youtube_monitoring_dag.py
[2026-03-11T10:37:37.266+0000] {logging_mixin.py:188} INFO - [2026-03-11T10:37:37.266+0000] {dag.py:3033} INFO - Sync 1 DAGs
[2026-03-11T10:37:37.366+0000] {logging_mixin.py:188} INFO - [2026-03-11T10:37:37.365+0000] {dag.py:3820} INFO - Setting next_dagrun for youtube_monitoring_alerts to 2026-03-11T10:00:00+00:00, run_after=2026-03-11T10:30:00+00:00
[2026-03-11T10:37:37.440+0000] {processor.py:183} INFO - Processing /opt/airflow/dags/youtube_monitoring_dag.py took 0.413 seconds
[2026-03-11T10:38:07.836+0000] {processor.py:161} INFO - Started process (PID=817) to work on /opt/airflow/dags/youtube_monitoring_dag.py
[2026-03-11T10:38:07.841+0000] {processor.py:830} INFO - Processing file /opt/airflow/dags/youtube_monitoring_dag.py for tasks to queue
[2026-03-11T10:38:07.844+0000] {logging_mixin.py:188} INFO - [2026-03-11T10:38:07.843+0000] {dagbag.py:538} INFO - Filling up the DagBag from /opt/airflow/dags/youtube_monitoring_dag.py
[2026-03-11T10:38:07.980+0000] {processor.py:840} INFO - DAG(s) 'youtube_monitoring_alerts' retrieved from /opt/airflow/dags/youtube_monitoring_dag.py
[2026-03-11T10:38:08.104+0000] {logging_mixin.py:188} INFO - [2026-03-11T10:38:08.103+0000] {dag.py:3033} INFO - Sync 1 DAGs
[2026-03-11T10:38:08.200+0000] {logging_mixin.py:188} INFO - [2026-03-11T10:38:08.199+0000] {dag.py:3820} INFO - Setting next_dagrun for youtube_monitoring_alerts to 2026-03-11T10:00:00+00:00, run_after=2026-03-11T10:30:00+00:00
[2026-03-11T10:38:08.273+0000] {processor.py:183} INFO - Processing /opt/airflow/dags/youtube_monitoring_dag.py took 0.448 seconds
[2026-03-11T10:38:38.826+0000] {processor.py:161} INFO - Started process (PID=834) to work on /opt/airflow/dags/youtube_monitoring_dag.py
[2026-03-11T10:38:38.828+0000] {processor.py:830} INFO - Processing file /opt/airflow/dags/youtube_monitoring_dag.py for tasks to queue
[2026-03-11T10:38:38.830+0000] {logging_mixin.py:188} INFO - [2026-03-11T10:38:38.829+0000] {dagbag.py:538} INFO - Filling up the DagBag from /opt/airflow/dags/youtube_monitoring_dag.py
[2026-03-11T10:38:38.921+0000] {processor.py:840} INFO - DAG(s) 'youtube_monitoring_alerts' retrieved from /opt/airflow/dags/youtube_monitoring_dag.py
[2026-03-11T10:38:39.080+0000] {logging_mixin.py:188} INFO - [2026-03-11T10:38:39.079+0000] {dag.py:3033} INFO - Sync 1 DAGs
[2026-03-11T10:38:39.219+0000] {logging_mixin.py:188} INFO - [2026-03-11T10:38:39.218+0000] {dag.py:3820} INFO - Setting next_dagrun for youtube_monitoring_alerts to 2026-03-11T10:00:00+00:00, run_after=2026-03-11T10:30:00+00:00
[2026-03-11T10:38:39.302+0000] {processor.py:183} INFO - Processing /opt/airflow/dags/youtube_monitoring_dag.py took 0.486 seconds
[2026-03-11T10:39:09.730+0000] {processor.py:161} INFO - Started process (PID=855) to work on /opt/airflow/dags/youtube_monitoring_dag.py
[2026-03-11T10:39:09.732+0000] {processor.py:830} INFO - Processing file /opt/airflow/dags/youtube_monitoring_dag.py for tasks to queue
[2026-03-11T10:39:09.735+0000] {logging_mixin.py:188} INFO - [2026-03-11T10:39:09.734+0000] {dagbag.py:538} INFO - Filling up the DagBag from /opt/airflow/dags/youtube_monitoring_dag.py
[2026-03-11T10:39:09.796+0000] {processor.py:840} INFO - DAG(s) 'youtube_monitoring_alerts' retrieved from /opt/airflow/dags/youtube_monitoring_dag.py
[2026-03-11T10:39:09.908+0000] {logging_mixin.py:188} INFO - [2026-03-11T10:39:09.907+0000] {dag.py:3033} INFO - Sync 1 DAGs
[2026-03-11T10:39:10.025+0000] {logging_mixin.py:188} INFO - [2026-03-11T10:39:10.024+0000] {dag.py:3820} INFO - Setting next_dagrun for youtube_monitoring_alerts to 2026-03-11T10:00:00+00:00, run_after=2026-03-11T10:30:00+00:00
[2026-03-11T10:39:10.087+0000] {processor.py:183} INFO - Processing /opt/airflow/dags/youtube_monitoring_dag.py took 0.367 seconds
[2026-03-11T10:39:41.110+0000] {processor.py:161} INFO - Started process (PID=876) to work on /opt/airflow/dags/youtube_monitoring_dag.py
[2026-03-11T10:39:41.114+0000] {processor.py:830} INFO - Processing file /opt/airflow/dags/youtube_monitoring_dag.py for tasks to queue
[2026-03-11T10:39:41.118+0000] {logging_mixin.py:188} INFO - [2026-03-11T10:39:41.116+0000] {dagbag.py:538} INFO - Filling up the DagBag from /opt/airflow/dags/youtube_monitoring_dag.py
[2026-03-11T10:39:41.220+0000] {processor.py:840} INFO - DAG(s) 'youtube_monitoring_alerts' retrieved from /opt/airflow/dags/youtube_monitoring_dag.py
[2026-03-11T10:39:41.412+0000] {logging_mixin.py:188} INFO - [2026-03-11T10:39:41.411+0000] {dag.py:3033} INFO - Sync 1 DAGs
[2026-03-11T10:39:41.552+0000] {logging_mixin.py:188} INFO - [2026-03-11T10:39:41.551+0000] {dag.py:3820} INFO - Setting next_dagrun for youtube_monitoring_alerts to 2026-03-11T10:00:00+00:00, run_after=2026-03-11T10:30:00+00:00
[2026-03-11T10:39:41.681+0000] {processor.py:183} INFO - Processing /opt/airflow/dags/youtube_monitoring_dag.py took 0.617 seconds
[2026-03-11T10:40:12.266+0000] {processor.py:161} INFO - Started process (PID=897) to work on /opt/airflow/dags/youtube_monitoring_dag.py
[2026-03-11T10:40:12.270+0000] {processor.py:830} INFO - Processing file /opt/airflow/dags/youtube_monitoring_dag.py for tasks to queue
[2026-03-11T10:40:12.277+0000] {logging_mixin.py:188} INFO - [2026-03-11T10:40:12.275+0000] {dagbag.py:538} INFO - Filling up the DagBag from /opt/airflow/dags/youtube_monitoring_dag.py
[2026-03-11T10:40:12.388+0000] {processor.py:840} INFO - DAG(s) 'youtube_monitoring_alerts' retrieved from /opt/airflow/dags/youtube_monitoring_dag.py
[2026-03-11T10:40:12.553+0000] {logging_mixin.py:188} INFO - [2026-03-11T10:40:12.552+0000] {dag.py:3033} INFO - Sync 1 DAGs
[2026-03-11T10:40:12.786+0000] {logging_mixin.py:188} INFO - [2026-03-11T10:40:12.785+0000] {dag.py:3820} INFO - Setting next_dagrun for youtube_monitoring_alerts to 2026-03-11T10:00:00+00:00, run_after=2026-03-11T10:30:00+00:00
[2026-03-11T10:40:12.883+0000] {processor.py:183} INFO - Processing /opt/airflow/dags/youtube_monitoring_dag.py took 0.636 seconds
[2026-03-11T10:40:43.927+0000] {processor.py:161} INFO - Started process (PID=918) to work on /opt/airflow/dags/youtube_monitoring_dag.py
[2026-03-11T10:40:43.932+0000] {processor.py:830} INFO - Processing file /opt/airflow/dags/youtube_monitoring_dag.py for tasks to queue
[2026-03-11T10:40:43.935+0000] {logging_mixin.py:188} INFO - [2026-03-11T10:40:43.934+0000] {dagbag.py:538} INFO - Filling up the DagBag from /opt/airflow/dags/youtube_monitoring_dag.py
[2026-03-11T10:40:44.012+0000] {processor.py:840} INFO - DAG(s) 'youtube_monitoring_alerts' retrieved from /opt/airflow/dags/youtube_monitoring_dag.py
[2026-03-11T10:40:44.126+0000] {logging_mixin.py:188} INFO - [2026-03-11T10:40:44.125+0000] {dag.py:3033} INFO - Sync 1 DAGs
[2026-03-11T10:40:44.198+0000] {logging_mixin.py:188} INFO - [2026-03-11T10:40:44.197+0000] {dag.py:3820} INFO - Setting next_dagrun for youtube_monitoring_alerts to 2026-03-11T10:00:00+00:00, run_after=2026-03-11T10:30:00+00:00
[2026-03-11T10:40:44.275+0000] {processor.py:183} INFO - Processing /opt/airflow/dags/youtube_monitoring_dag.py took 0.359 seconds
[2026-03-11T10:41:14.414+0000] {processor.py:161} INFO - Started process (PID=939) to work on /opt/airflow/dags/youtube_monitoring_dag.py
[2026-03-11T10:41:14.416+0000] {processor.py:830} INFO - Processing file /opt/airflow/dags/youtube_monitoring_dag.py for tasks to queue
[2026-03-11T10:41:14.419+0000] {logging_mixin.py:188} INFO - [2026-03-11T10:41:14.418+0000] {dagbag.py:538} INFO - Filling up the DagBag from /opt/airflow/dags/youtube_monitoring_dag.py
[2026-03-11T10:41:14.489+0000] {processor.py:840} INFO - DAG(s) 'youtube_monitoring_alerts' retrieved from /opt/airflow/dags/youtube_monitoring_dag.py
[2026-03-11T10:41:14.626+0000] {logging_mixin.py:188} INFO - [2026-03-11T10:41:14.625+0000] {dag.py:3033} INFO - Sync 1 DAGs
[2026-03-11T10:41:14.738+0000] {logging_mixin.py:188} INFO - [2026-03-11T10:41:14.738+0000] {dag.py:3820} INFO - Setting next_dagrun for youtube_monitoring_alerts to 2026-03-11T10:00:00+00:00, run_after=2026-03-11T10:30:00+00:00
[2026-03-11T10:41:14.813+0000] {processor.py:183} INFO - Processing /opt/airflow/dags/youtube_monitoring_dag.py took 0.412 seconds
[2026-03-11T10:41:45.177+0000] {processor.py:161} INFO - Started process (PID=960) to work on /opt/airflow/dags/youtube_monitoring_dag.py
[2026-03-11T10:41:45.181+0000] {processor.py:830} INFO - Processing file /opt/airflow/dags/youtube_monitoring_dag.py for tasks to queue
[2026-03-11T10:41:45.184+0000] {logging_mixin.py:188} INFO - [2026-03-11T10:41:45.183+0000] {dagbag.py:538} INFO - Filling up the DagBag from /opt/airflow/dags/youtube_monitoring_dag.py
[2026-03-11T10:41:45.306+0000] {processor.py:840} INFO - DAG(s) 'youtube_monitoring_alerts' retrieved from /opt/airflow/dags/youtube_monitoring_dag.py
[2026-03-11T10:41:45.539+0000] {logging_mixin.py:188} INFO - [2026-03-11T10:41:45.539+0000] {dag.py:3033} INFO - Sync 1 DAGs
[2026-03-11T10:41:45.685+0000] {logging_mixin.py:188} INFO - [2026-03-11T10:41:45.684+0000] {dag.py:3820} INFO - Setting next_dagrun for youtube_monitoring_alerts to 2026-03-11T10:00:00+00:00, run_after=2026-03-11T10:30:00+00:00
[2026-03-11T10:41:45.784+0000] {processor.py:183} INFO - Processing /opt/airflow/dags/youtube_monitoring_dag.py took 0.623 seconds
[2026-03-11T10:42:16.472+0000] {processor.py:161} INFO - Started process (PID=981) to work on /opt/airflow/dags/youtube_monitoring_dag.py
[2026-03-11T10:42:16.479+0000] {processor.py:830} INFO - Processing file /opt/airflow/dags/youtube_monitoring_dag.py for tasks to queue
[2026-03-11T10:42:16.487+0000] {logging_mixin.py:188} INFO - [2026-03-11T10:42:16.485+0000] {dagbag.py:538} INFO - Filling up the DagBag from /opt/airflow/dags/youtube_monitoring_dag.py
[2026-03-11T10:42:16.576+0000] {processor.py:840} INFO - DAG(s) 'youtube_monitoring_alerts' retrieved from /opt/airflow/dags/youtube_monitoring_dag.py
[2026-03-11T10:42:16.731+0000] {logging_mixin.py:188} INFO - [2026-03-11T10:42:16.730+0000] {dag.py:3033} INFO - Sync 1 DAGs
[2026-03-11T10:42:16.840+0000] {logging_mixin.py:188} INFO - [2026-03-11T10:42:16.839+0000] {dag.py:3820} INFO - Setting next_dagrun for youtube_monitoring_alerts to 2026-03-11T10:00:00+00:00, run_after=2026-03-11T10:30:00+00:00
[2026-03-11T10:42:16.915+0000] {processor.py:183} INFO - Processing /opt/airflow/dags/youtube_monitoring_dag.py took 0.464 seconds
[2026-03-11T10:42:47.311+0000] {processor.py:161} INFO - Started process (PID=1002) to work on /opt/airflow/dags/youtube_monitoring_dag.py
[2026-03-11T10:42:47.313+0000] {processor.py:830} INFO - Processing file /opt/airflow/dags/youtube_monitoring_dag.py for tasks to queue
[2026-03-11T10:42:47.316+0000] {logging_mixin.py:188} INFO - [2026-03-11T10:42:47.315+0000] {dagbag.py:538} INFO - Filling up the DagBag from /opt/airflow/dags/youtube_monitoring_dag.py
[2026-03-11T10:42:47.387+0000] {processor.py:840} INFO - DAG(s) 'youtube_monitoring_alerts' retrieved from /opt/airflow/dags/youtube_monitoring_dag.py
[2026-03-11T10:42:47.497+0000] {logging_mixin.py:188} INFO - [2026-03-11T10:42:47.497+0000] {dag.py:3033} INFO - Sync 1 DAGs
[2026-03-11T10:42:47.598+0000] {logging_mixin.py:188} INFO - [2026-03-11T10:42:47.597+0000] {dag.py:3820} INFO - Setting next_dagrun for youtube_monitoring_alerts to 2026-03-11T10:00:00+00:00, run_after=2026-03-11T10:30:00+00:00
[2026-03-11T10:42:47.683+0000] {processor.py:183} INFO - Processing /opt/airflow/dags/youtube_monitoring_dag.py took 0.382 seconds
[2026-03-11T10:43:18.059+0000] {processor.py:161} INFO - Started process (PID=1023) to work on /opt/airflow/dags/youtube_monitoring_dag.py
[2026-03-11T10:43:18.062+0000] {processor.py:830} INFO - Processing file /opt/airflow/dags/youtube_monitoring_dag.py for tasks to queue
[2026-03-11T10:43:18.066+0000] {logging_mixin.py:188} INFO - [2026-03-11T10:43:18.064+0000] {dagbag.py:538} INFO - Filling up the DagBag from /opt/airflow/dags/youtube_monitoring_dag.py
[2026-03-11T10:43:18.159+0000] {processor.py:840} INFO - DAG(s) 'youtube_monitoring_alerts' retrieved from /opt/airflow/dags/youtube_monitoring_dag.py
[2026-03-11T10:43:18.304+0000] {logging_mixin.py:188} INFO - [2026-03-11T10:43:18.304+0000] {dag.py:3033} INFO - Sync 1 DAGs
[2026-03-11T10:43:18.490+0000] {logging_mixin.py:188} INFO - [2026-03-11T10:43:18.489+0000] {dag.py:3820} INFO - Setting next_dagrun for youtube_monitoring_alerts to 2026-03-11T10:00:00+00:00, run_after=2026-03-11T10:30:00+00:00
[2026-03-11T10:43:18.607+0000] {processor.py:183} INFO - Processing /opt/airflow/dags/youtube_monitoring_dag.py took 0.557 seconds
[2026-03-11T10:43:49.224+0000] {processor.py:161} INFO - Started process (PID=1044) to work on /opt/airflow/dags/youtube_monitoring_dag.py
[2026-03-11T10:43:49.234+0000] {processor.py:830} INFO - Processing file /opt/airflow/dags/youtube_monitoring_dag.py for tasks to queue
[2026-03-11T10:43:49.249+0000] {logging_mixin.py:188} INFO - [2026-03-11T10:43:49.248+0000] {dagbag.py:538} INFO - Filling up the DagBag from /opt/airflow/dags/youtube_monitoring_dag.py
[2026-03-11T10:43:49.453+0000] {processor.py:840} INFO - DAG(s) 'youtube_monitoring_alerts' retrieved from /opt/airflow/dags/youtube_monitoring_dag.py
[2026-03-11T10:43:49.648+0000] {logging_mixin.py:188} INFO - [2026-03-11T10:43:49.648+0000] {dag.py:3033} INFO - Sync 1 DAGs
[2026-03-11T10:43:49.818+0000] {logging_mixin.py:188} INFO - [2026-03-11T10:43:49.817+0000] {dag.py:3820} INFO - Setting next_dagrun for youtube_monitoring_alerts to 2026-03-11T10:00:00+00:00, run_after=2026-03-11T10:30:00+00:00
[2026-03-11T10:43:49.924+0000] {processor.py:183} INFO - Processing /opt/airflow/dags/youtube_monitoring_dag.py took 0.725 seconds
[2026-03-11T10:44:20.231+0000] {processor.py:161} INFO - Started process (PID=1065) to work on /opt/airflow/dags/youtube_monitoring_dag.py
[2026-03-11T10:44:20.234+0000] {processor.py:830} INFO - Processing file /opt/airflow/dags/youtube_monitoring_dag.py for tasks to queue
[2026-03-11T10:44:20.239+0000] {logging_mixin.py:188} INFO - [2026-03-11T10:44:20.238+0000] {dagbag.py:538} INFO - Filling up the DagBag from /opt/airflow/dags/youtube_monitoring_dag.py
[2026-03-11T10:44:20.347+0000] {processor.py:840} INFO - DAG(s) 'youtube_monitoring_alerts' retrieved from /opt/airflow/dags/youtube_monitoring_dag.py
[2026-03-11T10:44:20.568+0000] {logging_mixin.py:188} INFO - [2026-03-11T10:44:20.567+0000] {dag.py:3033} INFO - Sync 1 DAGs
[2026-03-11T10:44:20.767+0000] {logging_mixin.py:188} INFO - [2026-03-11T10:44:20.766+0000] {dag.py:3820} INFO - Setting next_dagrun for youtube_monitoring_alerts to 2026-03-11T10:00:00+00:00, run_after=2026-03-11T10:30:00+00:00
[2026-03-11T10:44:20.864+0000] {processor.py:183} INFO - Processing /opt/airflow/dags/youtube_monitoring_dag.py took 0.663 seconds
[2026-03-11T10:44:51.344+0000] {processor.py:161} INFO - Started process (PID=1086) to work on /opt/airflow/dags/youtube_monitoring_dag.py
[2026-03-11T10:44:51.348+0000] {processor.py:830} INFO - Processing file /opt/airflow/dags/youtube_monitoring_dag.py for tasks to queue
[2026-03-11T10:44:51.353+0000] {logging_mixin.py:188} INFO - [2026-03-11T10:44:51.351+0000] {dagbag.py:538} INFO - Filling up the DagBag from /opt/airflow/dags/youtube_monitoring_dag.py
[2026-03-11T10:44:51.460+0000] {processor.py:840} INFO - DAG(s) 'youtube_monitoring_alerts' retrieved from /opt/airflow/dags/youtube_monitoring_dag.py
[2026-03-11T10:44:51.661+0000] {logging_mixin.py:188} INFO - [2026-03-11T10:44:51.660+0000] {dag.py:3033} INFO - Sync 1 DAGs
[2026-03-11T10:44:51.846+0000] {logging_mixin.py:188} INFO - [2026-03-11T10:44:51.845+0000] {dag.py:3820} INFO - Setting next_dagrun for youtube_monitoring_alerts to 2026-03-11T10:00:00+00:00, run_after=2026-03-11T10:30:00+00:00
[2026-03-11T10:44:51.965+0000] {processor.py:183} INFO - Processing /opt/airflow/dags/youtube_monitoring_dag.py took 0.638 seconds
[2026-03-11T10:45:22.721+0000] {processor.py:161} INFO - Started process (PID=1107) to work on /opt/airflow/dags/youtube_monitoring_dag.py
[2026-03-11T10:45:22.728+0000] {processor.py:830} INFO - Processing file /opt/airflow/dags/youtube_monitoring_dag.py for tasks to queue
[2026-03-11T10:45:22.734+0000] {logging_mixin.py:188} INFO - [2026-03-11T10:45:22.732+0000] {dagbag.py:538} INFO - Filling up the DagBag from /opt/airflow/dags/youtube_monitoring_dag.py
[2026-03-11T10:45:22.878+0000] {processor.py:840} INFO - DAG(s) 'youtube_monitoring_alerts' retrieved from /opt/airflow/dags/youtube_monitoring_dag.py
[2026-03-11T10:45:23.112+0000] {logging_mixin.py:188} INFO - [2026-03-11T10:45:23.111+0000] {dag.py:3033} INFO - Sync 1 DAGs
[2026-03-11T10:45:23.320+0000] {logging_mixin.py:188} INFO - [2026-03-11T10:45:23.319+0000] {dag.py:3820} INFO - Setting next_dagrun for youtube_monitoring_alerts to 2026-03-11T10:00:00+00:00, run_after=2026-03-11T10:30:00+00:00
[2026-03-11T10:45:23.467+0000] {processor.py:183} INFO - Processing /opt/airflow/dags/youtube_monitoring_dag.py took 0.766 seconds
[2026-03-11T10:45:53.951+0000] {processor.py:161} INFO - Started process (PID=1128) to work on /opt/airflow/dags/youtube_monitoring_dag.py
[2026-03-11T10:45:53.954+0000] {processor.py:830} INFO - Processing file /opt/airflow/dags/youtube_monitoring_dag.py for tasks to queue
[2026-03-11T10:45:53.961+0000] {logging_mixin.py:188} INFO - [2026-03-11T10:45:53.959+0000] {dagbag.py:538} INFO - Filling up the DagBag from /opt/airflow/dags/youtube_monitoring_dag.py
[2026-03-11T10:45:54.054+0000] {processor.py:840} INFO - DAG(s) 'youtube_monitoring_alerts' retrieved from /opt/airflow/dags/youtube_monitoring_dag.py
[2026-03-11T10:45:54.253+0000] {logging_mixin.py:188} INFO - [2026-03-11T10:45:54.252+0000] {dag.py:3033} INFO - Sync 1 DAGs
[2026-03-11T10:45:54.426+0000] {logging_mixin.py:188} INFO - [2026-03-11T10:45:54.425+0000] {dag.py:3820} INFO - Setting next_dagrun for youtube_monitoring_alerts to 2026-03-11T10:00:00+00:00, run_after=2026-03-11T10:30:00+00:00
[2026-03-11T10:45:54.553+0000] {processor.py:183} INFO - Processing /opt/airflow/dags/youtube_monitoring_dag.py took 0.616 seconds
[2026-03-11T10:46:24.837+0000] {processor.py:161} INFO - Started process (PID=1149) to work on /opt/airflow/dags/youtube_monitoring_dag.py
[2026-03-11T10:46:24.841+0000] {processor.py:830} INFO - Processing file /opt/airflow/dags/youtube_monitoring_dag.py for tasks to queue
[2026-03-11T10:46:24.844+0000] {logging_mixin.py:188} INFO - [2026-03-11T10:46:24.843+0000] {dagbag.py:538} INFO - Filling up the DagBag from /opt/airflow/dags/youtube_monitoring_dag.py
[2026-03-11T10:46:24.918+0000] {processor.py:840} INFO - DAG(s) 'youtube_monitoring_alerts' retrieved from /opt/airflow/dags/youtube_monitoring_dag.py
[2026-03-11T10:46:25.040+0000] {logging_mixin.py:188} INFO - [2026-03-11T10:46:25.039+0000] {dag.py:3033} INFO - Sync 1 DAGs
[2026-03-11T10:46:25.163+0000] {logging_mixin.py:188} INFO - [2026-03-11T10:46:25.163+0000] {dag.py:3820} INFO - Setting next_dagrun for youtube_monitoring_alerts to 2026-03-11T10:00:00+00:00, run_after=2026-03-11T10:30:00+00:00
[2026-03-11T10:46:25.231+0000] {processor.py:183} INFO - Processing /opt/airflow/dags/youtube_monitoring_dag.py took 0.406 seconds
[2026-03-11T10:46:55.644+0000] {processor.py:161} INFO - Started process (PID=1170) to work on /opt/airflow/dags/youtube_monitoring_dag.py
[2026-03-11T10:46:55.648+0000] {processor.py:830} INFO - Processing file /opt/airflow/dags/youtube_monitoring_dag.py for tasks to queue
[2026-03-11T10:46:55.652+0000] {logging_mixin.py:188} INFO - [2026-03-11T10:46:55.650+0000] {dagbag.py:538} INFO - Filling up the DagBag from /opt/airflow/dags/youtube_monitoring_dag.py
[2026-03-11T10:46:55.743+0000] {processor.py:840} INFO - DAG(s) 'youtube_monitoring_alerts' retrieved from /opt/airflow/dags/youtube_monitoring_dag.py
[2026-03-11T10:46:55.887+0000] {logging_mixin.py:188} INFO - [2026-03-11T10:46:55.887+0000] {dag.py:3033} INFO - Sync 1 DAGs
[2026-03-11T10:46:55.983+0000] {logging_mixin.py:188} INFO - [2026-03-11T10:46:55.983+0000] {dag.py:3820} INFO - Setting next_dagrun for youtube_monitoring_alerts to 2026-03-11T10:00:00+00:00, run_after=2026-03-11T10:30:00+00:00
[2026-03-11T10:46:56.064+0000] {processor.py:183} INFO - Processing /opt/airflow/dags/youtube_monitoring_dag.py took 0.433 seconds
[2026-03-11T10:47:26.601+0000] {processor.py:161} INFO - Started process (PID=1191) to work on /opt/airflow/dags/youtube_monitoring_dag.py
[2026-03-11T10:47:26.604+0000] {processor.py:830} INFO - Processing file /opt/airflow/dags/youtube_monitoring_dag.py for tasks to queue
[2026-03-11T10:47:26.607+0000] {logging_mixin.py:188} INFO - [2026-03-11T10:47:26.606+0000] {dagbag.py:538} INFO - Filling up the DagBag from /opt/airflow/dags/youtube_monitoring_dag.py
[2026-03-11T10:47:26.691+0000] {processor.py:840} INFO - DAG(s) 'youtube_monitoring_alerts' retrieved from /opt/airflow/dags/youtube_monitoring_dag.py
[2026-03-11T10:47:26.835+0000] {logging_mixin.py:188} INFO - [2026-03-11T10:47:26.834+0000] {dag.py:3033} INFO - Sync 1 DAGs
[2026-03-11T10:47:26.933+0000] {logging_mixin.py:188} INFO - [2026-03-11T10:47:26.933+0000] {dag.py:3820} INFO - Setting next_dagrun for youtube_monitoring_alerts to 2026-03-11T10:00:00+00:00, run_after=2026-03-11T10:30:00+00:00
[2026-03-11T10:47:27.018+0000] {processor.py:183} INFO - Processing /opt/airflow/dags/youtube_monitoring_dag.py took 0.430 seconds
[2026-03-11T10:47:57.497+0000] {processor.py:161} INFO - Started process (PID=1212) to work on /opt/airflow/dags/youtube_monitoring_dag.py
[2026-03-11T10:47:57.500+0000] {processor.py:830} INFO - Processing file /opt/airflow/dags/youtube_monitoring_dag.py for tasks to queue
[2026-03-11T10:47:57.504+0000] {logging_mixin.py:188} INFO - [2026-03-11T10:47:57.503+0000] {dagbag.py:538} INFO - Filling up the DagBag from /opt/airflow/dags/youtube_monitoring_dag.py
[2026-03-11T10:47:57.587+0000] {processor.py:840} INFO - DAG(s) 'youtube_monitoring_alerts' retrieved from /opt/airflow/dags/youtube_monitoring_dag.py
[2026-03-11T10:47:57.759+0000] {logging_mixin.py:188} INFO - [2026-03-11T10:47:57.757+0000] {dag.py:3033} INFO - Sync 1 DAGs
[2026-03-11T10:47:57.880+0000] {logging_mixin.py:188} INFO - [2026-03-11T10:47:57.879+0000] {dag.py:3820} INFO - Setting next_dagrun for youtube_monitoring_alerts to 2026-03-11T10:00:00+00:00, run_after=2026-03-11T10:30:00+00:00
[2026-03-11T10:47:57.978+0000] {processor.py:183} INFO - Processing /opt/airflow/dags/youtube_monitoring_dag.py took 0.496 seconds
[2026-03-11T10:48:28.538+0000] {processor.py:161} INFO - Started process (PID=1233) to work on /opt/airflow/dags/youtube_monitoring_dag.py
[2026-03-11T10:48:28.540+0000] {processor.py:830} INFO - Processing file /opt/airflow/dags/youtube_monitoring_dag.py for tasks to queue
[2026-03-11T10:48:28.546+0000] {logging_mixin.py:188} INFO - [2026-03-11T10:48:28.544+0000] {dagbag.py:538} INFO - Filling up the DagBag from /opt/airflow/dags/youtube_monitoring_dag.py
[2026-03-11T10:48:28.628+0000] {processor.py:840} INFO - DAG(s) 'youtube_monitoring_alerts' retrieved from /opt/airflow/dags/youtube_monitoring_dag.py
[2026-03-11T10:48:28.733+0000] {logging_mixin.py:188} INFO - [2026-03-11T10:48:28.732+0000] {dag.py:3033} INFO - Sync 1 DAGs
[2026-03-11T10:48:28.845+0000] {logging_mixin.py:188} INFO - [2026-03-11T10:48:28.845+0000] {dag.py:3820} INFO - Setting next_dagrun for youtube_monitoring_alerts to 2026-03-11T10:00:00+00:00, run_after=2026-03-11T10:30:00+00:00
[2026-03-11T10:48:28.972+0000] {processor.py:183} INFO - Processing /opt/airflow/dags/youtube_monitoring_dag.py took 0.448 seconds
[2026-03-11T10:48:59.343+0000] {processor.py:161} INFO - Started process (PID=1252) to work on /opt/airflow/dags/youtube_monitoring_dag.py
[2026-03-11T10:48:59.346+0000] {processor.py:830} INFO - Processing file /opt/airflow/dags/youtube_monitoring_dag.py for tasks to queue
[2026-03-11T10:48:59.351+0000] {logging_mixin.py:188} INFO - [2026-03-11T10:48:59.350+0000] {dagbag.py:538} INFO - Filling up the DagBag from /opt/airflow/dags/youtube_monitoring_dag.py
[2026-03-11T10:48:59.426+0000] {processor.py:840} INFO - DAG(s) 'youtube_monitoring_alerts' retrieved from /opt/airflow/dags/youtube_monitoring_dag.py
[2026-03-11T10:48:59.571+0000] {logging_mixin.py:188} INFO - [2026-03-11T10:48:59.569+0000] {dag.py:3033} INFO - Sync 1 DAGs
[2026-03-11T10:48:59.708+0000] {logging_mixin.py:188} INFO - [2026-03-11T10:48:59.707+0000] {dag.py:3820} INFO - Setting next_dagrun for youtube_monitoring_alerts to 2026-03-11T10:00:00+00:00, run_after=2026-03-11T10:30:00+00:00
[2026-03-11T10:48:59.816+0000] {processor.py:183} INFO - Processing /opt/airflow/dags/youtube_monitoring_dag.py took 0.484 seconds
[2026-03-11T10:49:30.608+0000] {processor.py:161} INFO - Started process (PID=1269) to work on /opt/airflow/dags/youtube_monitoring_dag.py
[2026-03-11T10:49:30.610+0000] {processor.py:830} INFO - Processing file /opt/airflow/dags/youtube_monitoring_dag.py for tasks to queue
[2026-03-11T10:49:30.614+0000] {logging_mixin.py:188} INFO - [2026-03-11T10:49:30.612+0000] {dagbag.py:538} INFO - Filling up the DagBag from /opt/airflow/dags/youtube_monitoring_dag.py
[2026-03-11T10:49:30.707+0000] {processor.py:840} INFO - DAG(s) 'youtube_monitoring_alerts' retrieved from /opt/airflow/dags/youtube_monitoring_dag.py
[2026-03-11T10:49:30.861+0000] {logging_mixin.py:188} INFO - [2026-03-11T10:49:30.860+0000] {dag.py:3033} INFO - Sync 1 DAGs
[2026-03-11T10:49:30.989+0000] {logging_mixin.py:188} INFO - [2026-03-11T10:49:30.989+0000] {dag.py:3820} INFO - Setting next_dagrun for youtube_monitoring_alerts to 2026-03-11T10:00:00+00:00, run_after=2026-03-11T10:30:00+00:00
[2026-03-11T10:49:31.088+0000] {processor.py:183} INFO - Processing /opt/airflow/dags/youtube_monitoring_dag.py took 0.492 seconds
[2026-03-11T10:50:01.625+0000] {processor.py:161} INFO - Started process (PID=1290) to work on /opt/airflow/dags/youtube_monitoring_dag.py
[2026-03-11T10:50:01.628+0000] {processor.py:830} INFO - Processing file /opt/airflow/dags/youtube_monitoring_dag.py for tasks to queue
[2026-03-11T10:50:01.633+0000] {logging_mixin.py:188} INFO - [2026-03-11T10:50:01.631+0000] {dagbag.py:538} INFO - Filling up the DagBag from /opt/airflow/dags/youtube_monitoring_dag.py
[2026-03-11T10:50:01.724+0000] {processor.py:840} INFO - DAG(s) 'youtube_monitoring_alerts' retrieved from /opt/airflow/dags/youtube_monitoring_dag.py
[2026-03-11T10:50:01.880+0000] {logging_mixin.py:188} INFO - [2026-03-11T10:50:01.879+0000] {dag.py:3033} INFO - Sync 1 DAGs
[2026-03-11T10:50:02.014+0000] {logging_mixin.py:188} INFO - [2026-03-11T10:50:02.013+0000] {dag.py:3820} INFO - Setting next_dagrun for youtube_monitoring_alerts to 2026-03-11T10:00:00+00:00, run_after=2026-03-11T10:30:00+00:00
[2026-03-11T10:50:02.114+0000] {processor.py:183} INFO - Processing /opt/airflow/dags/youtube_monitoring_dag.py took 0.500 seconds
[2026-03-11T10:50:32.734+0000] {processor.py:161} INFO - Started process (PID=1311) to work on /opt/airflow/dags/youtube_monitoring_dag.py
[2026-03-11T10:50:32.737+0000] {processor.py:830} INFO - Processing file /opt/airflow/dags/youtube_monitoring_dag.py for tasks to queue
[2026-03-11T10:50:32.744+0000] {logging_mixin.py:188} INFO - [2026-03-11T10:50:32.742+0000] {dagbag.py:538} INFO - Filling up the DagBag from /opt/airflow/dags/youtube_monitoring_dag.py
[2026-03-11T10:50:32.842+0000] {processor.py:840} INFO - DAG(s) 'youtube_monitoring_alerts' retrieved from /opt/airflow/dags/youtube_monitoring_dag.py
[2026-03-11T10:50:32.988+0000] {logging_mixin.py:188} INFO - [2026-03-11T10:50:32.987+0000] {dag.py:3033} INFO - Sync 1 DAGs
[2026-03-11T10:50:33.115+0000] {logging_mixin.py:188} INFO - [2026-03-11T10:50:33.114+0000] {dag.py:3820} INFO - Setting next_dagrun for youtube_monitoring_alerts to 2026-03-11T10:00:00+00:00, run_after=2026-03-11T10:30:00+00:00
[2026-03-11T10:50:33.220+0000] {processor.py:183} INFO - Processing /opt/airflow/dags/youtube_monitoring_dag.py took 0.500 seconds
[2026-03-11T10:51:03.385+0000] {processor.py:161} INFO - Started process (PID=1332) to work on /opt/airflow/dags/youtube_monitoring_dag.py
[2026-03-11T10:51:03.388+0000] {processor.py:830} INFO - Processing file /opt/airflow/dags/youtube_monitoring_dag.py for tasks to queue
[2026-03-11T10:51:03.394+0000] {logging_mixin.py:188} INFO - [2026-03-11T10:51:03.392+0000] {dagbag.py:538} INFO - Filling up the DagBag from /opt/airflow/dags/youtube_monitoring_dag.py
[2026-03-11T10:51:03.475+0000] {processor.py:840} INFO - DAG(s) 'youtube_monitoring_alerts' retrieved from /opt/airflow/dags/youtube_monitoring_dag.py
[2026-03-11T10:51:03.595+0000] {logging_mixin.py:188} INFO - [2026-03-11T10:51:03.594+0000] {dag.py:3033} INFO - Sync 1 DAGs
[2026-03-11T10:51:03.700+0000] {logging_mixin.py:188} INFO - [2026-03-11T10:51:03.698+0000] {dag.py:3820} INFO - Setting next_dagrun for youtube_monitoring_alerts to 2026-03-11T10:00:00+00:00, run_after=2026-03-11T10:30:00+00:00
[2026-03-11T10:51:03.784+0000] {processor.py:183} INFO - Processing /opt/airflow/dags/youtube_monitoring_dag.py took 0.410 seconds
[2026-03-11T10:51:34.405+0000] {processor.py:161} INFO - Started process (PID=1353) to work on /opt/airflow/dags/youtube_monitoring_dag.py
[2026-03-11T10:51:34.409+0000] {processor.py:830} INFO - Processing file /opt/airflow/dags/youtube_monitoring_dag.py for tasks to queue
[2026-03-11T10:51:34.413+0000] {logging_mixin.py:188} INFO - [2026-03-11T10:51:34.411+0000] {dagbag.py:538} INFO - Filling up the DagBag from /opt/airflow/dags/youtube_monitoring_dag.py
[2026-03-11T10:51:34.497+0000] {processor.py:840} INFO - DAG(s) 'youtube_monitoring_alerts' retrieved from /opt/airflow/dags/youtube_monitoring_dag.py
[2026-03-11T10:51:34.761+0000] {logging_mixin.py:188} INFO - [2026-03-11T10:51:34.760+0000] {dag.py:3033} INFO - Sync 1 DAGs
[2026-03-11T10:51:34.896+0000] {logging_mixin.py:188} INFO - [2026-03-11T10:51:34.896+0000] {dag.py:3820} INFO - Setting next_dagrun for youtube_monitoring_alerts to 2026-03-11T10:00:00+00:00, run_after=2026-03-11T10:30:00+00:00
[2026-03-11T10:51:34.982+0000] {processor.py:183} INFO - Processing /opt/airflow/dags/youtube_monitoring_dag.py took 0.592 seconds
[2026-03-11T10:52:05.905+0000] {processor.py:161} INFO - Started process (PID=1374) to work on /opt/airflow/dags/youtube_monitoring_dag.py
[2026-03-11T10:52:05.912+0000] {processor.py:830} INFO - Processing file /opt/airflow/dags/youtube_monitoring_dag.py for tasks to queue
[2026-03-11T10:52:05.917+0000] {logging_mixin.py:188} INFO - [2026-03-11T10:52:05.915+0000] {dagbag.py:538} INFO - Filling up the DagBag from /opt/airflow/dags/youtube_monitoring_dag.py
[2026-03-11T10:52:06.001+0000] {processor.py:840} INFO - DAG(s) 'youtube_monitoring_alerts' retrieved from /opt/airflow/dags/youtube_monitoring_dag.py
[2026-03-11T10:52:06.131+0000] {logging_mixin.py:188} INFO - [2026-03-11T10:52:06.131+0000] {dag.py:3033} INFO - Sync 1 DAGs
[2026-03-11T10:52:06.229+0000] {logging_mixin.py:188} INFO - [2026-03-11T10:52:06.229+0000] {dag.py:3820} INFO - Setting next_dagrun for youtube_monitoring_alerts to 2026-03-11T10:00:00+00:00, run_after=2026-03-11T10:30:00+00:00
[2026-03-11T10:52:06.294+0000] {processor.py:183} INFO - Processing /opt/airflow/dags/youtube_monitoring_dag.py took 0.404 seconds
[2026-03-11T10:52:36.740+0000] {processor.py:161} INFO - Started process (PID=1395) to work on /opt/airflow/dags/youtube_monitoring_dag.py
[2026-03-11T10:52:36.745+0000] {processor.py:830} INFO - Processing file /opt/airflow/dags/youtube_monitoring_dag.py for tasks to queue
[2026-03-11T10:52:36.748+0000] {logging_mixin.py:188} INFO - [2026-03-11T10:52:36.747+0000] {dagbag.py:538} INFO - Filling up the DagBag from /opt/airflow/dags/youtube_monitoring_dag.py
[2026-03-11T10:52:36.816+0000] {processor.py:840} INFO - DAG(s) 'youtube_monitoring_alerts' retrieved from /opt/airflow/dags/youtube_monitoring_dag.py
[2026-03-11T10:52:36.932+0000] {logging_mixin.py:188} INFO - [2026-03-11T10:52:36.931+0000] {dag.py:3033} INFO - Sync 1 DAGs
[2026-03-11T10:52:37.022+0000] {logging_mixin.py:188} INFO - [2026-03-11T10:52:37.022+0000] {dag.py:3820} INFO - Setting next_dagrun for youtube_monitoring_alerts to 2026-03-11T10:00:00+00:00, run_after=2026-03-11T10:30:00+00:00
[2026-03-11T10:52:37.089+0000] {processor.py:183} INFO - Processing /opt/airflow/dags/youtube_monitoring_dag.py took 0.358 seconds
[2026-03-11T10:53:07.865+0000] {processor.py:161} INFO - Started process (PID=1416) to work on /opt/airflow/dags/youtube_monitoring_dag.py
[2026-03-11T10:53:07.868+0000] {processor.py:830} INFO - Processing file /opt/airflow/dags/youtube_monitoring_dag.py for tasks to queue
[2026-03-11T10:53:07.871+0000] {logging_mixin.py:188} INFO - [2026-03-11T10:53:07.869+0000] {dagbag.py:538} INFO - Filling up the DagBag from /opt/airflow/dags/youtube_monitoring_dag.py
[2026-03-11T10:53:07.949+0000] {processor.py:840} INFO - DAG(s) 'youtube_monitoring_alerts' retrieved from /opt/airflow/dags/youtube_monitoring_dag.py
[2026-03-11T10:53:08.063+0000] {logging_mixin.py:188} INFO - [2026-03-11T10:53:08.063+0000] {dag.py:3033} INFO - Sync 1 DAGs
[2026-03-11T10:53:08.165+0000] {logging_mixin.py:188} INFO - [2026-03-11T10:53:08.164+0000] {dag.py:3820} INFO - Setting next_dagrun for youtube_monitoring_alerts to 2026-03-11T10:00:00+00:00, run_after=2026-03-11T10:30:00+00:00
[2026-03-11T10:53:08.263+0000] {processor.py:183} INFO - Processing /opt/airflow/dags/youtube_monitoring_dag.py took 0.411 seconds
[2026-03-11T10:53:38.530+0000] {processor.py:161} INFO - Started process (PID=1437) to work on /opt/airflow/dags/youtube_monitoring_dag.py
[2026-03-11T10:53:38.533+0000] {processor.py:830} INFO - Processing file /opt/airflow/dags/youtube_monitoring_dag.py for tasks to queue
[2026-03-11T10:53:38.535+0000] {logging_mixin.py:188} INFO - [2026-03-11T10:53:38.534+0000] {dagbag.py:538} INFO - Filling up the DagBag from /opt/airflow/dags/youtube_monitoring_dag.py
[2026-03-11T10:53:38.605+0000] {processor.py:840} INFO - DAG(s) 'youtube_monitoring_alerts' retrieved from /opt/airflow/dags/youtube_monitoring_dag.py
[2026-03-11T10:53:38.718+0000] {logging_mixin.py:188} INFO - [2026-03-11T10:53:38.718+0000] {dag.py:3033} INFO - Sync 1 DAGs
[2026-03-11T10:53:38.795+0000] {logging_mixin.py:188} INFO - [2026-03-11T10:53:38.795+0000] {dag.py:3820} INFO - Setting next_dagrun for youtube_monitoring_alerts to 2026-03-11T10:00:00+00:00, run_after=2026-03-11T10:30:00+00:00
[2026-03-11T10:53:38.856+0000] {processor.py:183} INFO - Processing /opt/airflow/dags/youtube_monitoring_dag.py took 0.334 seconds
[2026-03-11T10:54:09.529+0000] {processor.py:161} INFO - Started process (PID=1458) to work on /opt/airflow/dags/youtube_monitoring_dag.py
[2026-03-11T10:54:09.532+0000] {processor.py:830} INFO - Processing file /opt/airflow/dags/youtube_monitoring_dag.py for tasks to queue
[2026-03-11T10:54:09.535+0000] {logging_mixin.py:188} INFO - [2026-03-11T10:54:09.533+0000] {dagbag.py:538} INFO - Filling up the DagBag from /opt/airflow/dags/youtube_monitoring_dag.py
[2026-03-11T10:54:09.588+0000] {processor.py:840} INFO - DAG(s) 'youtube_monitoring_alerts' retrieved from /opt/airflow/dags/youtube_monitoring_dag.py
[2026-03-11T10:54:09.676+0000] {logging_mixin.py:188} INFO - [2026-03-11T10:54:09.675+0000] {dag.py:3033} INFO - Sync 1 DAGs
[2026-03-11T10:54:09.760+0000] {logging_mixin.py:188} INFO - [2026-03-11T10:54:09.760+0000] {dag.py:3820} INFO - Setting next_dagrun for youtube_monitoring_alerts to 2026-03-11T10:00:00+00:00, run_after=2026-03-11T10:30:00+00:00
[2026-03-11T10:54:09.820+0000] {processor.py:183} INFO - Processing /opt/airflow/dags/youtube_monitoring_dag.py took 0.298 seconds
[2026-03-11T10:54:40.114+0000] {processor.py:161} INFO - Started process (PID=1479) to work on /opt/airflow/dags/youtube_monitoring_dag.py
[2026-03-11T10:54:40.116+0000] {processor.py:830} INFO - Processing file /opt/airflow/dags/youtube_monitoring_dag.py for tasks to queue
[2026-03-11T10:54:40.119+0000] {logging_mixin.py:188} INFO - [2026-03-11T10:54:40.118+0000] {dagbag.py:538} INFO - Filling up the DagBag from /opt/airflow/dags/youtube_monitoring_dag.py
[2026-03-11T10:54:40.190+0000] {processor.py:840} INFO - DAG(s) 'youtube_monitoring_alerts' retrieved from /opt/airflow/dags/youtube_monitoring_dag.py
[2026-03-11T10:54:40.273+0000] {logging_mixin.py:188} INFO - [2026-03-11T10:54:40.272+0000] {dag.py:3033} INFO - Sync 1 DAGs
[2026-03-11T10:54:40.352+0000] {logging_mixin.py:188} INFO - [2026-03-11T10:54:40.352+0000] {dag.py:3820} INFO - Setting next_dagrun for youtube_monitoring_alerts to 2026-03-11T10:00:00+00:00, run_after=2026-03-11T10:30:00+00:00
[2026-03-11T10:54:40.414+0000] {processor.py:183} INFO - Processing /opt/airflow/dags/youtube_monitoring_dag.py took 0.311 seconds
[2026-03-11T10:55:10.777+0000] {processor.py:161} INFO - Started process (PID=1500) to work on /opt/airflow/dags/youtube_monitoring_dag.py
[2026-03-11T10:55:10.782+0000] {processor.py:830} INFO - Processing file /opt/airflow/dags/youtube_monitoring_dag.py for tasks to queue
[2026-03-11T10:55:10.786+0000] {logging_mixin.py:188} INFO - [2026-03-11T10:55:10.785+0000] {dagbag.py:538} INFO - Filling up the DagBag from /opt/airflow/dags/youtube_monitoring_dag.py
[2026-03-11T10:55:10.944+0000] {processor.py:840} INFO - DAG(s) 'youtube_monitoring_alerts' retrieved from /opt/airflow/dags/youtube_monitoring_dag.py
[2026-03-11T10:55:11.081+0000] {logging_mixin.py:188} INFO - [2026-03-11T10:55:11.080+0000] {dag.py:3033} INFO - Sync 1 DAGs
[2026-03-11T10:55:11.198+0000] {logging_mixin.py:188} INFO - [2026-03-11T10:55:11.197+0000] {dag.py:3820} INFO - Setting next_dagrun for youtube_monitoring_alerts to 2026-03-11T10:00:00+00:00, run_after=2026-03-11T10:30:00+00:00
[2026-03-11T10:55:11.271+0000] {processor.py:183} INFO - Processing /opt/airflow/dags/youtube_monitoring_dag.py took 0.506 seconds
[2026-03-11T10:55:42.102+0000] {processor.py:161} INFO - Started process (PID=1521) to work on /opt/airflow/dags/youtube_monitoring_dag.py
[2026-03-11T10:55:42.105+0000] {processor.py:830} INFO - Processing file /opt/airflow/dags/youtube_monitoring_dag.py for tasks to queue
[2026-03-11T10:55:42.109+0000] {logging_mixin.py:188} INFO - [2026-03-11T10:55:42.107+0000] {dagbag.py:538} INFO - Filling up the DagBag from /opt/airflow/dags/youtube_monitoring_dag.py
[2026-03-11T10:55:42.182+0000] {processor.py:840} INFO - DAG(s) 'youtube_monitoring_alerts' retrieved from /opt/airflow/dags/youtube_monitoring_dag.py
[2026-03-11T10:55:42.299+0000] {logging_mixin.py:188} INFO - [2026-03-11T10:55:42.299+0000] {dag.py:3033} INFO - Sync 1 DAGs
[2026-03-11T10:55:42.396+0000] {logging_mixin.py:188} INFO - [2026-03-11T10:55:42.396+0000] {dag.py:3820} INFO - Setting next_dagrun for youtube_monitoring_alerts to 2026-03-11T10:00:00+00:00, run_after=2026-03-11T10:30:00+00:00
[2026-03-11T10:55:42.451+0000] {processor.py:183} INFO - Processing /opt/airflow/dags/youtube_monitoring_dag.py took 0.364 seconds
[2026-03-11T10:56:12.903+0000] {processor.py:161} INFO - Started process (PID=1542) to work on /opt/airflow/dags/youtube_monitoring_dag.py
[2026-03-11T10:56:12.906+0000] {processor.py:830} INFO - Processing file /opt/airflow/dags/youtube_monitoring_dag.py for tasks to queue
[2026-03-11T10:56:12.909+0000] {logging_mixin.py:188} INFO - [2026-03-11T10:56:12.908+0000] {dagbag.py:538} INFO - Filling up the DagBag from /opt/airflow/dags/youtube_monitoring_dag.py
[2026-03-11T10:56:12.986+0000] {processor.py:840} INFO - DAG(s) 'youtube_monitoring_alerts' retrieved from /opt/airflow/dags/youtube_monitoring_dag.py
[2026-03-11T10:56:13.111+0000] {logging_mixin.py:188} INFO - [2026-03-11T10:56:13.110+0000] {dag.py:3033} INFO - Sync 1 DAGs
[2026-03-11T10:56:13.207+0000] {logging_mixin.py:188} INFO - [2026-03-11T10:56:13.207+0000] {dag.py:3820} INFO - Setting next_dagrun for youtube_monitoring_alerts to 2026-03-11T10:00:00+00:00, run_after=2026-03-11T10:30:00+00:00
[2026-03-11T10:56:13.289+0000] {processor.py:183} INFO - Processing /opt/airflow/dags/youtube_monitoring_dag.py took 0.396 seconds
[2026-03-11T10:56:43.759+0000] {processor.py:161} INFO - Started process (PID=1563) to work on /opt/airflow/dags/youtube_monitoring_dag.py
[2026-03-11T10:56:43.762+0000] {processor.py:830} INFO - Processing file /opt/airflow/dags/youtube_monitoring_dag.py for tasks to queue
[2026-03-11T10:56:43.764+0000] {logging_mixin.py:188} INFO - [2026-03-11T10:56:43.763+0000] {dagbag.py:538} INFO - Filling up the DagBag from /opt/airflow/dags/youtube_monitoring_dag.py
[2026-03-11T10:56:43.828+0000] {processor.py:840} INFO - DAG(s) 'youtube_monitoring_alerts' retrieved from /opt/airflow/dags/youtube_monitoring_dag.py
[2026-03-11T10:56:43.930+0000] {logging_mixin.py:188} INFO - [2026-03-11T10:56:43.930+0000] {dag.py:3033} INFO - Sync 1 DAGs
[2026-03-11T10:56:44.036+0000] {logging_mixin.py:188} INFO - [2026-03-11T10:56:44.036+0000] {dag.py:3820} INFO - Setting next_dagrun for youtube_monitoring_alerts to 2026-03-11T10:00:00+00:00, run_after=2026-03-11T10:30:00+00:00
[2026-03-11T10:56:44.125+0000] {processor.py:183} INFO - Processing /opt/airflow/dags/youtube_monitoring_dag.py took 0.376 seconds
[2026-03-11T10:57:14.573+0000] {processor.py:161} INFO - Started process (PID=1584) to work on /opt/airflow/dags/youtube_monitoring_dag.py
[2026-03-11T10:57:14.577+0000] {processor.py:830} INFO - Processing file /opt/airflow/dags/youtube_monitoring_dag.py for tasks to queue
[2026-03-11T10:57:14.581+0000] {logging_mixin.py:188} INFO - [2026-03-11T10:57:14.579+0000] {dagbag.py:538} INFO - Filling up the DagBag from /opt/airflow/dags/youtube_monitoring_dag.py
[2026-03-11T10:57:14.671+0000] {processor.py:840} INFO - DAG(s) 'youtube_monitoring_alerts' retrieved from /opt/airflow/dags/youtube_monitoring_dag.py
[2026-03-11T10:57:14.792+0000] {logging_mixin.py:188} INFO - [2026-03-11T10:57:14.791+0000] {dag.py:3033} INFO - Sync 1 DAGs
[2026-03-11T10:57:14.897+0000] {logging_mixin.py:188} INFO - [2026-03-11T10:57:14.896+0000] {dag.py:3820} INFO - Setting next_dagrun for youtube_monitoring_alerts to 2026-03-11T10:00:00+00:00, run_after=2026-03-11T10:30:00+00:00
[2026-03-11T10:57:15.030+0000] {processor.py:183} INFO - Processing /opt/airflow/dags/youtube_monitoring_dag.py took 0.466 seconds
[2026-03-11T10:57:45.314+0000] {processor.py:161} INFO - Started process (PID=1605) to work on /opt/airflow/dags/youtube_monitoring_dag.py
[2026-03-11T10:57:45.317+0000] {processor.py:830} INFO - Processing file /opt/airflow/dags/youtube_monitoring_dag.py for tasks to queue
[2026-03-11T10:57:45.320+0000] {logging_mixin.py:188} INFO - [2026-03-11T10:57:45.319+0000] {dagbag.py:538} INFO - Filling up the DagBag from /opt/airflow/dags/youtube_monitoring_dag.py
[2026-03-11T10:57:45.397+0000] {processor.py:840} INFO - DAG(s) 'youtube_monitoring_alerts' retrieved from /opt/airflow/dags/youtube_monitoring_dag.py
[2026-03-11T10:57:45.529+0000] {logging_mixin.py:188} INFO - [2026-03-11T10:57:45.528+0000] {dag.py:3033} INFO - Sync 1 DAGs
[2026-03-11T10:57:45.629+0000] {logging_mixin.py:188} INFO - [2026-03-11T10:57:45.628+0000] {dag.py:3820} INFO - Setting next_dagrun for youtube_monitoring_alerts to 2026-03-11T10:00:00+00:00, run_after=2026-03-11T10:30:00+00:00
[2026-03-11T10:57:45.708+0000] {processor.py:183} INFO - Processing /opt/airflow/dags/youtube_monitoring_dag.py took 0.406 seconds
[2026-03-11T10:58:16.086+0000] {processor.py:161} INFO - Started process (PID=1626) to work on /opt/airflow/dags/youtube_monitoring_dag.py
[2026-03-11T10:58:16.088+0000] {processor.py:830} INFO - Processing file /opt/airflow/dags/youtube_monitoring_dag.py for tasks to queue
[2026-03-11T10:58:16.093+0000] {logging_mixin.py:188} INFO - [2026-03-11T10:58:16.091+0000] {dagbag.py:538} INFO - Filling up the DagBag from /opt/airflow/dags/youtube_monitoring_dag.py
[2026-03-11T10:58:16.156+0000] {processor.py:840} INFO - DAG(s) 'youtube_monitoring_alerts' retrieved from /opt/airflow/dags/youtube_monitoring_dag.py
[2026-03-11T10:58:16.261+0000] {logging_mixin.py:188} INFO - [2026-03-11T10:58:16.260+0000] {dag.py:3033} INFO - Sync 1 DAGs
[2026-03-11T10:58:16.349+0000] {logging_mixin.py:188} INFO - [2026-03-11T10:58:16.348+0000] {dag.py:3820} INFO - Setting next_dagrun for youtube_monitoring_alerts to 2026-03-11T10:00:00+00:00, run_after=2026-03-11T10:30:00+00:00
[2026-03-11T10:58:16.418+0000] {processor.py:183} INFO - Processing /opt/airflow/dags/youtube_monitoring_dag.py took 0.342 seconds
[2026-03-11T10:58:47.019+0000] {processor.py:161} INFO - Started process (PID=1647) to work on /opt/airflow/dags/youtube_monitoring_dag.py
[2026-03-11T10:58:47.022+0000] {processor.py:830} INFO - Processing file /opt/airflow/dags/youtube_monitoring_dag.py for tasks to queue
[2026-03-11T10:58:47.026+0000] {logging_mixin.py:188} INFO - [2026-03-11T10:58:47.024+0000] {dagbag.py:538} INFO - Filling up the DagBag from /opt/airflow/dags/youtube_monitoring_dag.py
[2026-03-11T10:58:47.096+0000] {processor.py:840} INFO - DAG(s) 'youtube_monitoring_alerts' retrieved from /opt/airflow/dags/youtube_monitoring_dag.py
[2026-03-11T10:58:47.209+0000] {logging_mixin.py:188} INFO - [2026-03-11T10:58:47.208+0000] {dag.py:3033} INFO - Sync 1 DAGs
[2026-03-11T10:58:47.329+0000] {logging_mixin.py:188} INFO - [2026-03-11T10:58:47.328+0000] {dag.py:3820} INFO - Setting next_dagrun for youtube_monitoring_alerts to 2026-03-11T10:00:00+00:00, run_after=2026-03-11T10:30:00+00:00
[2026-03-11T10:58:47.441+0000] {processor.py:183} INFO - Processing /opt/airflow/dags/youtube_monitoring_dag.py took 0.431 seconds
[2026-03-11T10:59:17.853+0000] {processor.py:161} INFO - Started process (PID=1668) to work on /opt/airflow/dags/youtube_monitoring_dag.py
[2026-03-11T10:59:17.856+0000] {processor.py:830} INFO - Processing file /opt/airflow/dags/youtube_monitoring_dag.py for tasks to queue
[2026-03-11T10:59:17.859+0000] {logging_mixin.py:188} INFO - [2026-03-11T10:59:17.858+0000] {dagbag.py:538} INFO - Filling up the DagBag from /opt/airflow/dags/youtube_monitoring_dag.py
[2026-03-11T10:59:17.926+0000] {processor.py:840} INFO - DAG(s) 'youtube_monitoring_alerts' retrieved from /opt/airflow/dags/youtube_monitoring_dag.py
[2026-03-11T10:59:18.055+0000] {logging_mixin.py:188} INFO - [2026-03-11T10:59:18.055+0000] {dag.py:3033} INFO - Sync 1 DAGs
[2026-03-11T10:59:18.150+0000] {logging_mixin.py:188} INFO - [2026-03-11T10:59:18.150+0000] {dag.py:3820} INFO - Setting next_dagrun for youtube_monitoring_alerts to 2026-03-11T10:00:00+00:00, run_after=2026-03-11T10:30:00+00:00
[2026-03-11T10:59:18.219+0000] {processor.py:183} INFO - Processing /opt/airflow/dags/youtube_monitoring_dag.py took 0.374 seconds
[2026-03-11T10:59:48.317+0000] {processor.py:161} INFO - Started process (PID=1689) to work on /opt/airflow/dags/youtube_monitoring_dag.py
[2026-03-11T10:59:48.319+0000] {processor.py:830} INFO - Processing file /opt/airflow/dags/youtube_monitoring_dag.py for tasks to queue
[2026-03-11T10:59:48.322+0000] {logging_mixin.py:188} INFO - [2026-03-11T10:59:48.321+0000] {dagbag.py:538} INFO - Filling up the DagBag from /opt/airflow/dags/youtube_monitoring_dag.py
[2026-03-11T10:59:48.390+0000] {processor.py:840} INFO - DAG(s) 'youtube_monitoring_alerts' retrieved from /opt/airflow/dags/youtube_monitoring_dag.py
[2026-03-11T10:59:48.494+0000] {logging_mixin.py:188} INFO - [2026-03-11T10:59:48.493+0000] {dag.py:3033} INFO - Sync 1 DAGs
[2026-03-11T10:59:48.588+0000] {logging_mixin.py:188} INFO - [2026-03-11T10:59:48.587+0000] {dag.py:3820} INFO - Setting next_dagrun for youtube_monitoring_alerts to 2026-03-11T10:00:00+00:00, run_after=2026-03-11T10:30:00+00:00
[2026-03-11T10:59:48.654+0000] {processor.py:183} INFO - Processing /opt/airflow/dags/youtube_monitoring_dag.py took 0.344 seconds
[2026-03-11T11:00:18.909+0000] {processor.py:161} INFO - Started process (PID=1710) to work on /opt/airflow/dags/youtube_monitoring_dag.py
[2026-03-11T11:00:18.914+0000] {processor.py:830} INFO - Processing file /opt/airflow/dags/youtube_monitoring_dag.py for tasks to queue
[2026-03-11T11:00:18.916+0000] {logging_mixin.py:188} INFO - [2026-03-11T11:00:18.915+0000] {dagbag.py:538} INFO - Filling up the DagBag from /opt/airflow/dags/youtube_monitoring_dag.py
[2026-03-11T11:00:18.988+0000] {processor.py:840} INFO - DAG(s) 'youtube_monitoring_alerts' retrieved from /opt/airflow/dags/youtube_monitoring_dag.py
[2026-03-11T11:00:19.116+0000] {logging_mixin.py:188} INFO - [2026-03-11T11:00:19.116+0000] {dag.py:3033} INFO - Sync 1 DAGs
[2026-03-11T11:00:19.203+0000] {logging_mixin.py:188} INFO - [2026-03-11T11:00:19.203+0000] {dag.py:3820} INFO - Setting next_dagrun for youtube_monitoring_alerts to 2026-03-11T10:30:00+00:00, run_after=2026-03-11T11:00:00+00:00
[2026-03-11T11:00:19.272+0000] {processor.py:183} INFO - Processing /opt/airflow/dags/youtube_monitoring_dag.py took 0.371 seconds
[2026-03-11T11:00:50.039+0000] {processor.py:161} INFO - Started process (PID=1731) to work on /opt/airflow/dags/youtube_monitoring_dag.py
[2026-03-11T11:00:50.041+0000] {processor.py:830} INFO - Processing file /opt/airflow/dags/youtube_monitoring_dag.py for tasks to queue
[2026-03-11T11:00:50.044+0000] {logging_mixin.py:188} INFO - [2026-03-11T11:00:50.043+0000] {dagbag.py:538} INFO - Filling up the DagBag from /opt/airflow/dags/youtube_monitoring_dag.py
[2026-03-11T11:00:50.106+0000] {processor.py:840} INFO - DAG(s) 'youtube_monitoring_alerts' retrieved from /opt/airflow/dags/youtube_monitoring_dag.py
[2026-03-11T11:00:50.236+0000] {logging_mixin.py:188} INFO - [2026-03-11T11:00:50.236+0000] {dag.py:3033} INFO - Sync 1 DAGs
[2026-03-11T11:00:50.317+0000] {logging_mixin.py:188} INFO - [2026-03-11T11:00:50.316+0000] {dag.py:3820} INFO - Setting next_dagrun for youtube_monitoring_alerts to 2026-03-11T10:30:00+00:00, run_after=2026-03-11T11:00:00+00:00
[2026-03-11T11:00:50.377+0000] {processor.py:183} INFO - Processing /opt/airflow/dags/youtube_monitoring_dag.py took 0.345 seconds
[2026-03-11T11:01:21.159+0000] {processor.py:161} INFO - Started process (PID=1752) to work on /opt/airflow/dags/youtube_monitoring_dag.py
[2026-03-11T11:01:21.161+0000] {processor.py:830} INFO - Processing file /opt/airflow/dags/youtube_monitoring_dag.py for tasks to queue
[2026-03-11T11:01:21.163+0000] {logging_mixin.py:188} INFO - [2026-03-11T11:01:21.163+0000] {dagbag.py:538} INFO - Filling up the DagBag from /opt/airflow/dags/youtube_monitoring_dag.py
[2026-03-11T11:01:21.209+0000] {processor.py:840} INFO - DAG(s) 'youtube_monitoring_alerts' retrieved from /opt/airflow/dags/youtube_monitoring_dag.py
[2026-03-11T11:01:21.385+0000] {logging_mixin.py:188} INFO - [2026-03-11T11:01:21.385+0000] {dag.py:3033} INFO - Sync 1 DAGs
[2026-03-11T11:01:21.445+0000] {logging_mixin.py:188} INFO - [2026-03-11T11:01:21.444+0000] {dag.py:3820} INFO - Setting next_dagrun for youtube_monitoring_alerts to 2026-03-11T10:30:00+00:00, run_after=2026-03-11T11:00:00+00:00
[2026-03-11T11:01:21.501+0000] {processor.py:183} INFO - Processing /opt/airflow/dags/youtube_monitoring_dag.py took 0.351 seconds
[2026-03-11T11:01:51.900+0000] {processor.py:161} INFO - Started process (PID=1773) to work on /opt/airflow/dags/youtube_monitoring_dag.py
[2026-03-11T11:01:51.902+0000] {processor.py:830} INFO - Processing file /opt/airflow/dags/youtube_monitoring_dag.py for tasks to queue
[2026-03-11T11:01:51.904+0000] {logging_mixin.py:188} INFO - [2026-03-11T11:01:51.903+0000] {dagbag.py:538} INFO - Filling up the DagBag from /opt/airflow/dags/youtube_monitoring_dag.py
[2026-03-11T11:01:51.949+0000] {processor.py:840} INFO - DAG(s) 'youtube_monitoring_alerts' retrieved from /opt/airflow/dags/youtube_monitoring_dag.py
[2026-03-11T11:01:52.049+0000] {logging_mixin.py:188} INFO - [2026-03-11T11:01:52.049+0000] {dag.py:3033} INFO - Sync 1 DAGs
[2026-03-11T11:01:52.098+0000] {logging_mixin.py:188} INFO - [2026-03-11T11:01:52.098+0000] {dag.py:3820} INFO - Setting next_dagrun for youtube_monitoring_alerts to 2026-03-11T10:30:00+00:00, run_after=2026-03-11T11:00:00+00:00
[2026-03-11T11:01:52.158+0000] {processor.py:183} INFO - Processing /opt/airflow/dags/youtube_monitoring_dag.py took 0.264 seconds
[2026-03-11T11:02:22.804+0000] {processor.py:161} INFO - Started process (PID=1794) to work on /opt/airflow/dags/youtube_monitoring_dag.py
[2026-03-11T11:02:22.806+0000] {processor.py:830} INFO - Processing file /opt/airflow/dags/youtube_monitoring_dag.py for tasks to queue
[2026-03-11T11:02:22.810+0000] {logging_mixin.py:188} INFO - [2026-03-11T11:02:22.808+0000] {dagbag.py:538} INFO - Filling up the DagBag from /opt/airflow/dags/youtube_monitoring_dag.py
[2026-03-11T11:02:22.872+0000] {processor.py:840} INFO - DAG(s) 'youtube_monitoring_alerts' retrieved from /opt/airflow/dags/youtube_monitoring_dag.py
[2026-03-11T11:02:22.979+0000] {logging_mixin.py:188} INFO - [2026-03-11T11:02:22.979+0000] {dag.py:3033} INFO - Sync 1 DAGs
[2026-03-11T11:02:23.048+0000] {logging_mixin.py:188} INFO - [2026-03-11T11:02:23.047+0000] {dag.py:3820} INFO - Setting next_dagrun for youtube_monitoring_alerts to 2026-03-11T10:30:00+00:00, run_after=2026-03-11T11:00:00+00:00
[2026-03-11T11:02:23.104+0000] {processor.py:183} INFO - Processing /opt/airflow/dags/youtube_monitoring_dag.py took 0.308 seconds
[2026-03-11T11:02:53.562+0000] {processor.py:161} INFO - Started process (PID=1815) to work on /opt/airflow/dags/youtube_monitoring_dag.py
[2026-03-11T11:02:53.565+0000] {processor.py:830} INFO - Processing file /opt/airflow/dags/youtube_monitoring_dag.py for tasks to queue
[2026-03-11T11:02:53.569+0000] {logging_mixin.py:188} INFO - [2026-03-11T11:02:53.567+0000] {dagbag.py:538} INFO - Filling up the DagBag from /opt/airflow/dags/youtube_monitoring_dag.py
[2026-03-11T11:02:53.643+0000] {processor.py:840} INFO - DAG(s) 'youtube_monitoring_alerts' retrieved from /opt/airflow/dags/youtube_monitoring_dag.py
[2026-03-11T11:02:53.774+0000] {logging_mixin.py:188} INFO - [2026-03-11T11:02:53.773+0000] {dag.py:3033} INFO - Sync 1 DAGs
[2026-03-11T11:02:53.884+0000] {logging_mixin.py:188} INFO - [2026-03-11T11:02:53.883+0000] {dag.py:3820} INFO - Setting next_dagrun for youtube_monitoring_alerts to 2026-03-11T10:30:00+00:00, run_after=2026-03-11T11:00:00+00:00
[2026-03-11T11:02:53.963+0000] {processor.py:183} INFO - Processing /opt/airflow/dags/youtube_monitoring_dag.py took 0.417 seconds
[2026-03-11T11:03:24.402+0000] {processor.py:161} INFO - Started process (PID=1836) to work on /opt/airflow/dags/youtube_monitoring_dag.py
[2026-03-11T11:03:24.405+0000] {processor.py:830} INFO - Processing file /opt/airflow/dags/youtube_monitoring_dag.py for tasks to queue
[2026-03-11T11:03:24.407+0000] {logging_mixin.py:188} INFO - [2026-03-11T11:03:24.406+0000] {dagbag.py:538} INFO - Filling up the DagBag from /opt/airflow/dags/youtube_monitoring_dag.py
[2026-03-11T11:03:24.474+0000] {processor.py:840} INFO - DAG(s) 'youtube_monitoring_alerts' retrieved from /opt/airflow/dags/youtube_monitoring_dag.py
[2026-03-11T11:03:24.585+0000] {logging_mixin.py:188} INFO - [2026-03-11T11:03:24.585+0000] {dag.py:3033} INFO - Sync 1 DAGs
[2026-03-11T11:03:24.680+0000] {logging_mixin.py:188} INFO - [2026-03-11T11:03:24.679+0000] {dag.py:3820} INFO - Setting next_dagrun for youtube_monitoring_alerts to 2026-03-11T10:30:00+00:00, run_after=2026-03-11T11:00:00+00:00
[2026-03-11T11:03:24.755+0000] {processor.py:183} INFO - Processing /opt/airflow/dags/youtube_monitoring_dag.py took 0.364 seconds
[2026-03-11T11:03:55.399+0000] {processor.py:161} INFO - Started process (PID=1857) to work on /opt/airflow/dags/youtube_monitoring_dag.py
[2026-03-11T11:03:55.401+0000] {processor.py:830} INFO - Processing file /opt/airflow/dags/youtube_monitoring_dag.py for tasks to queue
[2026-03-11T11:03:55.404+0000] {logging_mixin.py:188} INFO - [2026-03-11T11:03:55.403+0000] {dagbag.py:538} INFO - Filling up the DagBag from /opt/airflow/dags/youtube_monitoring_dag.py
[2026-03-11T11:03:55.470+0000] {processor.py:840} INFO - DAG(s) 'youtube_monitoring_alerts' retrieved from /opt/airflow/dags/youtube_monitoring_dag.py
[2026-03-11T11:03:55.578+0000] {logging_mixin.py:188} INFO - [2026-03-11T11:03:55.577+0000] {dag.py:3033} INFO - Sync 1 DAGs
[2026-03-11T11:03:55.673+0000] {logging_mixin.py:188} INFO - [2026-03-11T11:03:55.672+0000] {dag.py:3820} INFO - Setting next_dagrun for youtube_monitoring_alerts to 2026-03-11T10:30:00+00:00, run_after=2026-03-11T11:00:00+00:00
[2026-03-11T11:03:55.738+0000] {processor.py:183} INFO - Processing /opt/airflow/dags/youtube_monitoring_dag.py took 0.351 seconds
[2026-03-11T11:04:26.407+0000] {processor.py:161} INFO - Started process (PID=1878) to work on /opt/airflow/dags/youtube_monitoring_dag.py
[2026-03-11T11:04:26.410+0000] {processor.py:830} INFO - Processing file /opt/airflow/dags/youtube_monitoring_dag.py for tasks to queue
[2026-03-11T11:04:26.413+0000] {logging_mixin.py:188} INFO - [2026-03-11T11:04:26.412+0000] {dagbag.py:538} INFO - Filling up the DagBag from /opt/airflow/dags/youtube_monitoring_dag.py
[2026-03-11T11:04:26.466+0000] {processor.py:840} INFO - DAG(s) 'youtube_monitoring_alerts' retrieved from /opt/airflow/dags/youtube_monitoring_dag.py
[2026-03-11T11:04:26.558+0000] {logging_mixin.py:188} INFO - [2026-03-11T11:04:26.558+0000] {dag.py:3033} INFO - Sync 1 DAGs
[2026-03-11T11:04:26.656+0000] {logging_mixin.py:188} INFO - [2026-03-11T11:04:26.656+0000] {dag.py:3820} INFO - Setting next_dagrun for youtube_monitoring_alerts to 2026-03-11T10:30:00+00:00, run_after=2026-03-11T11:00:00+00:00
[2026-03-11T11:04:26.724+0000] {processor.py:183} INFO - Processing /opt/airflow/dags/youtube_monitoring_dag.py took 0.327 seconds
[2026-03-11T11:04:56.921+0000] {processor.py:161} INFO - Started process (PID=1897) to work on /opt/airflow/dags/youtube_monitoring_dag.py
[2026-03-11T11:04:56.928+0000] {processor.py:830} INFO - Processing file /opt/airflow/dags/youtube_monitoring_dag.py for tasks to queue
[2026-03-11T11:04:56.935+0000] {logging_mixin.py:188} INFO - [2026-03-11T11:04:56.933+0000] {dagbag.py:538} INFO - Filling up the DagBag from /opt/airflow/dags/youtube_monitoring_dag.py
[2026-03-11T11:04:57.113+0000] {processor.py:840} INFO - DAG(s) 'youtube_monitoring_alerts' retrieved from /opt/airflow/dags/youtube_monitoring_dag.py
[2026-03-11T11:04:57.333+0000] {logging_mixin.py:188} INFO - [2026-03-11T11:04:57.332+0000] {dag.py:3033} INFO - Sync 1 DAGs
[2026-03-11T11:04:57.476+0000] {logging_mixin.py:188} INFO - [2026-03-11T11:04:57.474+0000] {dag.py:3820} INFO - Setting next_dagrun for youtube_monitoring_alerts to 2026-03-11T10:30:00+00:00, run_after=2026-03-11T11:00:00+00:00
[2026-03-11T11:04:57.738+0000] {processor.py:183} INFO - Processing /opt/airflow/dags/youtube_monitoring_dag.py took 0.849 seconds
[2026-03-11T11:05:28.101+0000] {processor.py:161} INFO - Started process (PID=1914) to work on /opt/airflow/dags/youtube_monitoring_dag.py
[2026-03-11T11:05:28.105+0000] {processor.py:830} INFO - Processing file /opt/airflow/dags/youtube_monitoring_dag.py for tasks to queue
[2026-03-11T11:05:28.110+0000] {logging_mixin.py:188} INFO - [2026-03-11T11:05:28.108+0000] {dagbag.py:538} INFO - Filling up the DagBag from /opt/airflow/dags/youtube_monitoring_dag.py
[2026-03-11T11:05:28.215+0000] {processor.py:840} INFO - DAG(s) 'youtube_monitoring_alerts' retrieved from /opt/airflow/dags/youtube_monitoring_dag.py
[2026-03-11T11:05:28.442+0000] {logging_mixin.py:188} INFO - [2026-03-11T11:05:28.441+0000] {dag.py:3033} INFO - Sync 1 DAGs
[2026-03-11T11:05:28.641+0000] {logging_mixin.py:188} INFO - [2026-03-11T11:05:28.639+0000] {dag.py:3820} INFO - Setting next_dagrun for youtube_monitoring_alerts to 2026-03-11T10:30:00+00:00, run_after=2026-03-11T11:00:00+00:00
[2026-03-11T11:05:28.796+0000] {processor.py:183} INFO - Processing /opt/airflow/dags/youtube_monitoring_dag.py took 0.709 seconds
[2026-03-11T11:05:59.244+0000] {processor.py:161} INFO - Started process (PID=1935) to work on /opt/airflow/dags/youtube_monitoring_dag.py
[2026-03-11T11:05:59.247+0000] {processor.py:830} INFO - Processing file /opt/airflow/dags/youtube_monitoring_dag.py for tasks to queue
[2026-03-11T11:05:59.251+0000] {logging_mixin.py:188} INFO - [2026-03-11T11:05:59.250+0000] {dagbag.py:538} INFO - Filling up the DagBag from /opt/airflow/dags/youtube_monitoring_dag.py
[2026-03-11T11:05:59.354+0000] {processor.py:840} INFO - DAG(s) 'youtube_monitoring_alerts' retrieved from /opt/airflow/dags/youtube_monitoring_dag.py
[2026-03-11T11:05:59.515+0000] {logging_mixin.py:188} INFO - [2026-03-11T11:05:59.514+0000] {dag.py:3033} INFO - Sync 1 DAGs
[2026-03-11T11:05:59.755+0000] {logging_mixin.py:188} INFO - [2026-03-11T11:05:59.754+0000] {dag.py:3820} INFO - Setting next_dagrun for youtube_monitoring_alerts to 2026-03-11T10:30:00+00:00, run_after=2026-03-11T11:00:00+00:00
[2026-03-11T11:05:59.953+0000] {processor.py:183} INFO - Processing /opt/airflow/dags/youtube_monitoring_dag.py took 0.723 seconds
[2026-03-11T11:06:30.524+0000] {processor.py:161} INFO - Started process (PID=1956) to work on /opt/airflow/dags/youtube_monitoring_dag.py
[2026-03-11T11:06:30.527+0000] {processor.py:830} INFO - Processing file /opt/airflow/dags/youtube_monitoring_dag.py for tasks to queue
[2026-03-11T11:06:30.531+0000] {logging_mixin.py:188} INFO - [2026-03-11T11:06:30.529+0000] {dagbag.py:538} INFO - Filling up the DagBag from /opt/airflow/dags/youtube_monitoring_dag.py
[2026-03-11T11:06:30.597+0000] {processor.py:840} INFO - DAG(s) 'youtube_monitoring_alerts' retrieved from /opt/airflow/dags/youtube_monitoring_dag.py
[2026-03-11T11:06:30.702+0000] {logging_mixin.py:188} INFO - [2026-03-11T11:06:30.701+0000] {dag.py:3033} INFO - Sync 1 DAGs
[2026-03-11T11:06:30.800+0000] {logging_mixin.py:188} INFO - [2026-03-11T11:06:30.799+0000] {dag.py:3820} INFO - Setting next_dagrun for youtube_monitoring_alerts to 2026-03-11T10:30:00+00:00, run_after=2026-03-11T11:00:00+00:00
[2026-03-11T11:06:30.862+0000] {processor.py:183} INFO - Processing /opt/airflow/dags/youtube_monitoring_dag.py took 0.349 seconds
[2026-03-11T11:07:01.802+0000] {processor.py:161} INFO - Started process (PID=1977) to work on /opt/airflow/dags/youtube_monitoring_dag.py
[2026-03-11T11:07:01.805+0000] {processor.py:830} INFO - Processing file /opt/airflow/dags/youtube_monitoring_dag.py for tasks to queue
[2026-03-11T11:07:01.808+0000] {logging_mixin.py:188} INFO - [2026-03-11T11:07:01.807+0000] {dagbag.py:538} INFO - Filling up the DagBag from /opt/airflow/dags/youtube_monitoring_dag.py
[2026-03-11T11:07:01.868+0000] {processor.py:840} INFO - DAG(s) 'youtube_monitoring_alerts' retrieved from /opt/airflow/dags/youtube_monitoring_dag.py
[2026-03-11T11:07:01.992+0000] {logging_mixin.py:188} INFO - [2026-03-11T11:07:01.991+0000] {dag.py:3033} INFO - Sync 1 DAGs
[2026-03-11T11:07:02.068+0000] {logging_mixin.py:188} INFO - [2026-03-11T11:07:02.067+0000] {dag.py:3820} INFO - Setting next_dagrun for youtube_monitoring_alerts to 2026-03-11T10:30:00+00:00, run_after=2026-03-11T11:00:00+00:00
[2026-03-11T11:07:02.168+0000] {processor.py:183} INFO - Processing /opt/airflow/dags/youtube_monitoring_dag.py took 0.374 seconds
[2026-03-11T11:07:32.434+0000] {processor.py:161} INFO - Started process (PID=1998) to work on /opt/airflow/dags/youtube_monitoring_dag.py
[2026-03-11T11:07:32.437+0000] {processor.py:830} INFO - Processing file /opt/airflow/dags/youtube_monitoring_dag.py for tasks to queue
[2026-03-11T11:07:32.441+0000] {logging_mixin.py:188} INFO - [2026-03-11T11:07:32.440+0000] {dagbag.py:538} INFO - Filling up the DagBag from /opt/airflow/dags/youtube_monitoring_dag.py
[2026-03-11T11:07:32.552+0000] {processor.py:840} INFO - DAG(s) 'youtube_monitoring_alerts' retrieved from /opt/airflow/dags/youtube_monitoring_dag.py
[2026-03-11T11:07:32.663+0000] {logging_mixin.py:188} INFO - [2026-03-11T11:07:32.662+0000] {dag.py:3033} INFO - Sync 1 DAGs
[2026-03-11T11:07:32.754+0000] {logging_mixin.py:188} INFO - [2026-03-11T11:07:32.753+0000] {dag.py:3820} INFO - Setting next_dagrun for youtube_monitoring_alerts to 2026-03-11T10:30:00+00:00, run_after=2026-03-11T11:00:00+00:00
[2026-03-11T11:07:32.831+0000] {processor.py:183} INFO - Processing /opt/airflow/dags/youtube_monitoring_dag.py took 0.409 seconds
[2026-03-11T11:08:03.011+0000] {processor.py:161} INFO - Started process (PID=2019) to work on /opt/airflow/dags/youtube_monitoring_dag.py
[2026-03-11T11:08:03.015+0000] {processor.py:830} INFO - Processing file /opt/airflow/dags/youtube_monitoring_dag.py for tasks to queue
[2026-03-11T11:08:03.020+0000] {logging_mixin.py:188} INFO - [2026-03-11T11:08:03.017+0000] {dagbag.py:538} INFO - Filling up the DagBag from /opt/airflow/dags/youtube_monitoring_dag.py
[2026-03-11T11:08:03.125+0000] {processor.py:840} INFO - DAG(s) 'youtube_monitoring_alerts' retrieved from /opt/airflow/dags/youtube_monitoring_dag.py
[2026-03-11T11:08:03.323+0000] {logging_mixin.py:188} INFO - [2026-03-11T11:08:03.322+0000] {dag.py:3033} INFO - Sync 1 DAGs
[2026-03-11T11:08:03.471+0000] {logging_mixin.py:188} INFO - [2026-03-11T11:08:03.471+0000] {dag.py:3820} INFO - Setting next_dagrun for youtube_monitoring_alerts to 2026-03-11T10:30:00+00:00, run_after=2026-03-11T11:00:00+00:00
[2026-03-11T11:08:03.595+0000] {processor.py:183} INFO - Processing /opt/airflow/dags/youtube_monitoring_dag.py took 0.606 seconds
[2026-03-11T11:08:33.804+0000] {processor.py:161} INFO - Started process (PID=2040) to work on /opt/airflow/dags/youtube_monitoring_dag.py
[2026-03-11T11:08:33.808+0000] {processor.py:830} INFO - Processing file /opt/airflow/dags/youtube_monitoring_dag.py for tasks to queue
[2026-03-11T11:08:33.814+0000] {logging_mixin.py:188} INFO - [2026-03-11T11:08:33.812+0000] {dagbag.py:538} INFO - Filling up the DagBag from /opt/airflow/dags/youtube_monitoring_dag.py
[2026-03-11T11:08:34.015+0000] {processor.py:840} INFO - DAG(s) 'youtube_monitoring_alerts' retrieved from /opt/airflow/dags/youtube_monitoring_dag.py
[2026-03-11T11:08:34.199+0000] {logging_mixin.py:188} INFO - [2026-03-11T11:08:34.198+0000] {dag.py:3033} INFO - Sync 1 DAGs
[2026-03-11T11:08:34.333+0000] {logging_mixin.py:188} INFO - [2026-03-11T11:08:34.333+0000] {dag.py:3820} INFO - Setting next_dagrun for youtube_monitoring_alerts to 2026-03-11T10:30:00+00:00, run_after=2026-03-11T11:00:00+00:00
[2026-03-11T11:08:34.428+0000] {processor.py:183} INFO - Processing /opt/airflow/dags/youtube_monitoring_dag.py took 0.642 seconds
[2026-03-11T11:09:05.086+0000] {processor.py:161} INFO - Started process (PID=2061) to work on /opt/airflow/dags/youtube_monitoring_dag.py
[2026-03-11T11:09:05.090+0000] {processor.py:830} INFO - Processing file /opt/airflow/dags/youtube_monitoring_dag.py for tasks to queue
[2026-03-11T11:09:05.095+0000] {logging_mixin.py:188} INFO - [2026-03-11T11:09:05.093+0000] {dagbag.py:538} INFO - Filling up the DagBag from /opt/airflow/dags/youtube_monitoring_dag.py
[2026-03-11T11:09:05.169+0000] {processor.py:840} INFO - DAG(s) 'youtube_monitoring_alerts' retrieved from /opt/airflow/dags/youtube_monitoring_dag.py
[2026-03-11T11:09:05.272+0000] {logging_mixin.py:188} INFO - [2026-03-11T11:09:05.272+0000] {dag.py:3033} INFO - Sync 1 DAGs
[2026-03-11T11:09:05.372+0000] {logging_mixin.py:188} INFO - [2026-03-11T11:09:05.371+0000] {dag.py:3820} INFO - Setting next_dagrun for youtube_monitoring_alerts to 2026-03-11T10:30:00+00:00, run_after=2026-03-11T11:00:00+00:00
[2026-03-11T11:09:05.460+0000] {processor.py:183} INFO - Processing /opt/airflow/dags/youtube_monitoring_dag.py took 0.387 seconds
[2026-03-11T11:09:35.834+0000] {processor.py:161} INFO - Started process (PID=2082) to work on /opt/airflow/dags/youtube_monitoring_dag.py
[2026-03-11T11:09:35.837+0000] {processor.py:830} INFO - Processing file /opt/airflow/dags/youtube_monitoring_dag.py for tasks to queue
[2026-03-11T11:09:35.840+0000] {logging_mixin.py:188} INFO - [2026-03-11T11:09:35.839+0000] {dagbag.py:538} INFO - Filling up the DagBag from /opt/airflow/dags/youtube_monitoring_dag.py
[2026-03-11T11:09:35.916+0000] {processor.py:840} INFO - DAG(s) 'youtube_monitoring_alerts' retrieved from /opt/airflow/dags/youtube_monitoring_dag.py
[2026-03-11T11:09:36.020+0000] {logging_mixin.py:188} INFO - [2026-03-11T11:09:36.020+0000] {dag.py:3033} INFO - Sync 1 DAGs
[2026-03-11T11:09:36.144+0000] {logging_mixin.py:188} INFO - [2026-03-11T11:09:36.143+0000] {dag.py:3820} INFO - Setting next_dagrun for youtube_monitoring_alerts to 2026-03-11T10:30:00+00:00, run_after=2026-03-11T11:00:00+00:00
[2026-03-11T11:09:36.249+0000] {processor.py:183} INFO - Processing /opt/airflow/dags/youtube_monitoring_dag.py took 0.426 seconds
[2026-03-11T11:10:06.417+0000] {processor.py:161} INFO - Started process (PID=2103) to work on /opt/airflow/dags/youtube_monitoring_dag.py
[2026-03-11T11:10:06.420+0000] {processor.py:830} INFO - Processing file /opt/airflow/dags/youtube_monitoring_dag.py for tasks to queue
[2026-03-11T11:10:06.425+0000] {logging_mixin.py:188} INFO - [2026-03-11T11:10:06.423+0000] {dagbag.py:538} INFO - Filling up the DagBag from /opt/airflow/dags/youtube_monitoring_dag.py
[2026-03-11T11:10:06.502+0000] {processor.py:840} INFO - DAG(s) 'youtube_monitoring_alerts' retrieved from /opt/airflow/dags/youtube_monitoring_dag.py
[2026-03-11T11:10:06.628+0000] {logging_mixin.py:188} INFO - [2026-03-11T11:10:06.628+0000] {dag.py:3033} INFO - Sync 1 DAGs
[2026-03-11T11:10:06.731+0000] {logging_mixin.py:188} INFO - [2026-03-11T11:10:06.731+0000] {dag.py:3820} INFO - Setting next_dagrun for youtube_monitoring_alerts to 2026-03-11T10:30:00+00:00, run_after=2026-03-11T11:00:00+00:00
[2026-03-11T11:10:06.800+0000] {processor.py:183} INFO - Processing /opt/airflow/dags/youtube_monitoring_dag.py took 0.399 seconds
[2026-03-11T11:10:36.945+0000] {processor.py:161} INFO - Started process (PID=2124) to work on /opt/airflow/dags/youtube_monitoring_dag.py
[2026-03-11T11:10:36.948+0000] {processor.py:830} INFO - Processing file /opt/airflow/dags/youtube_monitoring_dag.py for tasks to queue
[2026-03-11T11:10:36.953+0000] {logging_mixin.py:188} INFO - [2026-03-11T11:10:36.952+0000] {dagbag.py:538} INFO - Filling up the DagBag from /opt/airflow/dags/youtube_monitoring_dag.py
[2026-03-11T11:10:37.047+0000] {processor.py:840} INFO - DAG(s) 'youtube_monitoring_alerts' retrieved from /opt/airflow/dags/youtube_monitoring_dag.py
[2026-03-11T11:10:37.202+0000] {logging_mixin.py:188} INFO - [2026-03-11T11:10:37.201+0000] {dag.py:3033} INFO - Sync 1 DAGs
[2026-03-11T11:10:37.362+0000] {logging_mixin.py:188} INFO - [2026-03-11T11:10:37.361+0000] {dag.py:3820} INFO - Setting next_dagrun for youtube_monitoring_alerts to 2026-03-11T10:30:00+00:00, run_after=2026-03-11T11:00:00+00:00
[2026-03-11T11:10:37.462+0000] {processor.py:183} INFO - Processing /opt/airflow/dags/youtube_monitoring_dag.py took 0.530 seconds
[2026-03-11T11:11:07.588+0000] {processor.py:161} INFO - Started process (PID=2145) to work on /opt/airflow/dags/youtube_monitoring_dag.py
[2026-03-11T11:11:07.592+0000] {processor.py:830} INFO - Processing file /opt/airflow/dags/youtube_monitoring_dag.py for tasks to queue
[2026-03-11T11:11:07.597+0000] {logging_mixin.py:188} INFO - [2026-03-11T11:11:07.596+0000] {dagbag.py:538} INFO - Filling up the DagBag from /opt/airflow/dags/youtube_monitoring_dag.py
[2026-03-11T11:11:07.706+0000] {processor.py:840} INFO - DAG(s) 'youtube_monitoring_alerts' retrieved from /opt/airflow/dags/youtube_monitoring_dag.py
[2026-03-11T11:11:07.812+0000] {logging_mixin.py:188} INFO - [2026-03-11T11:11:07.811+0000] {dag.py:3033} INFO - Sync 1 DAGs
[2026-03-11T11:11:07.924+0000] {logging_mixin.py:188} INFO - [2026-03-11T11:11:07.923+0000] {dag.py:3820} INFO - Setting next_dagrun for youtube_monitoring_alerts to 2026-03-11T10:30:00+00:00, run_after=2026-03-11T11:00:00+00:00
[2026-03-11T11:11:08.012+0000] {processor.py:183} INFO - Processing /opt/airflow/dags/youtube_monitoring_dag.py took 0.438 seconds
[2026-03-11T11:11:38.283+0000] {processor.py:161} INFO - Started process (PID=2166) to work on /opt/airflow/dags/youtube_monitoring_dag.py
[2026-03-11T11:11:38.289+0000] {processor.py:830} INFO - Processing file /opt/airflow/dags/youtube_monitoring_dag.py for tasks to queue
[2026-03-11T11:11:38.293+0000] {logging_mixin.py:188} INFO - [2026-03-11T11:11:38.292+0000] {dagbag.py:538} INFO - Filling up the DagBag from /opt/airflow/dags/youtube_monitoring_dag.py
[2026-03-11T11:11:38.382+0000] {processor.py:840} INFO - DAG(s) 'youtube_monitoring_alerts' retrieved from /opt/airflow/dags/youtube_monitoring_dag.py
[2026-03-11T11:11:38.593+0000] {logging_mixin.py:188} INFO - [2026-03-11T11:11:38.593+0000] {dag.py:3033} INFO - Sync 1 DAGs
[2026-03-11T11:11:39.247+0000] {logging_mixin.py:188} INFO - [2026-03-11T11:11:39.247+0000] {dag.py:3820} INFO - Setting next_dagrun for youtube_monitoring_alerts to 2026-03-11T10:30:00+00:00, run_after=2026-03-11T11:00:00+00:00
[2026-03-11T11:11:39.306+0000] {processor.py:183} INFO - Processing /opt/airflow/dags/youtube_monitoring_dag.py took 1.037 seconds
[2026-03-11T11:12:09.478+0000] {processor.py:161} INFO - Started process (PID=2187) to work on /opt/airflow/dags/youtube_monitoring_dag.py
[2026-03-11T11:12:09.483+0000] {processor.py:830} INFO - Processing file /opt/airflow/dags/youtube_monitoring_dag.py for tasks to queue
[2026-03-11T11:12:09.491+0000] {logging_mixin.py:188} INFO - [2026-03-11T11:12:09.488+0000] {dagbag.py:538} INFO - Filling up the DagBag from /opt/airflow/dags/youtube_monitoring_dag.py
[2026-03-11T11:12:09.596+0000] {processor.py:840} INFO - DAG(s) 'youtube_monitoring_alerts' retrieved from /opt/airflow/dags/youtube_monitoring_dag.py
[2026-03-11T11:12:09.739+0000] {logging_mixin.py:188} INFO - [2026-03-11T11:12:09.738+0000] {dag.py:3033} INFO - Sync 1 DAGs
[2026-03-11T11:12:09.871+0000] {logging_mixin.py:188} INFO - [2026-03-11T11:12:09.870+0000] {dag.py:3820} INFO - Setting next_dagrun for youtube_monitoring_alerts to 2026-03-11T10:30:00+00:00, run_after=2026-03-11T11:00:00+00:00
[2026-03-11T11:12:09.975+0000] {processor.py:183} INFO - Processing /opt/airflow/dags/youtube_monitoring_dag.py took 0.513 seconds
[2026-03-11T11:12:40.708+0000] {processor.py:161} INFO - Started process (PID=2208) to work on /opt/airflow/dags/youtube_monitoring_dag.py
[2026-03-11T11:12:40.712+0000] {processor.py:830} INFO - Processing file /opt/airflow/dags/youtube_monitoring_dag.py for tasks to queue
[2026-03-11T11:12:40.718+0000] {logging_mixin.py:188} INFO - [2026-03-11T11:12:40.717+0000] {dagbag.py:538} INFO - Filling up the DagBag from /opt/airflow/dags/youtube_monitoring_dag.py
[2026-03-11T11:12:40.807+0000] {processor.py:840} INFO - DAG(s) 'youtube_monitoring_alerts' retrieved from /opt/airflow/dags/youtube_monitoring_dag.py
[2026-03-11T11:12:41.342+0000] {logging_mixin.py:188} INFO - [2026-03-11T11:12:41.341+0000] {dag.py:3033} INFO - Sync 1 DAGs
[2026-03-11T11:12:41.441+0000] {logging_mixin.py:188} INFO - [2026-03-11T11:12:41.440+0000] {dag.py:3820} INFO - Setting next_dagrun for youtube_monitoring_alerts to 2026-03-11T10:30:00+00:00, run_after=2026-03-11T11:00:00+00:00
[2026-03-11T11:12:41.512+0000] {processor.py:183} INFO - Processing /opt/airflow/dags/youtube_monitoring_dag.py took 0.817 seconds
[2026-03-11T11:13:11.608+0000] {processor.py:161} INFO - Started process (PID=2232) to work on /opt/airflow/dags/youtube_monitoring_dag.py
[2026-03-11T11:13:11.611+0000] {processor.py:830} INFO - Processing file /opt/airflow/dags/youtube_monitoring_dag.py for tasks to queue
[2026-03-11T11:13:11.614+0000] {logging_mixin.py:188} INFO - [2026-03-11T11:13:11.613+0000] {dagbag.py:538} INFO - Filling up the DagBag from /opt/airflow/dags/youtube_monitoring_dag.py
[2026-03-11T11:13:11.686+0000] {processor.py:840} INFO - DAG(s) 'youtube_monitoring_alerts' retrieved from /opt/airflow/dags/youtube_monitoring_dag.py
[2026-03-11T11:13:11.803+0000] {logging_mixin.py:188} INFO - [2026-03-11T11:13:11.803+0000] {dag.py:3033} INFO - Sync 1 DAGs
[2026-03-11T11:13:12.255+0000] {logging_mixin.py:188} INFO - [2026-03-11T11:13:12.255+0000] {dag.py:3820} INFO - Setting next_dagrun for youtube_monitoring_alerts to 2026-03-11T10:30:00+00:00, run_after=2026-03-11T11:00:00+00:00
[2026-03-11T11:13:12.330+0000] {processor.py:183} INFO - Processing /opt/airflow/dags/youtube_monitoring_dag.py took 0.734 seconds
[2026-03-11T11:13:42.800+0000] {processor.py:161} INFO - Started process (PID=2255) to work on /opt/airflow/dags/youtube_monitoring_dag.py
[2026-03-11T11:13:42.803+0000] {processor.py:830} INFO - Processing file /opt/airflow/dags/youtube_monitoring_dag.py for tasks to queue
[2026-03-11T11:13:42.807+0000] {logging_mixin.py:188} INFO - [2026-03-11T11:13:42.806+0000] {dagbag.py:538} INFO - Filling up the DagBag from /opt/airflow/dags/youtube_monitoring_dag.py
[2026-03-11T11:13:42.890+0000] {processor.py:840} INFO - DAG(s) 'youtube_monitoring_alerts' retrieved from /opt/airflow/dags/youtube_monitoring_dag.py
[2026-03-11T11:13:43.030+0000] {logging_mixin.py:188} INFO - [2026-03-11T11:13:43.030+0000] {dag.py:3033} INFO - Sync 1 DAGs
[2026-03-11T11:13:43.144+0000] {logging_mixin.py:188} INFO - [2026-03-11T11:13:43.144+0000] {dag.py:3820} INFO - Setting next_dagrun for youtube_monitoring_alerts to 2026-03-11T10:30:00+00:00, run_after=2026-03-11T11:00:00+00:00
[2026-03-11T11:13:43.221+0000] {processor.py:183} INFO - Processing /opt/airflow/dags/youtube_monitoring_dag.py took 0.432 seconds
[2026-03-11T11:14:13.821+0000] {processor.py:161} INFO - Started process (PID=2276) to work on /opt/airflow/dags/youtube_monitoring_dag.py
[2026-03-11T11:14:13.824+0000] {processor.py:830} INFO - Processing file /opt/airflow/dags/youtube_monitoring_dag.py for tasks to queue
[2026-03-11T11:14:13.828+0000] {logging_mixin.py:188} INFO - [2026-03-11T11:14:13.827+0000] {dagbag.py:538} INFO - Filling up the DagBag from /opt/airflow/dags/youtube_monitoring_dag.py
[2026-03-11T11:14:13.921+0000] {processor.py:840} INFO - DAG(s) 'youtube_monitoring_alerts' retrieved from /opt/airflow/dags/youtube_monitoring_dag.py
[2026-03-11T11:14:14.080+0000] {logging_mixin.py:188} INFO - [2026-03-11T11:14:14.078+0000] {dag.py:3033} INFO - Sync 1 DAGs
[2026-03-11T11:14:14.602+0000] {logging_mixin.py:188} INFO - [2026-03-11T11:14:14.601+0000] {dag.py:3820} INFO - Setting next_dagrun for youtube_monitoring_alerts to 2026-03-11T10:30:00+00:00, run_after=2026-03-11T11:00:00+00:00
[2026-03-11T11:14:14.698+0000] {processor.py:183} INFO - Processing /opt/airflow/dags/youtube_monitoring_dag.py took 0.891 seconds
[2026-03-11T11:16:13.137+0000] {processor.py:161} INFO - Started process (PID=177) to work on /opt/airflow/dags/youtube_monitoring_dag.py
[2026-03-11T11:16:13.139+0000] {processor.py:830} INFO - Processing file /opt/airflow/dags/youtube_monitoring_dag.py for tasks to queue
[2026-03-11T11:16:13.144+0000] {logging_mixin.py:188} INFO - [2026-03-11T11:16:13.142+0000] {dagbag.py:538} INFO - Filling up the DagBag from /opt/airflow/dags/youtube_monitoring_dag.py
[2026-03-11T11:16:13.218+0000] {processor.py:840} INFO - DAG(s) 'youtube_monitoring_alerts' retrieved from /opt/airflow/dags/youtube_monitoring_dag.py
[2026-03-11T11:16:13.286+0000] {logging_mixin.py:188} INFO - [2026-03-11T11:16:13.284+0000] {dag.py:3033} INFO - Sync 1 DAGs
[2026-03-11T11:16:13.372+0000] {logging_mixin.py:188} INFO - [2026-03-11T11:16:13.372+0000] {dag.py:3820} INFO - Setting next_dagrun for youtube_monitoring_alerts to 2026-03-11T10:30:00+00:00, run_after=2026-03-11T11:00:00+00:00
[2026-03-11T11:16:13.471+0000] {processor.py:183} INFO - Processing /opt/airflow/dags/youtube_monitoring_dag.py took 0.341 seconds
[2026-03-11T11:16:43.803+0000] {processor.py:161} INFO - Started process (PID=203) to work on /opt/airflow/dags/youtube_monitoring_dag.py
[2026-03-11T11:16:43.806+0000] {processor.py:830} INFO - Processing file /opt/airflow/dags/youtube_monitoring_dag.py for tasks to queue
[2026-03-11T11:16:43.815+0000] {logging_mixin.py:188} INFO - [2026-03-11T11:16:43.814+0000] {dagbag.py:538} INFO - Filling up the DagBag from /opt/airflow/dags/youtube_monitoring_dag.py
[2026-03-11T11:16:43.938+0000] {processor.py:840} INFO - DAG(s) 'youtube_monitoring_alerts' retrieved from /opt/airflow/dags/youtube_monitoring_dag.py
[2026-03-11T11:16:44.272+0000] {logging_mixin.py:188} INFO - [2026-03-11T11:16:44.270+0000] {dag.py:3033} INFO - Sync 1 DAGs
[2026-03-11T11:16:44.380+0000] {logging_mixin.py:188} INFO - [2026-03-11T11:16:44.379+0000] {dag.py:3820} INFO - Setting next_dagrun for youtube_monitoring_alerts to 2026-03-11T10:30:00+00:00, run_after=2026-03-11T11:00:00+00:00
[2026-03-11T11:16:44.487+0000] {processor.py:183} INFO - Processing /opt/airflow/dags/youtube_monitoring_dag.py took 0.697 seconds
[2026-03-11T11:17:15.193+0000] {processor.py:161} INFO - Started process (PID=237) to work on /opt/airflow/dags/youtube_monitoring_dag.py
[2026-03-11T11:17:15.196+0000] {processor.py:830} INFO - Processing file /opt/airflow/dags/youtube_monitoring_dag.py for tasks to queue
[2026-03-11T11:17:15.204+0000] {logging_mixin.py:188} INFO - [2026-03-11T11:17:15.202+0000] {dagbag.py:538} INFO - Filling up the DagBag from /opt/airflow/dags/youtube_monitoring_dag.py
[2026-03-11T11:17:15.289+0000] {processor.py:840} INFO - DAG(s) 'youtube_monitoring_alerts' retrieved from /opt/airflow/dags/youtube_monitoring_dag.py
[2026-03-11T11:17:15.414+0000] {logging_mixin.py:188} INFO - [2026-03-11T11:17:15.413+0000] {dag.py:3033} INFO - Sync 1 DAGs
[2026-03-11T11:17:15.514+0000] {logging_mixin.py:188} INFO - [2026-03-11T11:17:15.514+0000] {dag.py:3820} INFO - Setting next_dagrun for youtube_monitoring_alerts to 2026-03-11T10:30:00+00:00, run_after=2026-03-11T11:00:00+00:00
[2026-03-11T11:17:15.650+0000] {processor.py:183} INFO - Processing /opt/airflow/dags/youtube_monitoring_dag.py took 0.468 seconds
[2026-03-11T11:17:46.246+0000] {processor.py:161} INFO - Started process (PID=269) to work on /opt/airflow/dags/youtube_monitoring_dag.py
[2026-03-11T11:17:46.250+0000] {processor.py:830} INFO - Processing file /opt/airflow/dags/youtube_monitoring_dag.py for tasks to queue
[2026-03-11T11:17:46.261+0000] {logging_mixin.py:188} INFO - [2026-03-11T11:17:46.260+0000] {dagbag.py:538} INFO - Filling up the DagBag from /opt/airflow/dags/youtube_monitoring_dag.py
[2026-03-11T11:17:46.353+0000] {processor.py:840} INFO - DAG(s) 'youtube_monitoring_alerts' retrieved from /opt/airflow/dags/youtube_monitoring_dag.py
[2026-03-11T11:17:46.532+0000] {logging_mixin.py:188} INFO - [2026-03-11T11:17:46.529+0000] {dag.py:3033} INFO - Sync 1 DAGs
[2026-03-11T11:17:46.674+0000] {logging_mixin.py:188} INFO - [2026-03-11T11:17:46.673+0000] {dag.py:3820} INFO - Setting next_dagrun for youtube_monitoring_alerts to 2026-03-11T10:30:00+00:00, run_after=2026-03-11T11:00:00+00:00
[2026-03-11T11:17:46.786+0000] {processor.py:183} INFO - Processing /opt/airflow/dags/youtube_monitoring_dag.py took 0.554 seconds
[2026-03-11T11:18:17.199+0000] {processor.py:161} INFO - Started process (PID=301) to work on /opt/airflow/dags/youtube_monitoring_dag.py
[2026-03-11T11:18:17.202+0000] {processor.py:830} INFO - Processing file /opt/airflow/dags/youtube_monitoring_dag.py for tasks to queue
[2026-03-11T11:18:17.212+0000] {logging_mixin.py:188} INFO - [2026-03-11T11:18:17.210+0000] {dagbag.py:538} INFO - Filling up the DagBag from /opt/airflow/dags/youtube_monitoring_dag.py
[2026-03-11T11:18:17.287+0000] {processor.py:840} INFO - DAG(s) 'youtube_monitoring_alerts' retrieved from /opt/airflow/dags/youtube_monitoring_dag.py
[2026-03-11T11:18:17.464+0000] {logging_mixin.py:188} INFO - [2026-03-11T11:18:17.462+0000] {dag.py:3033} INFO - Sync 1 DAGs
[2026-03-11T11:18:17.604+0000] {logging_mixin.py:188} INFO - [2026-03-11T11:18:17.603+0000] {dag.py:3820} INFO - Setting next_dagrun for youtube_monitoring_alerts to 2026-03-11T10:30:00+00:00, run_after=2026-03-11T11:00:00+00:00
[2026-03-11T11:18:17.671+0000] {processor.py:183} INFO - Processing /opt/airflow/dags/youtube_monitoring_dag.py took 0.483 seconds
[2026-03-11T11:18:48.060+0000] {processor.py:161} INFO - Started process (PID=333) to work on /opt/airflow/dags/youtube_monitoring_dag.py
[2026-03-11T11:18:48.065+0000] {processor.py:830} INFO - Processing file /opt/airflow/dags/youtube_monitoring_dag.py for tasks to queue
[2026-03-11T11:18:48.073+0000] {logging_mixin.py:188} INFO - [2026-03-11T11:18:48.072+0000] {dagbag.py:538} INFO - Filling up the DagBag from /opt/airflow/dags/youtube_monitoring_dag.py
[2026-03-11T11:18:48.144+0000] {processor.py:840} INFO - DAG(s) 'youtube_monitoring_alerts' retrieved from /opt/airflow/dags/youtube_monitoring_dag.py
[2026-03-11T11:18:48.250+0000] {logging_mixin.py:188} INFO - [2026-03-11T11:18:48.248+0000] {dag.py:3033} INFO - Sync 1 DAGs
[2026-03-11T11:18:48.332+0000] {logging_mixin.py:188} INFO - [2026-03-11T11:18:48.332+0000] {dag.py:3820} INFO - Setting next_dagrun for youtube_monitoring_alerts to 2026-03-11T10:30:00+00:00, run_after=2026-03-11T11:00:00+00:00
[2026-03-11T11:18:48.399+0000] {processor.py:183} INFO - Processing /opt/airflow/dags/youtube_monitoring_dag.py took 0.352 seconds
[2026-03-11T11:19:18.687+0000] {processor.py:161} INFO - Started process (PID=373) to work on /opt/airflow/dags/youtube_monitoring_dag.py
[2026-03-11T11:19:18.690+0000] {processor.py:830} INFO - Processing file /opt/airflow/dags/youtube_monitoring_dag.py for tasks to queue
[2026-03-11T11:19:18.697+0000] {logging_mixin.py:188} INFO - [2026-03-11T11:19:18.696+0000] {dagbag.py:538} INFO - Filling up the DagBag from /opt/airflow/dags/youtube_monitoring_dag.py
[2026-03-11T11:19:18.752+0000] {processor.py:840} INFO - DAG(s) 'youtube_monitoring_alerts' retrieved from /opt/airflow/dags/youtube_monitoring_dag.py
[2026-03-11T11:19:18.847+0000] {logging_mixin.py:188} INFO - [2026-03-11T11:19:18.845+0000] {dag.py:3033} INFO - Sync 1 DAGs
[2026-03-11T11:19:18.950+0000] {logging_mixin.py:188} INFO - [2026-03-11T11:19:18.949+0000] {dag.py:3820} INFO - Setting next_dagrun for youtube_monitoring_alerts to 2026-03-11T10:30:00+00:00, run_after=2026-03-11T11:00:00+00:00
[2026-03-11T11:19:19.034+0000] {processor.py:183} INFO - Processing /opt/airflow/dags/youtube_monitoring_dag.py took 0.363 seconds
[2026-03-11T11:19:49.359+0000] {processor.py:161} INFO - Started process (PID=405) to work on /opt/airflow/dags/youtube_monitoring_dag.py
[2026-03-11T11:19:49.362+0000] {processor.py:830} INFO - Processing file /opt/airflow/dags/youtube_monitoring_dag.py for tasks to queue
[2026-03-11T11:19:49.369+0000] {logging_mixin.py:188} INFO - [2026-03-11T11:19:49.368+0000] {dagbag.py:538} INFO - Filling up the DagBag from /opt/airflow/dags/youtube_monitoring_dag.py
[2026-03-11T11:19:49.435+0000] {processor.py:840} INFO - DAG(s) 'youtube_monitoring_alerts' retrieved from /opt/airflow/dags/youtube_monitoring_dag.py
[2026-03-11T11:19:49.557+0000] {logging_mixin.py:188} INFO - [2026-03-11T11:19:49.555+0000] {dag.py:3033} INFO - Sync 1 DAGs
[2026-03-11T11:19:49.724+0000] {logging_mixin.py:188} INFO - [2026-03-11T11:19:49.723+0000] {dag.py:3820} INFO - Setting next_dagrun for youtube_monitoring_alerts to 2026-03-11T10:30:00+00:00, run_after=2026-03-11T11:00:00+00:00
[2026-03-11T11:19:49.799+0000] {processor.py:183} INFO - Processing /opt/airflow/dags/youtube_monitoring_dag.py took 0.450 seconds
[2026-03-11T11:20:20.494+0000] {processor.py:161} INFO - Started process (PID=437) to work on /opt/airflow/dags/youtube_monitoring_dag.py
[2026-03-11T11:20:20.497+0000] {processor.py:830} INFO - Processing file /opt/airflow/dags/youtube_monitoring_dag.py for tasks to queue
[2026-03-11T11:20:20.508+0000] {logging_mixin.py:188} INFO - [2026-03-11T11:20:20.507+0000] {dagbag.py:538} INFO - Filling up the DagBag from /opt/airflow/dags/youtube_monitoring_dag.py
[2026-03-11T11:20:20.586+0000] {processor.py:840} INFO - DAG(s) 'youtube_monitoring_alerts' retrieved from /opt/airflow/dags/youtube_monitoring_dag.py
[2026-03-11T11:20:20.700+0000] {logging_mixin.py:188} INFO - [2026-03-11T11:20:20.699+0000] {dag.py:3033} INFO - Sync 1 DAGs
[2026-03-11T11:20:20.834+0000] {logging_mixin.py:188} INFO - [2026-03-11T11:20:20.833+0000] {dag.py:3820} INFO - Setting next_dagrun for youtube_monitoring_alerts to 2026-03-11T10:30:00+00:00, run_after=2026-03-11T11:00:00+00:00
[2026-03-11T11:20:20.909+0000] {processor.py:183} INFO - Processing /opt/airflow/dags/youtube_monitoring_dag.py took 0.427 seconds
[2026-03-11T11:20:51.580+0000] {processor.py:161} INFO - Started process (PID=487) to work on /opt/airflow/dags/youtube_monitoring_dag.py
[2026-03-11T11:20:51.583+0000] {processor.py:830} INFO - Processing file /opt/airflow/dags/youtube_monitoring_dag.py for tasks to queue
[2026-03-11T11:20:51.599+0000] {logging_mixin.py:188} INFO - [2026-03-11T11:20:51.597+0000] {dagbag.py:538} INFO - Filling up the DagBag from /opt/airflow/dags/youtube_monitoring_dag.py
[2026-03-11T11:20:51.691+0000] {processor.py:840} INFO - DAG(s) 'youtube_monitoring_alerts' retrieved from /opt/airflow/dags/youtube_monitoring_dag.py
[2026-03-11T11:20:51.847+0000] {logging_mixin.py:188} INFO - [2026-03-11T11:20:51.843+0000] {dag.py:3033} INFO - Sync 1 DAGs
[2026-03-11T11:20:52.006+0000] {logging_mixin.py:188} INFO - [2026-03-11T11:20:52.006+0000] {dag.py:3820} INFO - Setting next_dagrun for youtube_monitoring_alerts to 2026-03-11T11:00:00+00:00, run_after=2026-03-11T11:30:00+00:00
[2026-03-11T11:20:52.112+0000] {processor.py:183} INFO - Processing /opt/airflow/dags/youtube_monitoring_dag.py took 0.551 seconds
[2026-03-11T11:21:22.407+0000] {processor.py:161} INFO - Started process (PID=537) to work on /opt/airflow/dags/youtube_monitoring_dag.py
[2026-03-11T11:21:22.417+0000] {processor.py:830} INFO - Processing file /opt/airflow/dags/youtube_monitoring_dag.py for tasks to queue
[2026-03-11T11:21:22.432+0000] {logging_mixin.py:188} INFO - [2026-03-11T11:21:22.430+0000] {dagbag.py:538} INFO - Filling up the DagBag from /opt/airflow/dags/youtube_monitoring_dag.py
[2026-03-11T11:21:22.552+0000] {processor.py:840} INFO - DAG(s) 'youtube_monitoring_alerts' retrieved from /opt/airflow/dags/youtube_monitoring_dag.py
[2026-03-11T11:21:22.706+0000] {logging_mixin.py:188} INFO - [2026-03-11T11:21:22.703+0000] {dag.py:3033} INFO - Sync 1 DAGs
[2026-03-11T11:21:22.844+0000] {logging_mixin.py:188} INFO - [2026-03-11T11:21:22.842+0000] {dag.py:3820} INFO - Setting next_dagrun for youtube_monitoring_alerts to 2026-03-11T11:00:00+00:00, run_after=2026-03-11T11:30:00+00:00
[2026-03-11T11:21:22.949+0000] {processor.py:183} INFO - Processing /opt/airflow/dags/youtube_monitoring_dag.py took 0.561 seconds
[2026-03-11T11:21:53.184+0000] {processor.py:161} INFO - Started process (PID=571) to work on /opt/airflow/dags/youtube_monitoring_dag.py
[2026-03-11T11:21:53.192+0000] {processor.py:830} INFO - Processing file /opt/airflow/dags/youtube_monitoring_dag.py for tasks to queue
[2026-03-11T11:21:53.204+0000] {logging_mixin.py:188} INFO - [2026-03-11T11:21:53.203+0000] {dagbag.py:538} INFO - Filling up the DagBag from /opt/airflow/dags/youtube_monitoring_dag.py
[2026-03-11T11:21:53.335+0000] {processor.py:840} INFO - DAG(s) 'youtube_monitoring_alerts' retrieved from /opt/airflow/dags/youtube_monitoring_dag.py
[2026-03-11T11:21:53.546+0000] {logging_mixin.py:188} INFO - [2026-03-11T11:21:53.544+0000] {dag.py:3033} INFO - Sync 1 DAGs
[2026-03-11T11:21:53.784+0000] {logging_mixin.py:188} INFO - [2026-03-11T11:21:53.784+0000] {dag.py:3820} INFO - Setting next_dagrun for youtube_monitoring_alerts to 2026-03-11T11:00:00+00:00, run_after=2026-03-11T11:30:00+00:00
[2026-03-11T11:21:53.936+0000] {processor.py:183} INFO - Processing /opt/airflow/dags/youtube_monitoring_dag.py took 0.792 seconds
[2026-03-11T11:22:24.612+0000] {processor.py:161} INFO - Started process (PID=603) to work on /opt/airflow/dags/youtube_monitoring_dag.py
[2026-03-11T11:22:24.615+0000] {processor.py:830} INFO - Processing file /opt/airflow/dags/youtube_monitoring_dag.py for tasks to queue
[2026-03-11T11:22:24.625+0000] {logging_mixin.py:188} INFO - [2026-03-11T11:22:24.624+0000] {dagbag.py:538} INFO - Filling up the DagBag from /opt/airflow/dags/youtube_monitoring_dag.py
[2026-03-11T11:22:24.707+0000] {processor.py:840} INFO - DAG(s) 'youtube_monitoring_alerts' retrieved from /opt/airflow/dags/youtube_monitoring_dag.py
[2026-03-11T11:22:24.847+0000] {logging_mixin.py:188} INFO - [2026-03-11T11:22:24.845+0000] {dag.py:3033} INFO - Sync 1 DAGs
[2026-03-11T11:22:24.939+0000] {logging_mixin.py:188} INFO - [2026-03-11T11:22:24.939+0000] {dag.py:3820} INFO - Setting next_dagrun for youtube_monitoring_alerts to 2026-03-11T11:00:00+00:00, run_after=2026-03-11T11:30:00+00:00
[2026-03-11T11:22:25.008+0000] {processor.py:183} INFO - Processing /opt/airflow/dags/youtube_monitoring_dag.py took 0.410 seconds
[2026-03-11T11:22:55.441+0000] {processor.py:161} INFO - Started process (PID=635) to work on /opt/airflow/dags/youtube_monitoring_dag.py
[2026-03-11T11:22:55.457+0000] {processor.py:830} INFO - Processing file /opt/airflow/dags/youtube_monitoring_dag.py for tasks to queue
[2026-03-11T11:22:55.491+0000] {logging_mixin.py:188} INFO - [2026-03-11T11:22:55.490+0000] {dagbag.py:538} INFO - Filling up the DagBag from /opt/airflow/dags/youtube_monitoring_dag.py
[2026-03-11T11:22:55.681+0000] {processor.py:840} INFO - DAG(s) 'youtube_monitoring_alerts' retrieved from /opt/airflow/dags/youtube_monitoring_dag.py
[2026-03-11T11:22:55.796+0000] {logging_mixin.py:188} INFO - [2026-03-11T11:22:55.795+0000] {dag.py:3033} INFO - Sync 1 DAGs
[2026-03-11T11:22:55.870+0000] {logging_mixin.py:188} INFO - [2026-03-11T11:22:55.869+0000] {dag.py:3820} INFO - Setting next_dagrun for youtube_monitoring_alerts to 2026-03-11T11:00:00+00:00, run_after=2026-03-11T11:30:00+00:00
[2026-03-11T11:22:55.934+0000] {processor.py:183} INFO - Processing /opt/airflow/dags/youtube_monitoring_dag.py took 0.511 seconds
[2026-03-11T11:23:26.236+0000] {processor.py:161} INFO - Started process (PID=667) to work on /opt/airflow/dags/youtube_monitoring_dag.py
[2026-03-11T11:23:26.240+0000] {processor.py:830} INFO - Processing file /opt/airflow/dags/youtube_monitoring_dag.py for tasks to queue
[2026-03-11T11:23:26.248+0000] {logging_mixin.py:188} INFO - [2026-03-11T11:23:26.247+0000] {dagbag.py:538} INFO - Filling up the DagBag from /opt/airflow/dags/youtube_monitoring_dag.py
[2026-03-11T11:23:26.327+0000] {processor.py:840} INFO - DAG(s) 'youtube_monitoring_alerts' retrieved from /opt/airflow/dags/youtube_monitoring_dag.py
[2026-03-11T11:23:26.448+0000] {logging_mixin.py:188} INFO - [2026-03-11T11:23:26.446+0000] {dag.py:3033} INFO - Sync 1 DAGs
[2026-03-11T11:23:26.541+0000] {logging_mixin.py:188} INFO - [2026-03-11T11:23:26.540+0000] {dag.py:3820} INFO - Setting next_dagrun for youtube_monitoring_alerts to 2026-03-11T11:00:00+00:00, run_after=2026-03-11T11:30:00+00:00
[2026-03-11T11:23:26.610+0000] {processor.py:183} INFO - Processing /opt/airflow/dags/youtube_monitoring_dag.py took 0.390 seconds
[2026-03-11T11:23:57.489+0000] {processor.py:161} INFO - Started process (PID=699) to work on /opt/airflow/dags/youtube_monitoring_dag.py
[2026-03-11T11:23:57.493+0000] {processor.py:830} INFO - Processing file /opt/airflow/dags/youtube_monitoring_dag.py for tasks to queue
[2026-03-11T11:23:57.512+0000] {logging_mixin.py:188} INFO - [2026-03-11T11:23:57.509+0000] {dagbag.py:538} INFO - Filling up the DagBag from /opt/airflow/dags/youtube_monitoring_dag.py
[2026-03-11T11:23:57.623+0000] {processor.py:840} INFO - DAG(s) 'youtube_monitoring_alerts' retrieved from /opt/airflow/dags/youtube_monitoring_dag.py
[2026-03-11T11:23:57.815+0000] {logging_mixin.py:188} INFO - [2026-03-11T11:23:57.812+0000] {dag.py:3033} INFO - Sync 1 DAGs
[2026-03-11T11:23:57.919+0000] {logging_mixin.py:188} INFO - [2026-03-11T11:23:57.918+0000] {dag.py:3820} INFO - Setting next_dagrun for youtube_monitoring_alerts to 2026-03-11T11:00:00+00:00, run_after=2026-03-11T11:30:00+00:00
[2026-03-11T11:23:58.041+0000] {processor.py:183} INFO - Processing /opt/airflow/dags/youtube_monitoring_dag.py took 0.564 seconds
[2026-03-11T11:24:28.349+0000] {processor.py:161} INFO - Started process (PID=734) to work on /opt/airflow/dags/youtube_monitoring_dag.py
[2026-03-11T11:24:28.352+0000] {processor.py:830} INFO - Processing file /opt/airflow/dags/youtube_monitoring_dag.py for tasks to queue
[2026-03-11T11:24:28.363+0000] {logging_mixin.py:188} INFO - [2026-03-11T11:24:28.361+0000] {dagbag.py:538} INFO - Filling up the DagBag from /opt/airflow/dags/youtube_monitoring_dag.py
[2026-03-11T11:24:28.451+0000] {processor.py:840} INFO - DAG(s) 'youtube_monitoring_alerts' retrieved from /opt/airflow/dags/youtube_monitoring_dag.py
[2026-03-11T11:24:28.590+0000] {logging_mixin.py:188} INFO - [2026-03-11T11:24:28.589+0000] {dag.py:3033} INFO - Sync 1 DAGs
[2026-03-11T11:24:28.713+0000] {logging_mixin.py:188} INFO - [2026-03-11T11:24:28.712+0000] {dag.py:3820} INFO - Setting next_dagrun for youtube_monitoring_alerts to 2026-03-11T11:00:00+00:00, run_after=2026-03-11T11:30:00+00:00
[2026-03-11T11:24:28.799+0000] {processor.py:183} INFO - Processing /opt/airflow/dags/youtube_monitoring_dag.py took 0.463 seconds
[2026-03-11T11:24:59.070+0000] {processor.py:161} INFO - Started process (PID=766) to work on /opt/airflow/dags/youtube_monitoring_dag.py
[2026-03-11T11:24:59.073+0000] {processor.py:830} INFO - Processing file /opt/airflow/dags/youtube_monitoring_dag.py for tasks to queue
[2026-03-11T11:24:59.082+0000] {logging_mixin.py:188} INFO - [2026-03-11T11:24:59.081+0000] {dagbag.py:538} INFO - Filling up the DagBag from /opt/airflow/dags/youtube_monitoring_dag.py
[2026-03-11T11:24:59.207+0000] {processor.py:840} INFO - DAG(s) 'youtube_monitoring_alerts' retrieved from /opt/airflow/dags/youtube_monitoring_dag.py
[2026-03-11T11:24:59.362+0000] {logging_mixin.py:188} INFO - [2026-03-11T11:24:59.361+0000] {dag.py:3033} INFO - Sync 1 DAGs
[2026-03-11T11:24:59.590+0000] {logging_mixin.py:188} INFO - [2026-03-11T11:24:59.589+0000] {dag.py:3820} INFO - Setting next_dagrun for youtube_monitoring_alerts to 2026-03-11T11:00:00+00:00, run_after=2026-03-11T11:30:00+00:00
[2026-03-11T11:24:59.684+0000] {processor.py:183} INFO - Processing /opt/airflow/dags/youtube_monitoring_dag.py took 0.626 seconds
[2026-03-11T11:25:30.824+0000] {processor.py:161} INFO - Started process (PID=796) to work on /opt/airflow/dags/youtube_monitoring_dag.py
[2026-03-11T11:25:30.828+0000] {processor.py:830} INFO - Processing file /opt/airflow/dags/youtube_monitoring_dag.py for tasks to queue
[2026-03-11T11:25:30.836+0000] {logging_mixin.py:188} INFO - [2026-03-11T11:25:30.835+0000] {dagbag.py:538} INFO - Filling up the DagBag from /opt/airflow/dags/youtube_monitoring_dag.py
[2026-03-11T11:25:30.907+0000] {processor.py:840} INFO - DAG(s) 'youtube_monitoring_alerts' retrieved from /opt/airflow/dags/youtube_monitoring_dag.py
[2026-03-11T11:25:31.020+0000] {logging_mixin.py:188} INFO - [2026-03-11T11:25:31.017+0000] {dag.py:3033} INFO - Sync 1 DAGs
[2026-03-11T11:25:31.163+0000] {logging_mixin.py:188} INFO - [2026-03-11T11:25:31.163+0000] {dag.py:3820} INFO - Setting next_dagrun for youtube_monitoring_alerts to 2026-03-11T11:00:00+00:00, run_after=2026-03-11T11:30:00+00:00
[2026-03-11T11:25:31.255+0000] {processor.py:183} INFO - Processing /opt/airflow/dags/youtube_monitoring_dag.py took 0.444 seconds
[2026-03-11T11:26:03.860+0000] {processor.py:161} INFO - Started process (PID=831) to work on /opt/airflow/dags/youtube_monitoring_dag.py
[2026-03-11T11:26:03.865+0000] {processor.py:830} INFO - Processing file /opt/airflow/dags/youtube_monitoring_dag.py for tasks to queue
[2026-03-11T11:26:03.881+0000] {logging_mixin.py:188} INFO - [2026-03-11T11:26:03.879+0000] {dagbag.py:538} INFO - Filling up the DagBag from /opt/airflow/dags/youtube_monitoring_dag.py
[2026-03-11T11:26:03.974+0000] {processor.py:840} INFO - DAG(s) 'youtube_monitoring_alerts' retrieved from /opt/airflow/dags/youtube_monitoring_dag.py
[2026-03-11T11:26:04.133+0000] {logging_mixin.py:188} INFO - [2026-03-11T11:26:04.131+0000] {dag.py:3033} INFO - Sync 1 DAGs
[2026-03-11T11:26:04.263+0000] {logging_mixin.py:188} INFO - [2026-03-11T11:26:04.262+0000] {dag.py:3820} INFO - Setting next_dagrun for youtube_monitoring_alerts to 2026-03-11T11:00:00+00:00, run_after=2026-03-11T11:30:00+00:00
[2026-03-11T11:26:04.368+0000] {processor.py:183} INFO - Processing /opt/airflow/dags/youtube_monitoring_dag.py took 0.533 seconds
[2026-03-11T11:26:36.917+0000] {processor.py:161} INFO - Started process (PID=863) to work on /opt/airflow/dags/youtube_monitoring_dag.py
[2026-03-11T11:26:36.920+0000] {processor.py:830} INFO - Processing file /opt/airflow/dags/youtube_monitoring_dag.py for tasks to queue
[2026-03-11T11:26:36.932+0000] {logging_mixin.py:188} INFO - [2026-03-11T11:26:36.930+0000] {dagbag.py:538} INFO - Filling up the DagBag from /opt/airflow/dags/youtube_monitoring_dag.py
[2026-03-11T11:26:37.011+0000] {processor.py:840} INFO - DAG(s) 'youtube_monitoring_alerts' retrieved from /opt/airflow/dags/youtube_monitoring_dag.py
[2026-03-11T11:26:37.168+0000] {logging_mixin.py:188} INFO - [2026-03-11T11:26:37.166+0000] {dag.py:3033} INFO - Sync 1 DAGs
[2026-03-11T11:26:37.294+0000] {logging_mixin.py:188} INFO - [2026-03-11T11:26:37.292+0000] {dag.py:3820} INFO - Setting next_dagrun for youtube_monitoring_alerts to 2026-03-11T11:00:00+00:00, run_after=2026-03-11T11:30:00+00:00
[2026-03-11T11:26:37.403+0000] {processor.py:183} INFO - Processing /opt/airflow/dags/youtube_monitoring_dag.py took 0.501 seconds
[2026-03-11T11:27:09.771+0000] {processor.py:161} INFO - Started process (PID=895) to work on /opt/airflow/dags/youtube_monitoring_dag.py
[2026-03-11T11:27:09.775+0000] {processor.py:830} INFO - Processing file /opt/airflow/dags/youtube_monitoring_dag.py for tasks to queue
[2026-03-11T11:27:09.783+0000] {logging_mixin.py:188} INFO - [2026-03-11T11:27:09.782+0000] {dagbag.py:538} INFO - Filling up the DagBag from /opt/airflow/dags/youtube_monitoring_dag.py
[2026-03-11T11:27:09.864+0000] {processor.py:840} INFO - DAG(s) 'youtube_monitoring_alerts' retrieved from /opt/airflow/dags/youtube_monitoring_dag.py
[2026-03-11T11:27:10.030+0000] {logging_mixin.py:188} INFO - [2026-03-11T11:27:10.028+0000] {dag.py:3033} INFO - Sync 1 DAGs
[2026-03-11T11:27:10.226+0000] {logging_mixin.py:188} INFO - [2026-03-11T11:27:10.226+0000] {dag.py:3820} INFO - Setting next_dagrun for youtube_monitoring_alerts to 2026-03-11T11:00:00+00:00, run_after=2026-03-11T11:30:00+00:00
[2026-03-11T11:27:10.347+0000] {processor.py:183} INFO - Processing /opt/airflow/dags/youtube_monitoring_dag.py took 0.594 seconds
[2026-03-11T11:27:42.298+0000] {processor.py:161} INFO - Started process (PID=927) to work on /opt/airflow/dags/youtube_monitoring_dag.py
[2026-03-11T11:27:42.301+0000] {processor.py:830} INFO - Processing file /opt/airflow/dags/youtube_monitoring_dag.py for tasks to queue
[2026-03-11T11:27:42.313+0000] {logging_mixin.py:188} INFO - [2026-03-11T11:27:42.312+0000] {dagbag.py:538} INFO - Filling up the DagBag from /opt/airflow/dags/youtube_monitoring_dag.py
[2026-03-11T11:27:42.408+0000] {processor.py:840} INFO - DAG(s) 'youtube_monitoring_alerts' retrieved from /opt/airflow/dags/youtube_monitoring_dag.py
[2026-03-11T11:27:42.583+0000] {logging_mixin.py:188} INFO - [2026-03-11T11:27:42.581+0000] {dag.py:3033} INFO - Sync 1 DAGs
[2026-03-11T11:27:42.783+0000] {logging_mixin.py:188} INFO - [2026-03-11T11:27:42.782+0000] {dag.py:3820} INFO - Setting next_dagrun for youtube_monitoring_alerts to 2026-03-11T11:00:00+00:00, run_after=2026-03-11T11:30:00+00:00
[2026-03-11T11:27:42.920+0000] {processor.py:183} INFO - Processing /opt/airflow/dags/youtube_monitoring_dag.py took 0.637 seconds
[2026-03-11T11:28:14.740+0000] {processor.py:161} INFO - Started process (PID=959) to work on /opt/airflow/dags/youtube_monitoring_dag.py
[2026-03-11T11:28:14.743+0000] {processor.py:830} INFO - Processing file /opt/airflow/dags/youtube_monitoring_dag.py for tasks to queue
[2026-03-11T11:28:14.754+0000] {logging_mixin.py:188} INFO - [2026-03-11T11:28:14.752+0000] {dagbag.py:538} INFO - Filling up the DagBag from /opt/airflow/dags/youtube_monitoring_dag.py
[2026-03-11T11:28:14.831+0000] {processor.py:840} INFO - DAG(s) 'youtube_monitoring_alerts' retrieved from /opt/airflow/dags/youtube_monitoring_dag.py
[2026-03-11T11:28:14.976+0000] {logging_mixin.py:188} INFO - [2026-03-11T11:28:14.972+0000] {dag.py:3033} INFO - Sync 1 DAGs
[2026-03-11T11:28:15.101+0000] {logging_mixin.py:188} INFO - [2026-03-11T11:28:15.101+0000] {dag.py:3820} INFO - Setting next_dagrun for youtube_monitoring_alerts to 2026-03-11T11:00:00+00:00, run_after=2026-03-11T11:30:00+00:00
[2026-03-11T11:28:15.194+0000] {processor.py:183} INFO - Processing /opt/airflow/dags/youtube_monitoring_dag.py took 0.468 seconds
[2026-03-11T11:28:47.500+0000] {processor.py:161} INFO - Started process (PID=991) to work on /opt/airflow/dags/youtube_monitoring_dag.py
[2026-03-11T11:28:47.503+0000] {processor.py:830} INFO - Processing file /opt/airflow/dags/youtube_monitoring_dag.py for tasks to queue
[2026-03-11T11:28:47.513+0000] {logging_mixin.py:188} INFO - [2026-03-11T11:28:47.511+0000] {dagbag.py:538} INFO - Filling up the DagBag from /opt/airflow/dags/youtube_monitoring_dag.py
[2026-03-11T11:28:47.618+0000] {processor.py:840} INFO - DAG(s) 'youtube_monitoring_alerts' retrieved from /opt/airflow/dags/youtube_monitoring_dag.py
[2026-03-11T11:28:47.805+0000] {logging_mixin.py:188} INFO - [2026-03-11T11:28:47.804+0000] {dag.py:3033} INFO - Sync 1 DAGs
[2026-03-11T11:28:47.933+0000] {logging_mixin.py:188} INFO - [2026-03-11T11:28:47.932+0000] {dag.py:3820} INFO - Setting next_dagrun for youtube_monitoring_alerts to 2026-03-11T11:00:00+00:00, run_after=2026-03-11T11:30:00+00:00
[2026-03-11T11:28:48.041+0000] {processor.py:183} INFO - Processing /opt/airflow/dags/youtube_monitoring_dag.py took 0.553 seconds
[2026-03-11T11:29:20.348+0000] {processor.py:161} INFO - Started process (PID=1023) to work on /opt/airflow/dags/youtube_monitoring_dag.py
[2026-03-11T11:29:20.364+0000] {processor.py:830} INFO - Processing file /opt/airflow/dags/youtube_monitoring_dag.py for tasks to queue
[2026-03-11T11:29:20.419+0000] {logging_mixin.py:188} INFO - [2026-03-11T11:29:20.416+0000] {dagbag.py:538} INFO - Filling up the DagBag from /opt/airflow/dags/youtube_monitoring_dag.py
[2026-03-11T11:29:20.541+0000] {processor.py:840} INFO - DAG(s) 'youtube_monitoring_alerts' retrieved from /opt/airflow/dags/youtube_monitoring_dag.py
[2026-03-11T11:29:20.674+0000] {logging_mixin.py:188} INFO - [2026-03-11T11:29:20.672+0000] {dag.py:3033} INFO - Sync 1 DAGs
[2026-03-11T11:29:20.787+0000] {logging_mixin.py:188} INFO - [2026-03-11T11:29:20.786+0000] {dag.py:3820} INFO - Setting next_dagrun for youtube_monitoring_alerts to 2026-03-11T11:00:00+00:00, run_after=2026-03-11T11:30:00+00:00
[2026-03-11T11:29:20.853+0000] {processor.py:183} INFO - Processing /opt/airflow/dags/youtube_monitoring_dag.py took 0.527 seconds
[2026-03-11T11:29:52.739+0000] {processor.py:161} INFO - Started process (PID=1053) to work on /opt/airflow/dags/youtube_monitoring_dag.py
[2026-03-11T11:29:52.742+0000] {processor.py:830} INFO - Processing file /opt/airflow/dags/youtube_monitoring_dag.py for tasks to queue
[2026-03-11T11:29:52.764+0000] {logging_mixin.py:188} INFO - [2026-03-11T11:29:52.753+0000] {dagbag.py:538} INFO - Filling up the DagBag from /opt/airflow/dags/youtube_monitoring_dag.py
[2026-03-11T11:29:52.906+0000] {processor.py:840} INFO - DAG(s) 'youtube_monitoring_alerts' retrieved from /opt/airflow/dags/youtube_monitoring_dag.py
[2026-03-11T11:29:53.117+0000] {logging_mixin.py:188} INFO - [2026-03-11T11:29:53.116+0000] {dag.py:3033} INFO - Sync 1 DAGs
[2026-03-11T11:29:53.233+0000] {logging_mixin.py:188} INFO - [2026-03-11T11:29:53.232+0000] {dag.py:3820} INFO - Setting next_dagrun for youtube_monitoring_alerts to 2026-03-11T11:00:00+00:00, run_after=2026-03-11T11:30:00+00:00
[2026-03-11T11:29:53.343+0000] {processor.py:183} INFO - Processing /opt/airflow/dags/youtube_monitoring_dag.py took 0.618 seconds
[2026-03-11T11:30:25.683+0000] {processor.py:161} INFO - Started process (PID=1091) to work on /opt/airflow/dags/youtube_monitoring_dag.py
[2026-03-11T11:30:25.687+0000] {processor.py:830} INFO - Processing file /opt/airflow/dags/youtube_monitoring_dag.py for tasks to queue
[2026-03-11T11:30:25.710+0000] {logging_mixin.py:188} INFO - [2026-03-11T11:30:25.709+0000] {dagbag.py:538} INFO - Filling up the DagBag from /opt/airflow/dags/youtube_monitoring_dag.py
[2026-03-11T11:30:25.847+0000] {processor.py:840} INFO - DAG(s) 'youtube_monitoring_alerts' retrieved from /opt/airflow/dags/youtube_monitoring_dag.py
[2026-03-11T11:30:26.008+0000] {logging_mixin.py:188} INFO - [2026-03-11T11:30:26.006+0000] {dag.py:3033} INFO - Sync 1 DAGs
[2026-03-11T11:30:26.157+0000] {logging_mixin.py:188} INFO - [2026-03-11T11:30:26.156+0000] {dag.py:3820} INFO - Setting next_dagrun for youtube_monitoring_alerts to 2026-03-11T11:30:00+00:00, run_after=2026-03-11T12:00:00+00:00
[2026-03-11T11:30:26.296+0000] {processor.py:183} INFO - Processing /opt/airflow/dags/youtube_monitoring_dag.py took 0.630 seconds
[2026-03-11T11:30:56.655+0000] {processor.py:161} INFO - Started process (PID=1117) to work on /opt/airflow/dags/youtube_monitoring_dag.py
[2026-03-11T11:30:56.658+0000] {processor.py:830} INFO - Processing file /opt/airflow/dags/youtube_monitoring_dag.py for tasks to queue
[2026-03-11T11:30:56.667+0000] {logging_mixin.py:188} INFO - [2026-03-11T11:30:56.666+0000] {dagbag.py:538} INFO - Filling up the DagBag from /opt/airflow/dags/youtube_monitoring_dag.py
[2026-03-11T11:30:56.771+0000] {processor.py:840} INFO - DAG(s) 'youtube_monitoring_alerts' retrieved from /opt/airflow/dags/youtube_monitoring_dag.py
[2026-03-11T11:30:57.021+0000] {logging_mixin.py:188} INFO - [2026-03-11T11:30:57.019+0000] {dag.py:3033} INFO - Sync 1 DAGs
[2026-03-11T11:30:57.150+0000] {logging_mixin.py:188} INFO - [2026-03-11T11:30:57.150+0000] {dag.py:3820} INFO - Setting next_dagrun for youtube_monitoring_alerts to 2026-03-11T11:30:00+00:00, run_after=2026-03-11T12:00:00+00:00
[2026-03-11T11:30:57.237+0000] {processor.py:183} INFO - Processing /opt/airflow/dags/youtube_monitoring_dag.py took 0.595 seconds
[2026-03-11T11:31:27.677+0000] {processor.py:161} INFO - Started process (PID=1153) to work on /opt/airflow/dags/youtube_monitoring_dag.py
[2026-03-11T11:31:27.679+0000] {processor.py:830} INFO - Processing file /opt/airflow/dags/youtube_monitoring_dag.py for tasks to queue
[2026-03-11T11:31:27.694+0000] {logging_mixin.py:188} INFO - [2026-03-11T11:31:27.692+0000] {dagbag.py:538} INFO - Filling up the DagBag from /opt/airflow/dags/youtube_monitoring_dag.py
[2026-03-11T11:31:27.777+0000] {processor.py:840} INFO - DAG(s) 'youtube_monitoring_alerts' retrieved from /opt/airflow/dags/youtube_monitoring_dag.py
[2026-03-11T11:31:27.883+0000] {logging_mixin.py:188} INFO - [2026-03-11T11:31:27.881+0000] {dag.py:3033} INFO - Sync 1 DAGs
[2026-03-11T11:31:27.963+0000] {logging_mixin.py:188} INFO - [2026-03-11T11:31:27.962+0000] {dag.py:3820} INFO - Setting next_dagrun for youtube_monitoring_alerts to 2026-03-11T11:30:00+00:00, run_after=2026-03-11T12:00:00+00:00
[2026-03-11T11:31:28.019+0000] {processor.py:183} INFO - Processing /opt/airflow/dags/youtube_monitoring_dag.py took 0.358 seconds
[2026-03-11T11:31:58.883+0000] {processor.py:161} INFO - Started process (PID=1185) to work on /opt/airflow/dags/youtube_monitoring_dag.py
[2026-03-11T11:31:58.885+0000] {processor.py:830} INFO - Processing file /opt/airflow/dags/youtube_monitoring_dag.py for tasks to queue
[2026-03-11T11:31:58.893+0000] {logging_mixin.py:188} INFO - [2026-03-11T11:31:58.892+0000] {dagbag.py:538} INFO - Filling up the DagBag from /opt/airflow/dags/youtube_monitoring_dag.py
[2026-03-11T11:31:58.977+0000] {processor.py:840} INFO - DAG(s) 'youtube_monitoring_alerts' retrieved from /opt/airflow/dags/youtube_monitoring_dag.py
[2026-03-11T11:31:59.102+0000] {logging_mixin.py:188} INFO - [2026-03-11T11:31:59.101+0000] {dag.py:3033} INFO - Sync 1 DAGs
[2026-03-11T11:31:59.183+0000] {logging_mixin.py:188} INFO - [2026-03-11T11:31:59.182+0000] {dag.py:3820} INFO - Setting next_dagrun for youtube_monitoring_alerts to 2026-03-11T11:30:00+00:00, run_after=2026-03-11T12:00:00+00:00
[2026-03-11T11:31:59.750+0000] {processor.py:183} INFO - Processing /opt/airflow/dags/youtube_monitoring_dag.py took 0.883 seconds
[2026-03-11T11:32:30.032+0000] {processor.py:161} INFO - Started process (PID=1217) to work on /opt/airflow/dags/youtube_monitoring_dag.py
[2026-03-11T11:32:30.035+0000] {processor.py:830} INFO - Processing file /opt/airflow/dags/youtube_monitoring_dag.py for tasks to queue
[2026-03-11T11:32:30.049+0000] {logging_mixin.py:188} INFO - [2026-03-11T11:32:30.047+0000] {dagbag.py:538} INFO - Filling up the DagBag from /opt/airflow/dags/youtube_monitoring_dag.py
[2026-03-11T11:32:30.156+0000] {processor.py:840} INFO - DAG(s) 'youtube_monitoring_alerts' retrieved from /opt/airflow/dags/youtube_monitoring_dag.py
[2026-03-11T11:32:30.304+0000] {logging_mixin.py:188} INFO - [2026-03-11T11:32:30.301+0000] {dag.py:3033} INFO - Sync 1 DAGs
[2026-03-11T11:32:30.430+0000] {logging_mixin.py:188} INFO - [2026-03-11T11:32:30.430+0000] {dag.py:3820} INFO - Setting next_dagrun for youtube_monitoring_alerts to 2026-03-11T11:30:00+00:00, run_after=2026-03-11T12:00:00+00:00
[2026-03-11T11:32:30.524+0000] {processor.py:183} INFO - Processing /opt/airflow/dags/youtube_monitoring_dag.py took 0.508 seconds
[2026-03-11T11:33:01.279+0000] {processor.py:161} INFO - Started process (PID=1249) to work on /opt/airflow/dags/youtube_monitoring_dag.py
[2026-03-11T11:33:01.282+0000] {processor.py:830} INFO - Processing file /opt/airflow/dags/youtube_monitoring_dag.py for tasks to queue
[2026-03-11T11:33:01.295+0000] {logging_mixin.py:188} INFO - [2026-03-11T11:33:01.293+0000] {dagbag.py:538} INFO - Filling up the DagBag from /opt/airflow/dags/youtube_monitoring_dag.py
[2026-03-11T11:33:01.413+0000] {processor.py:840} INFO - DAG(s) 'youtube_monitoring_alerts' retrieved from /opt/airflow/dags/youtube_monitoring_dag.py
[2026-03-11T11:33:01.538+0000] {logging_mixin.py:188} INFO - [2026-03-11T11:33:01.536+0000] {dag.py:3033} INFO - Sync 1 DAGs
[2026-03-11T11:33:01.665+0000] {logging_mixin.py:188} INFO - [2026-03-11T11:33:01.664+0000] {dag.py:3820} INFO - Setting next_dagrun for youtube_monitoring_alerts to 2026-03-11T11:30:00+00:00, run_after=2026-03-11T12:00:00+00:00
[2026-03-11T11:33:01.766+0000] {processor.py:183} INFO - Processing /opt/airflow/dags/youtube_monitoring_dag.py took 0.500 seconds
[2026-03-11T11:33:31.932+0000] {processor.py:161} INFO - Started process (PID=1281) to work on /opt/airflow/dags/youtube_monitoring_dag.py
[2026-03-11T11:33:31.936+0000] {processor.py:830} INFO - Processing file /opt/airflow/dags/youtube_monitoring_dag.py for tasks to queue
[2026-03-11T11:33:31.951+0000] {logging_mixin.py:188} INFO - [2026-03-11T11:33:31.949+0000] {dagbag.py:538} INFO - Filling up the DagBag from /opt/airflow/dags/youtube_monitoring_dag.py
[2026-03-11T11:33:32.057+0000] {processor.py:840} INFO - DAG(s) 'youtube_monitoring_alerts' retrieved from /opt/airflow/dags/youtube_monitoring_dag.py
[2026-03-11T11:33:32.168+0000] {logging_mixin.py:188} INFO - [2026-03-11T11:33:32.166+0000] {dag.py:3033} INFO - Sync 1 DAGs
[2026-03-11T11:33:32.304+0000] {logging_mixin.py:188} INFO - [2026-03-11T11:33:32.303+0000] {dag.py:3820} INFO - Setting next_dagrun for youtube_monitoring_alerts to 2026-03-11T11:30:00+00:00, run_after=2026-03-11T12:00:00+00:00
[2026-03-11T11:33:32.811+0000] {processor.py:183} INFO - Processing /opt/airflow/dags/youtube_monitoring_dag.py took 0.891 seconds
[2026-03-11T11:34:03.399+0000] {processor.py:161} INFO - Started process (PID=1313) to work on /opt/airflow/dags/youtube_monitoring_dag.py
[2026-03-11T11:34:03.403+0000] {processor.py:830} INFO - Processing file /opt/airflow/dags/youtube_monitoring_dag.py for tasks to queue
[2026-03-11T11:34:03.415+0000] {logging_mixin.py:188} INFO - [2026-03-11T11:34:03.414+0000] {dagbag.py:538} INFO - Filling up the DagBag from /opt/airflow/dags/youtube_monitoring_dag.py
[2026-03-11T11:34:03.513+0000] {processor.py:840} INFO - DAG(s) 'youtube_monitoring_alerts' retrieved from /opt/airflow/dags/youtube_monitoring_dag.py
[2026-03-11T11:34:03.641+0000] {logging_mixin.py:188} INFO - [2026-03-11T11:34:03.639+0000] {dag.py:3033} INFO - Sync 1 DAGs
[2026-03-11T11:34:03.785+0000] {logging_mixin.py:188} INFO - [2026-03-11T11:34:03.784+0000] {dag.py:3820} INFO - Setting next_dagrun for youtube_monitoring_alerts to 2026-03-11T11:30:00+00:00, run_after=2026-03-11T12:00:00+00:00
[2026-03-11T11:34:03.875+0000] {processor.py:183} INFO - Processing /opt/airflow/dags/youtube_monitoring_dag.py took 0.492 seconds
[2026-03-11T11:34:34.541+0000] {processor.py:161} INFO - Started process (PID=1345) to work on /opt/airflow/dags/youtube_monitoring_dag.py
[2026-03-11T11:34:34.543+0000] {processor.py:830} INFO - Processing file /opt/airflow/dags/youtube_monitoring_dag.py for tasks to queue
[2026-03-11T11:34:34.550+0000] {logging_mixin.py:188} INFO - [2026-03-11T11:34:34.549+0000] {dagbag.py:538} INFO - Filling up the DagBag from /opt/airflow/dags/youtube_monitoring_dag.py
[2026-03-11T11:34:34.610+0000] {processor.py:840} INFO - DAG(s) 'youtube_monitoring_alerts' retrieved from /opt/airflow/dags/youtube_monitoring_dag.py
[2026-03-11T11:34:35.082+0000] {logging_mixin.py:188} INFO - [2026-03-11T11:34:34.703+0000] {dag.py:3033} INFO - Sync 1 DAGs
[2026-03-11T11:34:35.178+0000] {logging_mixin.py:188} INFO - [2026-03-11T11:34:35.178+0000] {dag.py:3820} INFO - Setting next_dagrun for youtube_monitoring_alerts to 2026-03-11T11:30:00+00:00, run_after=2026-03-11T12:00:00+00:00
[2026-03-11T11:34:35.237+0000] {processor.py:183} INFO - Processing /opt/airflow/dags/youtube_monitoring_dag.py took 0.704 seconds
[2026-03-11T11:35:06.251+0000] {processor.py:161} INFO - Started process (PID=1377) to work on /opt/airflow/dags/youtube_monitoring_dag.py
[2026-03-11T11:35:06.252+0000] {processor.py:830} INFO - Processing file /opt/airflow/dags/youtube_monitoring_dag.py for tasks to queue
[2026-03-11T11:35:06.259+0000] {logging_mixin.py:188} INFO - [2026-03-11T11:35:06.258+0000] {dagbag.py:538} INFO - Filling up the DagBag from /opt/airflow/dags/youtube_monitoring_dag.py
[2026-03-11T11:35:06.302+0000] {processor.py:840} INFO - DAG(s) 'youtube_monitoring_alerts' retrieved from /opt/airflow/dags/youtube_monitoring_dag.py
[2026-03-11T11:35:06.388+0000] {logging_mixin.py:188} INFO - [2026-03-11T11:35:06.387+0000] {dag.py:3033} INFO - Sync 1 DAGs
[2026-03-11T11:35:06.480+0000] {logging_mixin.py:188} INFO - [2026-03-11T11:35:06.479+0000] {dag.py:3820} INFO - Setting next_dagrun for youtube_monitoring_alerts to 2026-03-11T11:30:00+00:00, run_after=2026-03-11T12:00:00+00:00
[2026-03-11T11:35:06.988+0000] {processor.py:183} INFO - Processing /opt/airflow/dags/youtube_monitoring_dag.py took 0.745 seconds
[2026-03-11T11:35:37.191+0000] {processor.py:161} INFO - Started process (PID=1409) to work on /opt/airflow/dags/youtube_monitoring_dag.py
[2026-03-11T11:35:37.192+0000] {processor.py:830} INFO - Processing file /opt/airflow/dags/youtube_monitoring_dag.py for tasks to queue
[2026-03-11T11:35:37.198+0000] {logging_mixin.py:188} INFO - [2026-03-11T11:35:37.198+0000] {dagbag.py:538} INFO - Filling up the DagBag from /opt/airflow/dags/youtube_monitoring_dag.py
[2026-03-11T11:35:37.275+0000] {processor.py:840} INFO - DAG(s) 'youtube_monitoring_alerts' retrieved from /opt/airflow/dags/youtube_monitoring_dag.py
[2026-03-11T11:35:37.369+0000] {logging_mixin.py:188} INFO - [2026-03-11T11:35:37.368+0000] {dag.py:3033} INFO - Sync 1 DAGs
[2026-03-11T11:35:37.457+0000] {logging_mixin.py:188} INFO - [2026-03-11T11:35:37.457+0000] {dag.py:3820} INFO - Setting next_dagrun for youtube_monitoring_alerts to 2026-03-11T11:30:00+00:00, run_after=2026-03-11T12:00:00+00:00
[2026-03-11T11:35:37.658+0000] {processor.py:183} INFO - Processing /opt/airflow/dags/youtube_monitoring_dag.py took 0.477 seconds
[2026-03-11T11:36:07.938+0000] {processor.py:161} INFO - Started process (PID=1441) to work on /opt/airflow/dags/youtube_monitoring_dag.py
[2026-03-11T11:36:07.939+0000] {processor.py:830} INFO - Processing file /opt/airflow/dags/youtube_monitoring_dag.py for tasks to queue
[2026-03-11T11:36:07.946+0000] {logging_mixin.py:188} INFO - [2026-03-11T11:36:07.944+0000] {dagbag.py:538} INFO - Filling up the DagBag from /opt/airflow/dags/youtube_monitoring_dag.py
[2026-03-11T11:36:08.141+0000] {processor.py:840} INFO - DAG(s) 'youtube_monitoring_alerts' retrieved from /opt/airflow/dags/youtube_monitoring_dag.py
[2026-03-11T11:36:08.497+0000] {logging_mixin.py:188} INFO - [2026-03-11T11:36:08.494+0000] {dag.py:3033} INFO - Sync 1 DAGs
[2026-03-11T11:36:08.631+0000] {logging_mixin.py:188} INFO - [2026-03-11T11:36:08.630+0000] {dag.py:3820} INFO - Setting next_dagrun for youtube_monitoring_alerts to 2026-03-11T11:30:00+00:00, run_after=2026-03-11T12:00:00+00:00
[2026-03-11T11:36:08.736+0000] {processor.py:183} INFO - Processing /opt/airflow/dags/youtube_monitoring_dag.py took 0.805 seconds
[2026-03-11T11:36:39.205+0000] {processor.py:161} INFO - Started process (PID=1473) to work on /opt/airflow/dags/youtube_monitoring_dag.py
[2026-03-11T11:36:39.207+0000] {processor.py:830} INFO - Processing file /opt/airflow/dags/youtube_monitoring_dag.py for tasks to queue
[2026-03-11T11:36:39.215+0000] {logging_mixin.py:188} INFO - [2026-03-11T11:36:39.214+0000] {dagbag.py:538} INFO - Filling up the DagBag from /opt/airflow/dags/youtube_monitoring_dag.py
[2026-03-11T11:36:39.280+0000] {processor.py:840} INFO - DAG(s) 'youtube_monitoring_alerts' retrieved from /opt/airflow/dags/youtube_monitoring_dag.py
[2026-03-11T11:36:39.422+0000] {logging_mixin.py:188} INFO - [2026-03-11T11:36:39.421+0000] {dag.py:3033} INFO - Sync 1 DAGs
[2026-03-11T11:36:39.503+0000] {logging_mixin.py:188} INFO - [2026-03-11T11:36:39.503+0000] {dag.py:3820} INFO - Setting next_dagrun for youtube_monitoring_alerts to 2026-03-11T11:30:00+00:00, run_after=2026-03-11T12:00:00+00:00
[2026-03-11T11:36:39.570+0000] {processor.py:183} INFO - Processing /opt/airflow/dags/youtube_monitoring_dag.py took 0.374 seconds
[2026-03-11T11:37:09.918+0000] {processor.py:161} INFO - Started process (PID=1505) to work on /opt/airflow/dags/youtube_monitoring_dag.py
[2026-03-11T11:37:09.920+0000] {processor.py:830} INFO - Processing file /opt/airflow/dags/youtube_monitoring_dag.py for tasks to queue
[2026-03-11T11:37:09.927+0000] {logging_mixin.py:188} INFO - [2026-03-11T11:37:09.926+0000] {dagbag.py:538} INFO - Filling up the DagBag from /opt/airflow/dags/youtube_monitoring_dag.py
[2026-03-11T11:37:09.978+0000] {processor.py:840} INFO - DAG(s) 'youtube_monitoring_alerts' retrieved from /opt/airflow/dags/youtube_monitoring_dag.py
[2026-03-11T11:37:10.059+0000] {logging_mixin.py:188} INFO - [2026-03-11T11:37:10.058+0000] {dag.py:3033} INFO - Sync 1 DAGs
[2026-03-11T11:37:10.152+0000] {logging_mixin.py:188} INFO - [2026-03-11T11:37:10.151+0000] {dag.py:3820} INFO - Setting next_dagrun for youtube_monitoring_alerts to 2026-03-11T11:30:00+00:00, run_after=2026-03-11T12:00:00+00:00
[2026-03-11T11:37:10.223+0000] {processor.py:183} INFO - Processing /opt/airflow/dags/youtube_monitoring_dag.py took 0.315 seconds
[2026-03-11T11:37:40.432+0000] {processor.py:161} INFO - Started process (PID=1537) to work on /opt/airflow/dags/youtube_monitoring_dag.py
[2026-03-11T11:37:40.434+0000] {processor.py:830} INFO - Processing file /opt/airflow/dags/youtube_monitoring_dag.py for tasks to queue
[2026-03-11T11:37:40.441+0000] {logging_mixin.py:188} INFO - [2026-03-11T11:37:40.440+0000] {dagbag.py:538} INFO - Filling up the DagBag from /opt/airflow/dags/youtube_monitoring_dag.py
[2026-03-11T11:37:40.511+0000] {processor.py:840} INFO - DAG(s) 'youtube_monitoring_alerts' retrieved from /opt/airflow/dags/youtube_monitoring_dag.py
[2026-03-11T11:37:40.750+0000] {logging_mixin.py:188} INFO - [2026-03-11T11:37:40.748+0000] {dag.py:3033} INFO - Sync 1 DAGs
[2026-03-11T11:37:40.843+0000] {logging_mixin.py:188} INFO - [2026-03-11T11:37:40.842+0000] {dag.py:3820} INFO - Setting next_dagrun for youtube_monitoring_alerts to 2026-03-11T11:30:00+00:00, run_after=2026-03-11T12:00:00+00:00
[2026-03-11T11:37:40.927+0000] {processor.py:183} INFO - Processing /opt/airflow/dags/youtube_monitoring_dag.py took 0.504 seconds
[2026-03-11T11:38:11.690+0000] {processor.py:161} INFO - Started process (PID=1569) to work on /opt/airflow/dags/youtube_monitoring_dag.py
[2026-03-11T11:38:11.694+0000] {processor.py:830} INFO - Processing file /opt/airflow/dags/youtube_monitoring_dag.py for tasks to queue
[2026-03-11T11:38:11.707+0000] {logging_mixin.py:188} INFO - [2026-03-11T11:38:11.705+0000] {dagbag.py:538} INFO - Filling up the DagBag from /opt/airflow/dags/youtube_monitoring_dag.py
[2026-03-11T11:38:11.778+0000] {processor.py:840} INFO - DAG(s) 'youtube_monitoring_alerts' retrieved from /opt/airflow/dags/youtube_monitoring_dag.py
[2026-03-11T11:38:11.865+0000] {logging_mixin.py:188} INFO - [2026-03-11T11:38:11.864+0000] {dag.py:3033} INFO - Sync 1 DAGs
[2026-03-11T11:38:11.952+0000] {logging_mixin.py:188} INFO - [2026-03-11T11:38:11.951+0000] {dag.py:3820} INFO - Setting next_dagrun for youtube_monitoring_alerts to 2026-03-11T11:30:00+00:00, run_after=2026-03-11T12:00:00+00:00
[2026-03-11T11:38:12.016+0000] {processor.py:183} INFO - Processing /opt/airflow/dags/youtube_monitoring_dag.py took 0.335 seconds
[2026-03-11T11:38:42.725+0000] {processor.py:161} INFO - Started process (PID=1601) to work on /opt/airflow/dags/youtube_monitoring_dag.py
[2026-03-11T11:38:42.734+0000] {processor.py:830} INFO - Processing file /opt/airflow/dags/youtube_monitoring_dag.py for tasks to queue
[2026-03-11T11:38:42.746+0000] {logging_mixin.py:188} INFO - [2026-03-11T11:38:42.745+0000] {dagbag.py:538} INFO - Filling up the DagBag from /opt/airflow/dags/youtube_monitoring_dag.py
[2026-03-11T11:38:42.830+0000] {processor.py:840} INFO - DAG(s) 'youtube_monitoring_alerts' retrieved from /opt/airflow/dags/youtube_monitoring_dag.py
[2026-03-11T11:38:42.941+0000] {logging_mixin.py:188} INFO - [2026-03-11T11:38:42.939+0000] {dag.py:3033} INFO - Sync 1 DAGs
[2026-03-11T11:38:43.026+0000] {logging_mixin.py:188} INFO - [2026-03-11T11:38:43.025+0000] {dag.py:3820} INFO - Setting next_dagrun for youtube_monitoring_alerts to 2026-03-11T11:30:00+00:00, run_after=2026-03-11T12:00:00+00:00
[2026-03-11T11:38:43.091+0000] {processor.py:183} INFO - Processing /opt/airflow/dags/youtube_monitoring_dag.py took 0.381 seconds
