[2026-03-11T10:22:09.129+0000] {manager.py:469} INFO - Processing files using up to 2 processes at a time 
[2026-03-11T10:22:09.132+0000] {manager.py:470} INFO - Process each file at most once every 30 seconds
[2026-03-11T10:22:09.138+0000] {manager.py:471} INFO - Checking for new files in /opt/airflow/dags every 300 seconds
[2026-03-11T10:22:09.143+0000] {manager.py:738} INFO - Searching for files in /opt/airflow/dags
[2026-03-11T10:22:09.205+0000] {manager.py:741} INFO - There are 4 files in /opt/airflow/dags
[2026-03-11T10:22:10.424+0000] {manager.py:879} INFO - 
================================================================================
DAG File Processing Stats

File Path                                      PID  Runtime      # DAGs    # Errors  Last Runtime    Last Run
-------------------------------------------  -----  ---------  --------  ----------  --------------  ----------
/opt/airflow/dags/youtube_monitoring_dag.py    168  0.28s             0           0
/opt/airflow/dags/youtube_trending_dag.py      171  0.19s             0           0
/opt/airflow/dags/youtube_analytics_dag.py                            0           0
/opt/airflow/dags/youtube_pipeline_dag.py                             0           0
================================================================================
[2026-03-11T10:22:40.750+0000] {manager.py:879} INFO - 
================================================================================
DAG File Processing Stats

File Path                                    PID    Runtime      # DAGs    # Errors  Last Runtime    Last Run
-------------------------------------------  -----  ---------  --------  ----------  --------------  -------------------
/opt/airflow/dags/youtube_monitoring_dag.py                           1           0  2.06s           2026-03-11T10:22:12
/opt/airflow/dags/youtube_trending_dag.py                             1           0  2.19s           2026-03-11T10:22:12
/opt/airflow/dags/youtube_analytics_dag.py                            1           0  4.74s           2026-03-11T10:22:17
/opt/airflow/dags/youtube_pipeline_dag.py                             1           0  0.90s           2026-03-11T10:22:13
================================================================================
[2026-03-11T10:23:10.881+0000] {manager.py:879} INFO - 
================================================================================
DAG File Processing Stats

File Path                                    PID    Runtime      # DAGs    # Errors  Last Runtime    Last Run
-------------------------------------------  -----  ---------  --------  ----------  --------------  -------------------
/opt/airflow/dags/youtube_monitoring_dag.py                           1           0  0.51s           2026-03-11T10:22:42
/opt/airflow/dags/youtube_trending_dag.py                             1           0  0.43s           2026-03-11T10:22:43
/opt/airflow/dags/youtube_analytics_dag.py                            1           0  1.40s           2026-03-11T10:22:48
/opt/airflow/dags/youtube_pipeline_dag.py                             1           0  0.41s           2026-03-11T10:22:44
================================================================================
[2026-03-11T10:23:41.093+0000] {manager.py:879} INFO - 
================================================================================
DAG File Processing Stats

File Path                                    PID    Runtime      # DAGs    # Errors  Last Runtime    Last Run
-------------------------------------------  -----  ---------  --------  ----------  --------------  -------------------
/opt/airflow/dags/youtube_monitoring_dag.py                           1           0  0.54s           2026-03-11T10:23:13
/opt/airflow/dags/youtube_trending_dag.py                             1           0  0.68s           2026-03-11T10:23:14
/opt/airflow/dags/youtube_analytics_dag.py                            1           0  1.55s           2026-03-11T10:23:20
/opt/airflow/dags/youtube_pipeline_dag.py                             1           0  0.40s           2026-03-11T10:23:15
================================================================================
[2026-03-11T10:24:11.451+0000] {manager.py:879} INFO - 
================================================================================
DAG File Processing Stats

File Path                                    PID    Runtime      # DAGs    # Errors  Last Runtime    Last Run
-------------------------------------------  -----  ---------  --------  ----------  --------------  -------------------
/opt/airflow/dags/youtube_monitoring_dag.py                           1           0  0.48s           2026-03-11T10:23:44
/opt/airflow/dags/youtube_trending_dag.py                             1           0  0.59s           2026-03-11T10:23:44
/opt/airflow/dags/youtube_analytics_dag.py                            1           0  1.46s           2026-03-11T10:23:52
/opt/airflow/dags/youtube_pipeline_dag.py                             1           0  0.35s           2026-03-11T10:23:46
================================================================================
[2026-03-11T10:24:41.982+0000] {manager.py:879} INFO - 
================================================================================
DAG File Processing Stats

File Path                                    PID    Runtime      # DAGs    # Errors  Last Runtime    Last Run
-------------------------------------------  -----  ---------  --------  ----------  --------------  -------------------
/opt/airflow/dags/youtube_monitoring_dag.py                           1           0  0.41s           2026-03-11T10:24:14
/opt/airflow/dags/youtube_trending_dag.py                             1           0  0.41s           2026-03-11T10:24:15
/opt/airflow/dags/youtube_analytics_dag.py                            1           0  1.12s           2026-03-11T10:24:23
/opt/airflow/dags/youtube_pipeline_dag.py                             1           0  0.41s           2026-03-11T10:24:16
================================================================================
[2026-03-11T10:25:12.223+0000] {manager.py:879} INFO - 
================================================================================
DAG File Processing Stats

File Path                                    PID    Runtime      # DAGs    # Errors  Last Runtime    Last Run
-------------------------------------------  -----  ---------  --------  ----------  --------------  -------------------
/opt/airflow/dags/youtube_monitoring_dag.py                           1           0  0.36s           2026-03-11T10:24:45
/opt/airflow/dags/youtube_trending_dag.py                             1           0  0.32s           2026-03-11T10:24:45
/opt/airflow/dags/youtube_analytics_dag.py                            1           0  1.11s           2026-03-11T10:24:55
/opt/airflow/dags/youtube_pipeline_dag.py                             1           0  0.54s           2026-03-11T10:24:47
================================================================================
[2026-03-11T10:25:42.919+0000] {manager.py:879} INFO - 
================================================================================
DAG File Processing Stats

File Path                                    PID    Runtime      # DAGs    # Errors  Last Runtime    Last Run
-------------------------------------------  -----  ---------  --------  ----------  --------------  -------------------
/opt/airflow/dags/youtube_monitoring_dag.py                           1           0  0.40s           2026-03-11T10:25:16
/opt/airflow/dags/youtube_trending_dag.py                             1           0  0.37s           2026-03-11T10:25:16
/opt/airflow/dags/youtube_analytics_dag.py                            1           0  1.09s           2026-03-11T10:25:26
/opt/airflow/dags/youtube_pipeline_dag.py                             1           0  0.52s           2026-03-11T10:25:18
================================================================================
[2026-03-11T10:26:13.010+0000] {manager.py:879} INFO - 
================================================================================
DAG File Processing Stats

File Path                                    PID    Runtime      # DAGs    # Errors  Last Runtime    Last Run
-------------------------------------------  -----  ---------  --------  ----------  --------------  -------------------
/opt/airflow/dags/youtube_monitoring_dag.py                           1           0  0.45s           2026-03-11T10:25:47
/opt/airflow/dags/youtube_trending_dag.py                             1           0  0.43s           2026-03-11T10:25:47
/opt/airflow/dags/youtube_analytics_dag.py                            1           0  1.49s           2026-03-11T10:25:59
/opt/airflow/dags/youtube_pipeline_dag.py                             1           0  0.33s           2026-03-11T10:25:49
================================================================================
[2026-03-11T10:26:43.209+0000] {manager.py:879} INFO - 
================================================================================
DAG File Processing Stats

File Path                                    PID    Runtime      # DAGs    # Errors  Last Runtime    Last Run
-------------------------------------------  -----  ---------  --------  ----------  --------------  -------------------
/opt/airflow/dags/youtube_monitoring_dag.py                           1           0  0.42s           2026-03-11T10:26:18
/opt/airflow/dags/youtube_trending_dag.py                             1           0  0.37s           2026-03-11T10:26:18
/opt/airflow/dags/youtube_analytics_dag.py                            1           0  1.25s           2026-03-11T10:26:30
/opt/airflow/dags/youtube_pipeline_dag.py                             1           0  0.67s           2026-03-11T10:26:20
================================================================================
[2026-03-11T10:27:09.945+0000] {manager.py:738} INFO - Searching for files in /opt/airflow/dags
[2026-03-11T10:27:09.970+0000] {manager.py:741} INFO - There are 4 files in /opt/airflow/dags
[2026-03-11T10:27:14.024+0000] {manager.py:879} INFO - 
================================================================================
DAG File Processing Stats

File Path                                    PID    Runtime      # DAGs    # Errors  Last Runtime    Last Run
-------------------------------------------  -----  ---------  --------  ----------  --------------  -------------------
/opt/airflow/dags/youtube_monitoring_dag.py                           1           0  0.45s           2026-03-11T10:26:49
/opt/airflow/dags/youtube_trending_dag.py                             1           0  0.44s           2026-03-11T10:26:49
/opt/airflow/dags/youtube_analytics_dag.py                            1           0  1.03s           2026-03-11T10:27:01
/opt/airflow/dags/youtube_pipeline_dag.py                             1           0  0.47s           2026-03-11T10:26:52
================================================================================
[2026-03-11T10:27:44.139+0000] {manager.py:879} INFO - 
================================================================================
DAG File Processing Stats

File Path                                    PID    Runtime      # DAGs    # Errors  Last Runtime    Last Run
-------------------------------------------  -----  ---------  --------  ----------  --------------  -------------------
/opt/airflow/dags/youtube_monitoring_dag.py                           1           0  0.49s           2026-03-11T10:27:20
/opt/airflow/dags/youtube_trending_dag.py                             1           0  0.44s           2026-03-11T10:27:20
/opt/airflow/dags/youtube_analytics_dag.py                            1           0  1.20s           2026-03-11T10:27:33
/opt/airflow/dags/youtube_pipeline_dag.py                             1           0  0.36s           2026-03-11T10:27:22
================================================================================
[2026-03-11T10:28:14.420+0000] {manager.py:879} INFO - 
================================================================================
DAG File Processing Stats

File Path                                    PID    Runtime      # DAGs    # Errors  Last Runtime    Last Run
-------------------------------------------  -----  ---------  --------  ----------  --------------  -------------------
/opt/airflow/dags/youtube_monitoring_dag.py                           1           0  0.45s           2026-03-11T10:27:51
/opt/airflow/dags/youtube_trending_dag.py                             1           0  0.43s           2026-03-11T10:27:51
/opt/airflow/dags/youtube_analytics_dag.py                            1           0  1.44s           2026-03-11T10:28:05
/opt/airflow/dags/youtube_pipeline_dag.py                             1           0  0.39s           2026-03-11T10:27:53
================================================================================
[2026-03-11T10:28:44.855+0000] {manager.py:879} INFO - 
================================================================================
DAG File Processing Stats

File Path                                    PID    Runtime      # DAGs    # Errors  Last Runtime    Last Run
-------------------------------------------  -----  ---------  --------  ----------  --------------  -------------------
/opt/airflow/dags/youtube_monitoring_dag.py                           1           0  0.40s           2026-03-11T10:28:22
/opt/airflow/dags/youtube_trending_dag.py                             1           0  0.39s           2026-03-11T10:28:22
/opt/airflow/dags/youtube_analytics_dag.py                            1           0  1.11s           2026-03-11T10:28:36
/opt/airflow/dags/youtube_pipeline_dag.py                             1           0  0.42s           2026-03-11T10:28:25
================================================================================
[2026-03-11T10:29:15.544+0000] {manager.py:879} INFO - 
================================================================================
DAG File Processing Stats

File Path                                    PID    Runtime      # DAGs    # Errors  Last Runtime    Last Run
-------------------------------------------  -----  ---------  --------  ----------  --------------  -------------------
/opt/airflow/dags/youtube_monitoring_dag.py                           1           0  0.40s           2026-03-11T10:28:53
/opt/airflow/dags/youtube_trending_dag.py                             1           0  0.38s           2026-03-11T10:28:53
/opt/airflow/dags/youtube_analytics_dag.py                            1           0  1.31s           2026-03-11T10:29:08
/opt/airflow/dags/youtube_pipeline_dag.py                             1           0  0.38s           2026-03-11T10:28:55
================================================================================
[2026-03-11T10:29:45.642+0000] {manager.py:879} INFO - 
================================================================================
DAG File Processing Stats

File Path                                    PID    Runtime      # DAGs    # Errors  Last Runtime    Last Run
-------------------------------------------  -----  ---------  --------  ----------  --------------  -------------------
/opt/airflow/dags/youtube_monitoring_dag.py                           1           0  0.42s           2026-03-11T10:29:24
/opt/airflow/dags/youtube_trending_dag.py                             1           0  0.42s           2026-03-11T10:29:24
/opt/airflow/dags/youtube_analytics_dag.py                            1           0  1.01s           2026-03-11T10:29:40
/opt/airflow/dags/youtube_pipeline_dag.py                             1           0  0.39s           2026-03-11T10:29:26
================================================================================
[2026-03-11T10:30:16.061+0000] {manager.py:879} INFO - 
================================================================================
DAG File Processing Stats

File Path                                    PID    Runtime      # DAGs    # Errors  Last Runtime    Last Run
-------------------------------------------  -----  ---------  --------  ----------  --------------  -------------------
/opt/airflow/dags/youtube_monitoring_dag.py                           1           0  0.48s           2026-03-11T10:29:54
/opt/airflow/dags/youtube_trending_dag.py                             1           0  0.45s           2026-03-11T10:29:54
/opt/airflow/dags/youtube_analytics_dag.py                            1           0  0.96s           2026-03-11T10:30:11
/opt/airflow/dags/youtube_pipeline_dag.py                             1           0  0.29s           2026-03-11T10:29:57
================================================================================
[2026-03-11T10:30:46.213+0000] {manager.py:879} INFO - 
================================================================================
DAG File Processing Stats

File Path                                    PID    Runtime      # DAGs    # Errors  Last Runtime    Last Run
-------------------------------------------  -----  ---------  --------  ----------  --------------  -------------------
/opt/airflow/dags/youtube_monitoring_dag.py                           1           0  0.44s           2026-03-11T10:30:25
/opt/airflow/dags/youtube_trending_dag.py                             1           0  0.43s           2026-03-11T10:30:25
/opt/airflow/dags/youtube_analytics_dag.py                            1           0  1.02s           2026-03-11T10:30:42
/opt/airflow/dags/youtube_pipeline_dag.py                             1           0  0.42s           2026-03-11T10:30:28
================================================================================
[2026-03-11T10:31:16.865+0000] {manager.py:879} INFO - 
================================================================================
DAG File Processing Stats

File Path                                    PID    Runtime      # DAGs    # Errors  Last Runtime    Last Run
-------------------------------------------  -----  ---------  --------  ----------  --------------  -------------------
/opt/airflow/dags/youtube_monitoring_dag.py                           1           0  0.38s           2026-03-11T10:30:56
/opt/airflow/dags/youtube_trending_dag.py                             1           0  0.37s           2026-03-11T10:30:56
/opt/airflow/dags/youtube_analytics_dag.py                            1           0  1.23s           2026-03-11T10:31:14
/opt/airflow/dags/youtube_pipeline_dag.py                             1           0  0.39s           2026-03-11T10:30:58
================================================================================
[2026-03-11T10:31:47.189+0000] {manager.py:879} INFO - 
================================================================================
DAG File Processing Stats

File Path                                    PID    Runtime      # DAGs    # Errors  Last Runtime    Last Run
-------------------------------------------  -----  ---------  --------  ----------  --------------  -------------------
/opt/airflow/dags/youtube_monitoring_dag.py                           1           0  0.42s           2026-03-11T10:31:27
/opt/airflow/dags/youtube_trending_dag.py                             1           0  0.40s           2026-03-11T10:31:27
/opt/airflow/dags/youtube_analytics_dag.py                            1           0  1.60s           2026-03-11T10:31:46
/opt/airflow/dags/youtube_pipeline_dag.py                             1           0  0.47s           2026-03-11T10:31:29
================================================================================
[2026-03-11T10:32:10.445+0000] {manager.py:738} INFO - Searching for files in /opt/airflow/dags
[2026-03-11T10:32:10.530+0000] {manager.py:741} INFO - There are 4 files in /opt/airflow/dags
[2026-03-11T10:32:17.627+0000] {manager.py:879} INFO - 
================================================================================
DAG File Processing Stats

File Path                                      PID  Runtime      # DAGs    # Errors  Last Runtime    Last Run
-------------------------------------------  -----  ---------  --------  ----------  --------------  -------------------
/opt/airflow/dags/youtube_monitoring_dag.py                           1           0  0.41s           2026-03-11T10:31:58
/opt/airflow/dags/youtube_trending_dag.py                             1           0  0.40s           2026-03-11T10:31:58
/opt/airflow/dags/youtube_analytics_dag.py     582  1.02s             1           0  1.60s           2026-03-11T10:31:46
/opt/airflow/dags/youtube_pipeline_dag.py                             1           0  0.39s           2026-03-11T10:32:00
================================================================================
[2026-03-11T10:32:47.633+0000] {manager.py:879} INFO - 
================================================================================
DAG File Processing Stats

File Path                                    PID    Runtime      # DAGs    # Errors  Last Runtime    Last Run
-------------------------------------------  -----  ---------  --------  ----------  --------------  -------------------
/opt/airflow/dags/youtube_monitoring_dag.py                           1           0  0.47s           2026-03-11T10:32:29
/opt/airflow/dags/youtube_trending_dag.py                             1           0  0.43s           2026-03-11T10:32:29
/opt/airflow/dags/youtube_analytics_dag.py                            1           0  1.59s           2026-03-11T10:32:18
/opt/airflow/dags/youtube_pipeline_dag.py                             1           0  0.30s           2026-03-11T10:32:31
================================================================================
[2026-03-11T10:33:17.725+0000] {manager.py:879} INFO - 
================================================================================
DAG File Processing Stats

File Path                                    PID    Runtime      # DAGs    # Errors  Last Runtime    Last Run
-------------------------------------------  -----  ---------  --------  ----------  --------------  -------------------
/opt/airflow/dags/youtube_monitoring_dag.py                           1           0  0.34s           2026-03-11T10:33:00
/opt/airflow/dags/youtube_trending_dag.py                             1           0  0.36s           2026-03-11T10:33:00
/opt/airflow/dags/youtube_analytics_dag.py                            1           0  1.13s           2026-03-11T10:32:49
/opt/airflow/dags/youtube_pipeline_dag.py                             1           0  0.45s           2026-03-11T10:33:02
================================================================================
[2026-03-11T10:33:48.085+0000] {manager.py:879} INFO - 
================================================================================
DAG File Processing Stats

File Path                                    PID    Runtime      # DAGs    # Errors  Last Runtime    Last Run
-------------------------------------------  -----  ---------  --------  ----------  --------------  -------------------
/opt/airflow/dags/youtube_monitoring_dag.py                           1           0  0.36s           2026-03-11T10:33:30
/opt/airflow/dags/youtube_trending_dag.py                             1           0  0.38s           2026-03-11T10:33:30
/opt/airflow/dags/youtube_analytics_dag.py                            1           0  1.02s           2026-03-11T10:33:21
/opt/airflow/dags/youtube_pipeline_dag.py                             1           0  0.44s           2026-03-11T10:33:33
================================================================================
[2026-03-11T10:34:18.749+0000] {manager.py:879} INFO - 
================================================================================
DAG File Processing Stats

File Path                                    PID    Runtime      # DAGs    # Errors  Last Runtime    Last Run
-------------------------------------------  -----  ---------  --------  ----------  --------------  -------------------
/opt/airflow/dags/youtube_monitoring_dag.py                           1           0  0.47s           2026-03-11T10:34:01
/opt/airflow/dags/youtube_trending_dag.py                             1           0  0.43s           2026-03-11T10:34:01
/opt/airflow/dags/youtube_analytics_dag.py                            1           0  1.44s           2026-03-11T10:33:52
/opt/airflow/dags/youtube_pipeline_dag.py                             1           0  0.28s           2026-03-11T10:34:03
================================================================================
[2026-03-11T10:34:49.320+0000] {manager.py:879} INFO - 
================================================================================
DAG File Processing Stats

File Path                                    PID    Runtime      # DAGs    # Errors  Last Runtime    Last Run
-------------------------------------------  -----  ---------  --------  ----------  --------------  -------------------
/opt/airflow/dags/youtube_monitoring_dag.py                           1           0  0.49s           2026-03-11T10:34:32
/opt/airflow/dags/youtube_trending_dag.py                             1           0  0.44s           2026-03-11T10:34:32
/opt/airflow/dags/youtube_analytics_dag.py                            1           0  1.07s           2026-03-11T10:34:24
/opt/airflow/dags/youtube_pipeline_dag.py                             1           0  0.36s           2026-03-11T10:34:34
================================================================================
[2026-03-11T10:35:19.355+0000] {manager.py:879} INFO - 
================================================================================
DAG File Processing Stats

File Path                                    PID    Runtime      # DAGs    # Errors  Last Runtime    Last Run
-------------------------------------------  -----  ---------  --------  ----------  --------------  -------------------
/opt/airflow/dags/youtube_monitoring_dag.py                           1           0  0.47s           2026-03-11T10:35:03
/opt/airflow/dags/youtube_trending_dag.py                             1           0  0.41s           2026-03-11T10:35:03
/opt/airflow/dags/youtube_analytics_dag.py                            1           0  2.19s           2026-03-11T10:34:56
/opt/airflow/dags/youtube_pipeline_dag.py                             1           0  0.48s           2026-03-11T10:35:05
================================================================================
[2026-03-11T10:35:49.535+0000] {manager.py:879} INFO - 
================================================================================
DAG File Processing Stats

File Path                                    PID    Runtime      # DAGs    # Errors  Last Runtime    Last Run
-------------------------------------------  -----  ---------  --------  ----------  --------------  -------------------
/opt/airflow/dags/youtube_monitoring_dag.py                           1           0  0.71s           2026-03-11T10:35:34
/opt/airflow/dags/youtube_trending_dag.py                             1           0  0.65s           2026-03-11T10:35:34
/opt/airflow/dags/youtube_analytics_dag.py                            1           0  1.73s           2026-03-11T10:35:28
/opt/airflow/dags/youtube_pipeline_dag.py                             1           0  0.67s           2026-03-11T10:35:36
================================================================================
[2026-03-11T10:36:19.655+0000] {manager.py:879} INFO - 
================================================================================
DAG File Processing Stats

File Path                                    PID    Runtime      # DAGs    # Errors  Last Runtime    Last Run
-------------------------------------------  -----  ---------  --------  ----------  --------------  -------------------
/opt/airflow/dags/youtube_monitoring_dag.py                           1           0  0.58s           2026-03-11T10:36:04
/opt/airflow/dags/youtube_trending_dag.py                             1           0  0.55s           2026-03-11T10:36:04
/opt/airflow/dags/youtube_analytics_dag.py                            1           0  2.57s           2026-03-11T10:36:01
/opt/airflow/dags/youtube_pipeline_dag.py                             1           0  0.55s           2026-03-11T10:36:08
================================================================================
[2026-03-11T10:36:50.298+0000] {manager.py:879} INFO - 
================================================================================
DAG File Processing Stats

File Path                                    PID    Runtime      # DAGs    # Errors  Last Runtime    Last Run
-------------------------------------------  -----  ---------  --------  ----------  --------------  -------------------
/opt/airflow/dags/youtube_monitoring_dag.py                           1           0  0.51s           2026-03-11T10:36:35
/opt/airflow/dags/youtube_trending_dag.py                             1           0  0.51s           2026-03-11T10:36:35
/opt/airflow/dags/youtube_analytics_dag.py                            1           0  1.23s           2026-03-11T10:36:33
/opt/airflow/dags/youtube_pipeline_dag.py                             1           0  0.59s           2026-03-11T10:36:39
================================================================================
[2026-03-11T10:37:10.650+0000] {manager.py:738} INFO - Searching for files in /opt/airflow/dags
[2026-03-11T10:37:10.685+0000] {manager.py:741} INFO - There are 4 files in /opt/airflow/dags
[2026-03-11T10:37:20.821+0000] {manager.py:879} INFO - 
================================================================================
DAG File Processing Stats

File Path                                    PID    Runtime      # DAGs    # Errors  Last Runtime    Last Run
-------------------------------------------  -----  ---------  --------  ----------  --------------  -------------------
/opt/airflow/dags/youtube_monitoring_dag.py                           1           0  0.44s           2026-03-11T10:37:06
/opt/airflow/dags/youtube_trending_dag.py                             1           0  0.44s           2026-03-11T10:37:06
/opt/airflow/dags/youtube_analytics_dag.py                            1           0  1.67s           2026-03-11T10:37:05
/opt/airflow/dags/youtube_pipeline_dag.py                             1           0  0.45s           2026-03-11T10:37:10
================================================================================
[2026-03-11T10:37:50.991+0000] {manager.py:879} INFO - 
================================================================================
DAG File Processing Stats

File Path                                    PID    Runtime      # DAGs    # Errors  Last Runtime    Last Run
-------------------------------------------  -----  ---------  --------  ----------  --------------  -------------------
/opt/airflow/dags/youtube_monitoring_dag.py                           1           0  0.48s           2026-03-11T10:37:37
/opt/airflow/dags/youtube_trending_dag.py                             1           0  0.45s           2026-03-11T10:37:37
/opt/airflow/dags/youtube_analytics_dag.py                            1           0  1.62s           2026-03-11T10:37:36
/opt/airflow/dags/youtube_pipeline_dag.py                             1           0  0.43s           2026-03-11T10:37:40
================================================================================
[2026-03-11T10:38:21.598+0000] {manager.py:879} INFO - 
================================================================================
DAG File Processing Stats

File Path                                    PID    Runtime      # DAGs    # Errors  Last Runtime    Last Run
-------------------------------------------  -----  ---------  --------  ----------  --------------  -------------------
/opt/airflow/dags/youtube_monitoring_dag.py                           1           0  0.51s           2026-03-11T10:38:08
/opt/airflow/dags/youtube_trending_dag.py                             1           0  0.55s           2026-03-11T10:38:08
/opt/airflow/dags/youtube_analytics_dag.py                            1           0  2.32s           2026-03-11T10:38:09
/opt/airflow/dags/youtube_pipeline_dag.py                             1           0  0.51s           2026-03-11T10:38:11
================================================================================
[2026-03-11T10:38:51.953+0000] {manager.py:879} INFO - 
================================================================================
DAG File Processing Stats

File Path                                    PID    Runtime      # DAGs    # Errors  Last Runtime    Last Run
-------------------------------------------  -----  ---------  --------  ----------  --------------  -------------------
/opt/airflow/dags/youtube_monitoring_dag.py                           1           0  0.54s           2026-03-11T10:38:39
/opt/airflow/dags/youtube_trending_dag.py                             1           0  0.50s           2026-03-11T10:38:39
/opt/airflow/dags/youtube_analytics_dag.py                            1           0  1.67s           2026-03-11T10:38:41
/opt/airflow/dags/youtube_pipeline_dag.py                             1           0  0.47s           2026-03-11T10:38:42
================================================================================
[2026-03-11T10:39:22.684+0000] {manager.py:879} INFO - 
================================================================================
DAG File Processing Stats

File Path                                    PID    Runtime      # DAGs    # Errors  Last Runtime    Last Run
-------------------------------------------  -----  ---------  --------  ----------  --------------  -------------------
/opt/airflow/dags/youtube_monitoring_dag.py                           1           0  0.44s           2026-03-11T10:39:10
/opt/airflow/dags/youtube_trending_dag.py                             1           0  0.40s           2026-03-11T10:39:10
/opt/airflow/dags/youtube_analytics_dag.py                            1           0  1.99s           2026-03-11T10:39:13
/opt/airflow/dags/youtube_pipeline_dag.py                             1           0  0.45s           2026-03-11T10:39:13
================================================================================
[2026-03-11T10:39:52.969+0000] {manager.py:879} INFO - 
================================================================================
DAG File Processing Stats

File Path                                    PID    Runtime      # DAGs    # Errors  Last Runtime    Last Run
-------------------------------------------  -----  ---------  --------  ----------  --------------  -------------------
/opt/airflow/dags/youtube_monitoring_dag.py                           1           0  0.81s           2026-03-11T10:39:41
/opt/airflow/dags/youtube_trending_dag.py                             1           0  0.69s           2026-03-11T10:39:41
/opt/airflow/dags/youtube_analytics_dag.py                            1           0  2.51s           2026-03-11T10:39:46
/opt/airflow/dags/youtube_pipeline_dag.py                             1           0  0.60s           2026-03-11T10:39:44
================================================================================
[2026-03-11T10:40:23.625+0000] {manager.py:879} INFO - 
================================================================================
DAG File Processing Stats

File Path                                    PID    Runtime      # DAGs    # Errors  Last Runtime    Last Run
-------------------------------------------  -----  ---------  --------  ----------  --------------  -------------------
/opt/airflow/dags/youtube_monitoring_dag.py                           1           0  0.73s           2026-03-11T10:40:12
/opt/airflow/dags/youtube_trending_dag.py                             1           0  0.72s           2026-03-11T10:40:12
/opt/airflow/dags/youtube_analytics_dag.py                            1           0  2.18s           2026-03-11T10:40:18
/opt/airflow/dags/youtube_pipeline_dag.py                             1           0  0.51s           2026-03-11T10:40:15
================================================================================
[2026-03-11T10:40:54.191+0000] {manager.py:879} INFO - 
================================================================================
DAG File Processing Stats

File Path                                    PID    Runtime      # DAGs    # Errors  Last Runtime    Last Run
-------------------------------------------  -----  ---------  --------  ----------  --------------  -------------------
/opt/airflow/dags/youtube_monitoring_dag.py                           1           0  0.42s           2026-03-11T10:40:44
/opt/airflow/dags/youtube_trending_dag.py                             1           0  0.40s           2026-03-11T10:40:44
/opt/airflow/dags/youtube_analytics_dag.py                            1           0  1.78s           2026-03-11T10:40:51
/opt/airflow/dags/youtube_pipeline_dag.py                             1           0  0.40s           2026-03-11T10:40:46
================================================================================
[2026-03-11T10:41:24.822+0000] {manager.py:879} INFO - 
================================================================================
DAG File Processing Stats

File Path                                    PID    Runtime      # DAGs    # Errors  Last Runtime    Last Run
-------------------------------------------  -----  ---------  --------  ----------  --------------  -------------------
/opt/airflow/dags/youtube_monitoring_dag.py                           1           0  0.47s           2026-03-11T10:41:14
/opt/airflow/dags/youtube_trending_dag.py                             1           0  0.45s           2026-03-11T10:41:14
/opt/airflow/dags/youtube_analytics_dag.py                            1           0  1.84s           2026-03-11T10:41:23
/opt/airflow/dags/youtube_pipeline_dag.py                             1           0  0.42s           2026-03-11T10:41:17
================================================================================
[2026-03-11T10:41:55.016+0000] {manager.py:879} INFO - 
================================================================================
DAG File Processing Stats

File Path                                      PID  Runtime      # DAGs    # Errors  Last Runtime    Last Run
-------------------------------------------  -----  ---------  --------  ----------  --------------  -------------------
/opt/airflow/dags/youtube_monitoring_dag.py                           1           0  0.71s           2026-03-11T10:41:45
/opt/airflow/dags/youtube_trending_dag.py                             1           0  0.70s           2026-03-11T10:41:45
/opt/airflow/dags/youtube_analytics_dag.py     975  1.03s             1           0  1.84s           2026-03-11T10:41:23
/opt/airflow/dags/youtube_pipeline_dag.py                             1           0  0.72s           2026-03-11T10:41:48
================================================================================
[2026-03-11T10:42:11.201+0000] {manager.py:738} INFO - Searching for files in /opt/airflow/dags
[2026-03-11T10:42:11.248+0000] {manager.py:741} INFO - There are 4 files in /opt/airflow/dags
[2026-03-11T10:42:25.072+0000] {manager.py:879} INFO - 
================================================================================
DAG File Processing Stats

File Path                                    PID    Runtime      # DAGs    # Errors  Last Runtime    Last Run
-------------------------------------------  -----  ---------  --------  ----------  --------------  -------------------
/opt/airflow/dags/youtube_monitoring_dag.py                           1           0  0.55s           2026-03-11T10:42:16
/opt/airflow/dags/youtube_trending_dag.py                             1           0  0.54s           2026-03-11T10:42:16
/opt/airflow/dags/youtube_analytics_dag.py                            1           0  2.41s           2026-03-11T10:41:56
/opt/airflow/dags/youtube_pipeline_dag.py                             1           0  0.47s           2026-03-11T10:42:19
================================================================================
[2026-03-11T10:42:55.180+0000] {manager.py:879} INFO - 
================================================================================
DAG File Processing Stats

File Path                                    PID    Runtime      # DAGs    # Errors  Last Runtime    Last Run
-------------------------------------------  -----  ---------  --------  ----------  --------------  -------------------
/opt/airflow/dags/youtube_monitoring_dag.py                           1           0  0.45s           2026-03-11T10:42:47
/opt/airflow/dags/youtube_trending_dag.py                             1           0  0.43s           2026-03-11T10:42:47
/opt/airflow/dags/youtube_analytics_dag.py                            1           0  1.62s           2026-03-11T10:42:28
/opt/airflow/dags/youtube_pipeline_dag.py                             1           0  0.38s           2026-03-11T10:42:50
================================================================================
[2026-03-11T10:43:25.777+0000] {manager.py:879} INFO - 
================================================================================
DAG File Processing Stats

File Path                                    PID    Runtime      # DAGs    # Errors  Last Runtime    Last Run
-------------------------------------------  -----  ---------  --------  ----------  --------------  -------------------
/opt/airflow/dags/youtube_monitoring_dag.py                           1           0  0.63s           2026-03-11T10:43:18
/opt/airflow/dags/youtube_trending_dag.py                             1           0  0.60s           2026-03-11T10:43:18
/opt/airflow/dags/youtube_analytics_dag.py                            1           0  1.74s           2026-03-11T10:43:00
/opt/airflow/dags/youtube_pipeline_dag.py                             1           0  0.53s           2026-03-11T10:43:20
================================================================================
[2026-03-11T10:43:56.120+0000] {manager.py:879} INFO - 
================================================================================
DAG File Processing Stats

File Path                                    PID    Runtime      # DAGs    # Errors  Last Runtime    Last Run
-------------------------------------------  -----  ---------  --------  ----------  --------------  -------------------
/opt/airflow/dags/youtube_monitoring_dag.py                           1           0  0.82s           2026-03-11T10:43:49
/opt/airflow/dags/youtube_trending_dag.py                             1           0  0.75s           2026-03-11T10:43:49
/opt/airflow/dags/youtube_analytics_dag.py                            1           0  2.23s           2026-03-11T10:43:33
/opt/airflow/dags/youtube_pipeline_dag.py                             1           0  0.68s           2026-03-11T10:43:51
================================================================================
[2026-03-11T10:44:26.925+0000] {manager.py:879} INFO - 
================================================================================
DAG File Processing Stats

File Path                                    PID    Runtime      # DAGs    # Errors  Last Runtime    Last Run
-------------------------------------------  -----  ---------  --------  ----------  --------------  -------------------
/opt/airflow/dags/youtube_monitoring_dag.py                           1           0  0.76s           2026-03-11T10:44:20
/opt/airflow/dags/youtube_trending_dag.py                             1           0  0.73s           2026-03-11T10:44:20
/opt/airflow/dags/youtube_analytics_dag.py                            1           0  3.02s           2026-03-11T10:44:06
/opt/airflow/dags/youtube_pipeline_dag.py                             1           0  0.92s           2026-03-11T10:44:22
================================================================================
[2026-03-11T10:44:57.120+0000] {manager.py:879} INFO - 
================================================================================
DAG File Processing Stats

File Path                                    PID    Runtime      # DAGs    # Errors  Last Runtime    Last Run
-------------------------------------------  -----  ---------  --------  ----------  --------------  -------------------
/opt/airflow/dags/youtube_monitoring_dag.py                           1           0  0.72s           2026-03-11T10:44:52
/opt/airflow/dags/youtube_trending_dag.py                             1           0  0.66s           2026-03-11T10:44:51
/opt/airflow/dags/youtube_analytics_dag.py                            1           0  2.97s           2026-03-11T10:44:40
/opt/airflow/dags/youtube_pipeline_dag.py                             1           0  0.75s           2026-03-11T10:44:53
================================================================================
[2026-03-11T10:45:27.470+0000] {manager.py:879} INFO - 
================================================================================
DAG File Processing Stats

File Path                                    PID    Runtime      # DAGs    # Errors  Last Runtime    Last Run
-------------------------------------------  -----  ---------  --------  ----------  --------------  -------------------
/opt/airflow/dags/youtube_monitoring_dag.py                           1           0  0.92s           2026-03-11T10:45:23
/opt/airflow/dags/youtube_trending_dag.py                             1           0  0.85s           2026-03-11T10:45:23
/opt/airflow/dags/youtube_analytics_dag.py                            1           0  3.37s           2026-03-11T10:45:13
/opt/airflow/dags/youtube_pipeline_dag.py                             1           0  0.84s           2026-03-11T10:45:25
================================================================================
[2026-03-11T10:45:58.040+0000] {manager.py:879} INFO - 
================================================================================
DAG File Processing Stats

File Path                                    PID    Runtime      # DAGs    # Errors  Last Runtime    Last Run
-------------------------------------------  -----  ---------  --------  ----------  --------------  -------------------
/opt/airflow/dags/youtube_monitoring_dag.py                           1           0  0.70s           2026-03-11T10:45:54
/opt/airflow/dags/youtube_trending_dag.py                             1           0  0.68s           2026-03-11T10:45:54
/opt/airflow/dags/youtube_analytics_dag.py                            1           0  2.88s           2026-03-11T10:45:46
/opt/airflow/dags/youtube_pipeline_dag.py                             1           0  0.56s           2026-03-11T10:45:56
================================================================================
[2026-03-11T10:46:28.350+0000] {manager.py:879} INFO - 
================================================================================
DAG File Processing Stats

File Path                                    PID    Runtime      # DAGs    # Errors  Last Runtime    Last Run
-------------------------------------------  -----  ---------  --------  ----------  --------------  -------------------
/opt/airflow/dags/youtube_monitoring_dag.py                           1           0  0.47s           2026-03-11T10:46:25
/opt/airflow/dags/youtube_trending_dag.py                             1           0  0.48s           2026-03-11T10:46:25
/opt/airflow/dags/youtube_analytics_dag.py                            1           0  2.38s           2026-03-11T10:46:19
/opt/airflow/dags/youtube_pipeline_dag.py                             1           0  0.56s           2026-03-11T10:46:26
================================================================================
[2026-03-11T10:46:58.657+0000] {manager.py:879} INFO - 
================================================================================
DAG File Processing Stats

File Path                                    PID    Runtime      # DAGs    # Errors  Last Runtime    Last Run
-------------------------------------------  -----  ---------  --------  ----------  --------------  -------------------
/opt/airflow/dags/youtube_monitoring_dag.py                           1           0  0.50s           2026-03-11T10:46:56
/opt/airflow/dags/youtube_trending_dag.py                             1           0  0.48s           2026-03-11T10:46:56
/opt/airflow/dags/youtube_analytics_dag.py                            1           0  1.69s           2026-03-11T10:46:51
/opt/airflow/dags/youtube_pipeline_dag.py                             1           0  0.48s           2026-03-11T10:46:57
================================================================================
[2026-03-11T10:47:11.260+0000] {manager.py:738} INFO - Searching for files in /opt/airflow/dags
[2026-03-11T10:47:11.302+0000] {manager.py:741} INFO - There are 4 files in /opt/airflow/dags
[2026-03-11T10:47:29.199+0000] {manager.py:879} INFO - 
================================================================================
DAG File Processing Stats

File Path                                    PID    Runtime      # DAGs    # Errors  Last Runtime    Last Run
-------------------------------------------  -----  ---------  --------  ----------  --------------  -------------------
/opt/airflow/dags/youtube_monitoring_dag.py                           1           0  0.60s           2026-03-11T10:47:27
/opt/airflow/dags/youtube_trending_dag.py                             1           0  0.58s           2026-03-11T10:47:27
/opt/airflow/dags/youtube_analytics_dag.py                            1           0  1.91s           2026-03-11T10:47:23
/opt/airflow/dags/youtube_pipeline_dag.py                             1           0  0.47s           2026-03-11T10:47:28
================================================================================
[2026-03-11T10:47:59.646+0000] {manager.py:879} INFO - 
================================================================================
DAG File Processing Stats

File Path                                    PID    Runtime      # DAGs    # Errors  Last Runtime    Last Run
-------------------------------------------  -----  ---------  --------  ----------  --------------  -------------------
/opt/airflow/dags/youtube_monitoring_dag.py                           1           0  0.56s           2026-03-11T10:47:58
/opt/airflow/dags/youtube_trending_dag.py                             1           0  0.55s           2026-03-11T10:47:58
/opt/airflow/dags/youtube_analytics_dag.py                            1           0  1.95s           2026-03-11T10:47:56
/opt/airflow/dags/youtube_pipeline_dag.py                             1           0  0.59s           2026-03-11T10:47:59
================================================================================
[2026-03-11T10:48:29.998+0000] {manager.py:879} INFO - 
================================================================================
DAG File Processing Stats

File Path                                      PID  Runtime      # DAGs    # Errors  Last Runtime    Last Run
-------------------------------------------  -----  ---------  --------  ----------  --------------  -------------------
/opt/airflow/dags/youtube_monitoring_dag.py                           1           0  0.52s           2026-03-11T10:48:29
/opt/airflow/dags/youtube_trending_dag.py                             1           0  0.49s           2026-03-11T10:48:29
/opt/airflow/dags/youtube_analytics_dag.py                            1           0  1.49s           2026-03-11T10:48:27
/opt/airflow/dags/youtube_pipeline_dag.py     1243  0.01s             1           0  0.59s           2026-03-11T10:47:59
================================================================================
[2026-03-11T10:49:00.061+0000] {manager.py:879} INFO - 
================================================================================
DAG File Processing Stats

File Path                                      PID  Runtime      # DAGs    # Errors  Last Runtime    Last Run
-------------------------------------------  -----  ---------  --------  ----------  --------------  -------------------
/opt/airflow/dags/youtube_monitoring_dag.py                           1           0  0.55s           2026-03-11T10:48:59
/opt/airflow/dags/youtube_trending_dag.py     1257  0.19s             1           0  0.49s           2026-03-11T10:48:29
/opt/airflow/dags/youtube_analytics_dag.py                            1           0  1.78s           2026-03-11T10:49:00
/opt/airflow/dags/youtube_pipeline_dag.py                             1           0  0.45s           2026-03-11T10:48:30
================================================================================
[2026-03-11T10:49:30.622+0000] {manager.py:879} INFO - 
================================================================================
DAG File Processing Stats

File Path                                      PID  Runtime      # DAGs    # Errors  Last Runtime    Last Run
-------------------------------------------  -----  ---------  --------  ----------  --------------  -------------------
/opt/airflow/dags/youtube_monitoring_dag.py   1269  0.04s             1           0  0.55s           2026-03-11T10:48:59
/opt/airflow/dags/youtube_trending_dag.py     1272  0.01s             1           0  0.40s           2026-03-11T10:49:00
/opt/airflow/dags/youtube_analytics_dag.py                            1           0  1.78s           2026-03-11T10:49:00
/opt/airflow/dags/youtube_pipeline_dag.py                             1           0  0.42s           2026-03-11T10:49:01
================================================================================
[2026-03-11T10:50:01.035+0000] {manager.py:879} INFO - 
================================================================================
DAG File Processing Stats

File Path                                    PID    Runtime      # DAGs    # Errors  Last Runtime    Last Run
-------------------------------------------  -----  ---------  --------  ----------  --------------  -------------------
/opt/airflow/dags/youtube_monitoring_dag.py                           1           0  0.56s           2026-03-11T10:49:31
/opt/airflow/dags/youtube_trending_dag.py                             1           0  0.57s           2026-03-11T10:49:31
/opt/airflow/dags/youtube_analytics_dag.py                            1           0  1.60s           2026-03-11T10:49:32
/opt/airflow/dags/youtube_pipeline_dag.py                             1           0  0.49s           2026-03-11T10:49:32
================================================================================
[2026-03-11T10:50:31.663+0000] {manager.py:879} INFO - 
================================================================================
DAG File Processing Stats

File Path                                    PID    Runtime      # DAGs    # Errors  Last Runtime    Last Run
-------------------------------------------  -----  ---------  --------  ----------  --------------  -------------------
/opt/airflow/dags/youtube_monitoring_dag.py                           1           0  0.57s           2026-03-11T10:50:02
/opt/airflow/dags/youtube_trending_dag.py                             1           0  0.55s           2026-03-11T10:50:02
/opt/airflow/dags/youtube_analytics_dag.py                            1           0  2.13s           2026-03-11T10:50:05
/opt/airflow/dags/youtube_pipeline_dag.py                             1           0  0.61s           2026-03-11T10:50:03
================================================================================
[2026-03-11T10:51:02.022+0000] {manager.py:879} INFO - 
================================================================================
DAG File Processing Stats

File Path                                    PID    Runtime      # DAGs    # Errors  Last Runtime    Last Run
-------------------------------------------  -----  ---------  --------  ----------  --------------  -------------------
/opt/airflow/dags/youtube_monitoring_dag.py                           1           0  0.57s           2026-03-11T10:50:33
/opt/airflow/dags/youtube_trending_dag.py                             1           0  0.53s           2026-03-11T10:50:33
/opt/airflow/dags/youtube_analytics_dag.py                            1           0  1.97s           2026-03-11T10:50:37
/opt/airflow/dags/youtube_pipeline_dag.py                             1           0  0.60s           2026-03-11T10:50:34
================================================================================
[2026-03-11T10:51:32.328+0000] {manager.py:879} INFO - 
================================================================================
DAG File Processing Stats

File Path                                    PID    Runtime      # DAGs    # Errors  Last Runtime    Last Run
-------------------------------------------  -----  ---------  --------  ----------  --------------  -------------------
/opt/airflow/dags/youtube_monitoring_dag.py                           1           0  0.49s           2026-03-11T10:51:03
/opt/airflow/dags/youtube_trending_dag.py                             1           0  0.47s           2026-03-11T10:51:03
/opt/airflow/dags/youtube_analytics_dag.py                            1           0  2.30s           2026-03-11T10:51:10
/opt/airflow/dags/youtube_pipeline_dag.py                             1           0  0.58s           2026-03-11T10:51:06
================================================================================
[2026-03-11T10:52:02.769+0000] {manager.py:879} INFO - 
================================================================================
DAG File Processing Stats

File Path                                    PID    Runtime      # DAGs    # Errors  Last Runtime    Last Run
-------------------------------------------  -----  ---------  --------  ----------  --------------  -------------------
/opt/airflow/dags/youtube_monitoring_dag.py                           1           0  0.66s           2026-03-11T10:51:35
/opt/airflow/dags/youtube_trending_dag.py                             1           0  0.63s           2026-03-11T10:51:35
/opt/airflow/dags/youtube_analytics_dag.py                            1           0  1.98s           2026-03-11T10:51:42
/opt/airflow/dags/youtube_pipeline_dag.py                             1           0  0.58s           2026-03-11T10:51:36
================================================================================
[2026-03-11T10:52:11.453+0000] {manager.py:738} INFO - Searching for files in /opt/airflow/dags
[2026-03-11T10:52:11.490+0000] {manager.py:741} INFO - There are 4 files in /opt/airflow/dags
[2026-03-11T10:52:33.177+0000] {manager.py:879} INFO - 
================================================================================
DAG File Processing Stats

File Path                                    PID    Runtime      # DAGs    # Errors  Last Runtime    Last Run
-------------------------------------------  -----  ---------  --------  ----------  --------------  -------------------
/opt/airflow/dags/youtube_monitoring_dag.py                           1           0  0.48s           2026-03-11T10:52:06
/opt/airflow/dags/youtube_trending_dag.py                             1           0  0.44s           2026-03-11T10:52:06
/opt/airflow/dags/youtube_analytics_dag.py                            1           0  1.50s           2026-03-11T10:52:14
/opt/airflow/dags/youtube_pipeline_dag.py                             1           0  0.61s           2026-03-11T10:52:07
================================================================================
[2026-03-11T10:53:03.780+0000] {manager.py:879} INFO - 
================================================================================
DAG File Processing Stats

File Path                                    PID    Runtime      # DAGs    # Errors  Last Runtime    Last Run
-------------------------------------------  -----  ---------  --------  ----------  --------------  -------------------
/opt/airflow/dags/youtube_monitoring_dag.py                           1           0  0.41s           2026-03-11T10:52:37
/opt/airflow/dags/youtube_trending_dag.py                             1           0  0.40s           2026-03-11T10:52:37
/opt/airflow/dags/youtube_analytics_dag.py                            1           0  1.30s           2026-03-11T10:52:45
/opt/airflow/dags/youtube_pipeline_dag.py                             1           0  0.36s           2026-03-11T10:52:38
================================================================================
[2026-03-11T10:53:33.984+0000] {manager.py:879} INFO - 
================================================================================
DAG File Processing Stats

File Path                                    PID    Runtime      # DAGs    # Errors  Last Runtime    Last Run
-------------------------------------------  -----  ---------  --------  ----------  --------------  -------------------
/opt/airflow/dags/youtube_monitoring_dag.py                           1           0  0.48s           2026-03-11T10:53:08
/opt/airflow/dags/youtube_trending_dag.py                             1           0  0.46s           2026-03-11T10:53:08
/opt/airflow/dags/youtube_analytics_dag.py                            1           0  1.49s           2026-03-11T10:53:17
/opt/airflow/dags/youtube_pipeline_dag.py                             1           0  0.48s           2026-03-11T10:53:09
================================================================================
[2026-03-11T10:54:04.457+0000] {manager.py:879} INFO - 
================================================================================
DAG File Processing Stats

File Path                                    PID    Runtime      # DAGs    # Errors  Last Runtime    Last Run
-------------------------------------------  -----  ---------  --------  ----------  --------------  -------------------
/opt/airflow/dags/youtube_monitoring_dag.py                           1           0  0.39s           2026-03-11T10:53:38
/opt/airflow/dags/youtube_trending_dag.py                             1           0  0.37s           2026-03-11T10:53:38
/opt/airflow/dags/youtube_analytics_dag.py                            1           0  1.41s           2026-03-11T10:53:49
/opt/airflow/dags/youtube_pipeline_dag.py                             1           0  0.37s           2026-03-11T10:53:40
================================================================================
[2026-03-11T10:54:34.719+0000] {manager.py:879} INFO - 
================================================================================
DAG File Processing Stats

File Path                                    PID    Runtime      # DAGs    # Errors  Last Runtime    Last Run
-------------------------------------------  -----  ---------  --------  ----------  --------------  -------------------
/opt/airflow/dags/youtube_monitoring_dag.py                           1           0  0.35s           2026-03-11T10:54:09
/opt/airflow/dags/youtube_trending_dag.py                             1           0  0.32s           2026-03-11T10:54:09
/opt/airflow/dags/youtube_analytics_dag.py                            1           0  0.98s           2026-03-11T10:54:20
/opt/airflow/dags/youtube_pipeline_dag.py                             1           0  0.25s           2026-03-11T10:54:10
================================================================================
[2026-03-11T10:55:05.217+0000] {manager.py:879} INFO - 
================================================================================
DAG File Processing Stats

File Path                                    PID    Runtime      # DAGs    # Errors  Last Runtime    Last Run
-------------------------------------------  -----  ---------  --------  ----------  --------------  -------------------
/opt/airflow/dags/youtube_monitoring_dag.py                           1           0  0.37s           2026-03-11T10:54:40
/opt/airflow/dags/youtube_trending_dag.py                             1           0  0.33s           2026-03-11T10:54:40
/opt/airflow/dags/youtube_analytics_dag.py                            1           0  1.55s           2026-03-11T10:54:53
/opt/airflow/dags/youtube_pipeline_dag.py                             1           0  0.33s           2026-03-11T10:54:41
================================================================================
[2026-03-11T10:55:35.987+0000] {manager.py:879} INFO - 
================================================================================
DAG File Processing Stats

File Path                                    PID    Runtime      # DAGs    # Errors  Last Runtime    Last Run
-------------------------------------------  -----  ---------  --------  ----------  --------------  -------------------
/opt/airflow/dags/youtube_monitoring_dag.py                           1           0  0.56s           2026-03-11T10:55:11
/opt/airflow/dags/youtube_trending_dag.py                             1           0  0.56s           2026-03-11T10:55:11
/opt/airflow/dags/youtube_analytics_dag.py                            1           0  1.55s           2026-03-11T10:55:24
/opt/airflow/dags/youtube_pipeline_dag.py                             1           0  0.42s           2026-03-11T10:55:12
================================================================================
[2026-03-11T10:56:06.726+0000] {manager.py:879} INFO - 
================================================================================
DAG File Processing Stats

File Path                                    PID    Runtime      # DAGs    # Errors  Last Runtime    Last Run
-------------------------------------------  -----  ---------  --------  ----------  --------------  -------------------
/opt/airflow/dags/youtube_monitoring_dag.py                           1           0  0.43s           2026-03-11T10:55:42
/opt/airflow/dags/youtube_trending_dag.py                             1           0  0.39s           2026-03-11T10:55:42
/opt/airflow/dags/youtube_analytics_dag.py                            1           0  1.21s           2026-03-11T10:55:56
/opt/airflow/dags/youtube_pipeline_dag.py                             1           0  0.37s           2026-03-11T10:55:43
================================================================================
[2026-03-11T10:56:37.639+0000] {manager.py:879} INFO - 
================================================================================
DAG File Processing Stats

File Path                                    PID    Runtime      # DAGs    # Errors  Last Runtime    Last Run
-------------------------------------------  -----  ---------  --------  ----------  --------------  -------------------
/opt/airflow/dags/youtube_monitoring_dag.py                           1           0  0.45s           2026-03-11T10:56:13
/opt/airflow/dags/youtube_trending_dag.py                             1           0  0.44s           2026-03-11T10:56:13
/opt/airflow/dags/youtube_analytics_dag.py                            1           0  1.99s           2026-03-11T10:56:29
/opt/airflow/dags/youtube_pipeline_dag.py                             1           0  0.43s           2026-03-11T10:56:14
================================================================================
[2026-03-11T10:57:08.423+0000] {manager.py:879} INFO - 
================================================================================
DAG File Processing Stats

File Path                                    PID    Runtime      # DAGs    # Errors  Last Runtime    Last Run
-------------------------------------------  -----  ---------  --------  ----------  --------------  -------------------
/opt/airflow/dags/youtube_monitoring_dag.py                           1           0  0.43s           2026-03-11T10:56:44
/opt/airflow/dags/youtube_trending_dag.py                             1           0  0.42s           2026-03-11T10:56:44
/opt/airflow/dags/youtube_analytics_dag.py                            1           0  1.67s           2026-03-11T10:57:01
/opt/airflow/dags/youtube_pipeline_dag.py                             1           0  0.41s           2026-03-11T10:56:45
================================================================================
[2026-03-11T10:57:11.596+0000] {manager.py:738} INFO - Searching for files in /opt/airflow/dags
[2026-03-11T10:57:11.625+0000] {manager.py:741} INFO - There are 4 files in /opt/airflow/dags
[2026-03-11T10:57:38.753+0000] {manager.py:879} INFO - 
================================================================================
DAG File Processing Stats

File Path                                    PID    Runtime      # DAGs    # Errors  Last Runtime    Last Run
-------------------------------------------  -----  ---------  --------  ----------  --------------  -------------------
/opt/airflow/dags/youtube_monitoring_dag.py                           1           0  0.53s           2026-03-11T10:57:15
/opt/airflow/dags/youtube_trending_dag.py                             1           0  0.51s           2026-03-11T10:57:15
/opt/airflow/dags/youtube_analytics_dag.py                            1           0  1.52s           2026-03-11T10:57:33
/opt/airflow/dags/youtube_pipeline_dag.py                             1           0  0.39s           2026-03-11T10:57:16
================================================================================
[2026-03-11T10:58:08.966+0000] {manager.py:879} INFO - 
================================================================================
DAG File Processing Stats

File Path                                    PID    Runtime      # DAGs    # Errors  Last Runtime    Last Run
-------------------------------------------  -----  ---------  --------  ----------  --------------  -------------------
/opt/airflow/dags/youtube_monitoring_dag.py                           1           0  0.46s           2026-03-11T10:57:45
/opt/airflow/dags/youtube_trending_dag.py                             1           0  0.45s           2026-03-11T10:57:45
/opt/airflow/dags/youtube_analytics_dag.py                            1           0  1.02s           2026-03-11T10:58:04
/opt/airflow/dags/youtube_pipeline_dag.py                             1           0  0.39s           2026-03-11T10:57:47
================================================================================
[2026-03-11T10:58:39.232+0000] {manager.py:879} INFO - 
================================================================================
DAG File Processing Stats

File Path                                    PID    Runtime      # DAGs    # Errors  Last Runtime    Last Run
-------------------------------------------  -----  ---------  --------  ----------  --------------  -------------------
/opt/airflow/dags/youtube_monitoring_dag.py                           1           0  0.41s           2026-03-11T10:58:16
/opt/airflow/dags/youtube_trending_dag.py                             1           0  0.43s           2026-03-11T10:58:16
/opt/airflow/dags/youtube_analytics_dag.py                            1           0  1.41s           2026-03-11T10:58:36
/opt/airflow/dags/youtube_pipeline_dag.py                             1           0  0.46s           2026-03-11T10:58:18
================================================================================
[2026-03-11T10:59:09.743+0000] {manager.py:879} INFO - 
================================================================================
DAG File Processing Stats

File Path                                    PID    Runtime      # DAGs    # Errors  Last Runtime    Last Run
-------------------------------------------  -----  ---------  --------  ----------  --------------  -------------------
/opt/airflow/dags/youtube_monitoring_dag.py                           1           0  0.49s           2026-03-11T10:58:47
/opt/airflow/dags/youtube_trending_dag.py                             1           0  0.47s           2026-03-11T10:58:47
/opt/airflow/dags/youtube_analytics_dag.py                            1           0  1.06s           2026-03-11T10:59:07
/opt/airflow/dags/youtube_pipeline_dag.py                             1           0  0.35s           2026-03-11T10:58:48
================================================================================
[2026-03-11T10:59:40.212+0000] {manager.py:879} INFO - 
================================================================================
DAG File Processing Stats

File Path                                    PID    Runtime      # DAGs    # Errors  Last Runtime    Last Run
-------------------------------------------  -----  ---------  --------  ----------  --------------  -------------------
/opt/airflow/dags/youtube_monitoring_dag.py                           1           0  0.43s           2026-03-11T10:59:18
/opt/airflow/dags/youtube_trending_dag.py                             1           0  0.41s           2026-03-11T10:59:18
/opt/airflow/dags/youtube_analytics_dag.py                            1           0  1.78s           2026-03-11T10:59:40
/opt/airflow/dags/youtube_pipeline_dag.py                             1           0  0.42s           2026-03-11T10:59:19
================================================================================
[2026-03-11T11:00:10.358+0000] {manager.py:879} INFO - 
================================================================================
DAG File Processing Stats

File Path                                      PID  Runtime      # DAGs    # Errors  Last Runtime    Last Run
-------------------------------------------  -----  ---------  --------  ----------  --------------  -------------------
/opt/airflow/dags/youtube_monitoring_dag.py                           1           0  0.41s           2026-03-11T10:59:48
/opt/airflow/dags/youtube_trending_dag.py                             1           0  0.41s           2026-03-11T10:59:48
/opt/airflow/dags/youtube_analytics_dag.py    1704  0.01s             1           0  1.78s           2026-03-11T10:59:40
/opt/airflow/dags/youtube_pipeline_dag.py                             1           0  0.47s           2026-03-11T10:59:50
================================================================================
[2026-03-11T11:00:40.502+0000] {manager.py:879} INFO - 
================================================================================
DAG File Processing Stats

File Path                                    PID    Runtime      # DAGs    # Errors  Last Runtime    Last Run
-------------------------------------------  -----  ---------  --------  ----------  --------------  -------------------
/opt/airflow/dags/youtube_monitoring_dag.py                           1           0  0.43s           2026-03-11T11:00:19
/opt/airflow/dags/youtube_trending_dag.py                             1           0  0.42s           2026-03-11T11:00:19
/opt/airflow/dags/youtube_analytics_dag.py                            1           0  1.49s           2026-03-11T11:00:11
/opt/airflow/dags/youtube_pipeline_dag.py                             1           0  0.31s           2026-03-11T11:00:20
================================================================================
[2026-03-11T11:01:10.584+0000] {manager.py:879} INFO - 
================================================================================
DAG File Processing Stats

File Path                                    PID    Runtime      # DAGs    # Errors  Last Runtime    Last Run
-------------------------------------------  -----  ---------  --------  ----------  --------------  -------------------
/opt/airflow/dags/youtube_monitoring_dag.py                           1           0  0.40s           2026-03-11T11:00:50
/opt/airflow/dags/youtube_trending_dag.py                             1           0  0.39s           2026-03-11T11:00:50
/opt/airflow/dags/youtube_analytics_dag.py                            1           0  1.12s           2026-03-11T11:00:43
/opt/airflow/dags/youtube_pipeline_dag.py                             1           0  0.46s           2026-03-11T11:00:51
================================================================================
[2026-03-11T11:01:40.829+0000] {manager.py:879} INFO - 
================================================================================
DAG File Processing Stats

File Path                                    PID    Runtime      # DAGs    # Errors  Last Runtime    Last Run
-------------------------------------------  -----  ---------  --------  ----------  --------------  -------------------
/opt/airflow/dags/youtube_monitoring_dag.py                           1           0  0.39s           2026-03-11T11:01:21
/opt/airflow/dags/youtube_trending_dag.py                             1           0  0.39s           2026-03-11T11:01:21
/opt/airflow/dags/youtube_analytics_dag.py                            1           0  1.12s           2026-03-11T11:01:14
/opt/airflow/dags/youtube_pipeline_dag.py                             1           0  0.30s           2026-03-11T11:01:22
================================================================================
[2026-03-11T11:02:11.435+0000] {manager.py:879} INFO - 
================================================================================
DAG File Processing Stats

File Path                                    PID    Runtime      # DAGs    # Errors  Last Runtime    Last Run
-------------------------------------------  -----  ---------  --------  ----------  --------------  -------------------
/opt/airflow/dags/youtube_monitoring_dag.py                           1           0  0.31s           2026-03-11T11:01:52
/opt/airflow/dags/youtube_trending_dag.py                             1           0  0.31s           2026-03-11T11:01:52
/opt/airflow/dags/youtube_analytics_dag.py                            1           0  0.96s           2026-03-11T11:01:45
/opt/airflow/dags/youtube_pipeline_dag.py                             1           0  0.29s           2026-03-11T11:01:53
================================================================================
[2026-03-11T11:02:11.611+0000] {manager.py:738} INFO - Searching for files in /opt/airflow/dags
[2026-03-11T11:02:11.643+0000] {manager.py:741} INFO - There are 4 files in /opt/airflow/dags
[2026-03-11T11:02:41.685+0000] {manager.py:879} INFO - 
================================================================================
DAG File Processing Stats

File Path                                    PID    Runtime      # DAGs    # Errors  Last Runtime    Last Run
-------------------------------------------  -----  ---------  --------  ----------  --------------  -------------------
/opt/airflow/dags/youtube_monitoring_dag.py                           1           0  0.35s           2026-03-11T11:02:23
/opt/airflow/dags/youtube_trending_dag.py                             1           0  0.35s           2026-03-11T11:02:23
/opt/airflow/dags/youtube_analytics_dag.py                            1           0  1.40s           2026-03-11T11:02:17
/opt/airflow/dags/youtube_pipeline_dag.py                             1           0  0.30s           2026-03-11T11:02:24
================================================================================
[2026-03-11T11:03:12.137+0000] {manager.py:879} INFO - 
================================================================================
DAG File Processing Stats

File Path                                    PID    Runtime      # DAGs    # Errors  Last Runtime    Last Run
-------------------------------------------  -----  ---------  --------  ----------  --------------  -------------------
/opt/airflow/dags/youtube_monitoring_dag.py                           1           0  0.48s           2026-03-11T11:02:53
/opt/airflow/dags/youtube_trending_dag.py                             1           0  0.46s           2026-03-11T11:02:53
/opt/airflow/dags/youtube_analytics_dag.py                            1           0  1.33s           2026-03-11T11:02:49
/opt/airflow/dags/youtube_pipeline_dag.py                             1           0  0.32s           2026-03-11T11:02:55
================================================================================
[2026-03-11T11:03:42.259+0000] {manager.py:879} INFO - 
================================================================================
DAG File Processing Stats

File Path                                    PID    Runtime      # DAGs    # Errors  Last Runtime    Last Run
-------------------------------------------  -----  ---------  --------  ----------  --------------  -------------------
/opt/airflow/dags/youtube_monitoring_dag.py                           1           0  0.42s           2026-03-11T11:03:24
/opt/airflow/dags/youtube_trending_dag.py                             1           0  0.43s           2026-03-11T11:03:24
/opt/airflow/dags/youtube_analytics_dag.py                            1           0  1.28s           2026-03-11T11:03:21
/opt/airflow/dags/youtube_pipeline_dag.py                             1           0  0.33s           2026-03-11T11:03:26
================================================================================
[2026-03-11T11:04:12.947+0000] {manager.py:879} INFO - 
================================================================================
DAG File Processing Stats

File Path                                    PID    Runtime      # DAGs    # Errors  Last Runtime    Last Run
-------------------------------------------  -----  ---------  --------  ----------  --------------  -------------------
/opt/airflow/dags/youtube_monitoring_dag.py                           1           0  0.40s           2026-03-11T11:03:55
/opt/airflow/dags/youtube_trending_dag.py                             1           0  0.40s           2026-03-11T11:03:55
/opt/airflow/dags/youtube_analytics_dag.py                            1           0  1.55s           2026-03-11T11:03:53
/opt/airflow/dags/youtube_pipeline_dag.py                             1           0  0.36s           2026-03-11T11:03:57
================================================================================
[2026-03-11T11:04:42.968+0000] {manager.py:879} INFO - 
================================================================================
DAG File Processing Stats

File Path                                    PID    Runtime      # DAGs    # Errors  Last Runtime    Last Run
-------------------------------------------  -----  ---------  --------  ----------  --------------  -------------------
/opt/airflow/dags/youtube_monitoring_dag.py                           1           0  0.38s           2026-03-11T11:04:26
/opt/airflow/dags/youtube_trending_dag.py                             1           0  0.37s           2026-03-11T11:04:26
/opt/airflow/dags/youtube_analytics_dag.py                            1           0  1.41s           2026-03-11T11:04:25
/opt/airflow/dags/youtube_pipeline_dag.py                             1           0  0.55s           2026-03-11T11:04:28
================================================================================
[2026-03-11T11:05:13.444+0000] {manager.py:879} INFO - 
================================================================================
DAG File Processing Stats

File Path                                    PID    Runtime      # DAGs    # Errors  Last Runtime    Last Run
-------------------------------------------  -----  ---------  --------  ----------  --------------  -------------------
/opt/airflow/dags/youtube_monitoring_dag.py                           1           0  0.94s           2026-03-11T11:04:57
/opt/airflow/dags/youtube_trending_dag.py                             1           0  0.75s           2026-03-11T11:04:58
/opt/airflow/dags/youtube_analytics_dag.py                            1           0  3.37s           2026-03-11T11:04:59
/opt/airflow/dags/youtube_pipeline_dag.py                             1           0  0.99s           2026-03-11T11:04:59
================================================================================
[2026-03-11T11:05:43.866+0000] {manager.py:879} INFO - 
================================================================================
DAG File Processing Stats

File Path                                    PID    Runtime      # DAGs    # Errors  Last Runtime    Last Run
-------------------------------------------  -----  ---------  --------  ----------  --------------  -------------------
/opt/airflow/dags/youtube_monitoring_dag.py                           1           0  0.80s           2026-03-11T11:05:28
/opt/airflow/dags/youtube_trending_dag.py                             1           0  0.83s           2026-03-11T11:05:29
/opt/airflow/dags/youtube_analytics_dag.py                            1           0  3.01s           2026-03-11T11:05:32
/opt/airflow/dags/youtube_pipeline_dag.py                             1           0  0.82s           2026-03-11T11:05:30
================================================================================
[2026-03-11T11:06:14.327+0000] {manager.py:879} INFO - 
================================================================================
DAG File Processing Stats

File Path                                    PID    Runtime      # DAGs    # Errors  Last Runtime    Last Run
-------------------------------------------  -----  ---------  --------  ----------  --------------  -------------------
/opt/airflow/dags/youtube_monitoring_dag.py                           1           0  0.84s           2026-03-11T11:06:00
/opt/airflow/dags/youtube_trending_dag.py                             1           0  0.79s           2026-03-11T11:06:00
/opt/airflow/dags/youtube_analytics_dag.py                            1           0  2.57s           2026-03-11T11:06:05
/opt/airflow/dags/youtube_pipeline_dag.py                             1           0  0.74s           2026-03-11T11:06:01
================================================================================
[2026-03-11T11:06:44.558+0000] {manager.py:879} INFO - 
================================================================================
DAG File Processing Stats

File Path                                    PID    Runtime      # DAGs    # Errors  Last Runtime    Last Run
-------------------------------------------  -----  ---------  --------  ----------  --------------  -------------------
/opt/airflow/dags/youtube_monitoring_dag.py                           1           0  0.41s           2026-03-11T11:06:30
/opt/airflow/dags/youtube_trending_dag.py                             1           0  0.40s           2026-03-11T11:06:31
/opt/airflow/dags/youtube_analytics_dag.py                            1           0  1.18s           2026-03-11T11:06:36
/opt/airflow/dags/youtube_pipeline_dag.py                             1           0  0.45s           2026-03-11T11:06:32
================================================================================
[2026-03-11T11:07:11.678+0000] {manager.py:738} INFO - Searching for files in /opt/airflow/dags
[2026-03-11T11:07:11.710+0000] {manager.py:741} INFO - There are 4 files in /opt/airflow/dags
[2026-03-11T11:07:14.767+0000] {manager.py:879} INFO - 
================================================================================
DAG File Processing Stats

File Path                                    PID    Runtime      # DAGs    # Errors  Last Runtime    Last Run
-------------------------------------------  -----  ---------  --------  ----------  --------------  -------------------
/opt/airflow/dags/youtube_monitoring_dag.py                           1           0  0.42s           2026-03-11T11:07:02
/opt/airflow/dags/youtube_trending_dag.py                             1           0  0.42s           2026-03-11T11:07:02
/opt/airflow/dags/youtube_analytics_dag.py                            1           0  1.52s           2026-03-11T11:07:08
/opt/airflow/dags/youtube_pipeline_dag.py                             1           0  0.38s           2026-03-11T11:07:03
================================================================================
[2026-03-11T11:07:45.483+0000] {manager.py:879} INFO - 
================================================================================
DAG File Processing Stats

File Path                                    PID    Runtime      # DAGs    # Errors  Last Runtime    Last Run
-------------------------------------------  -----  ---------  --------  ----------  --------------  -------------------
/opt/airflow/dags/youtube_monitoring_dag.py                           1           0  0.48s           2026-03-11T11:07:32
/opt/airflow/dags/youtube_trending_dag.py                             1           0  0.47s           2026-03-11T11:07:32
/opt/airflow/dags/youtube_analytics_dag.py                            1           0  2.25s           2026-03-11T11:07:40
/opt/airflow/dags/youtube_pipeline_dag.py                             1           0  0.44s           2026-03-11T11:07:34
================================================================================
[2026-03-11T11:08:15.502+0000] {manager.py:879} INFO - 
================================================================================
DAG File Processing Stats

File Path                                    PID    Runtime      # DAGs    # Errors  Last Runtime    Last Run
-------------------------------------------  -----  ---------  --------  ----------  --------------  -------------------
/opt/airflow/dags/youtube_monitoring_dag.py                           1           0  0.70s           2026-03-11T11:08:03
/opt/airflow/dags/youtube_trending_dag.py                             1           0  0.66s           2026-03-11T11:08:03
/opt/airflow/dags/youtube_analytics_dag.py                            1           0  2.77s           2026-03-11T11:08:13
/opt/airflow/dags/youtube_pipeline_dag.py                             1           0  0.63s           2026-03-11T11:08:05
================================================================================
[2026-03-11T11:08:45.694+0000] {manager.py:879} INFO - 
================================================================================
DAG File Processing Stats

File Path                                      PID  Runtime      # DAGs    # Errors  Last Runtime    Last Run
-------------------------------------------  -----  ---------  --------  ----------  --------------  -------------------
/opt/airflow/dags/youtube_monitoring_dag.py                           1           0  0.73s           2026-03-11T11:08:34
/opt/airflow/dags/youtube_trending_dag.py                             1           0  0.72s           2026-03-11T11:08:34
/opt/airflow/dags/youtube_analytics_dag.py    2055  1.44s             1           0  2.77s           2026-03-11T11:08:13
/opt/airflow/dags/youtube_pipeline_dag.py                             1           0  0.63s           2026-03-11T11:08:36
================================================================================
[2026-03-11T11:09:16.036+0000] {manager.py:879} INFO - 
================================================================================
DAG File Processing Stats

File Path                                    PID    Runtime      # DAGs    # Errors  Last Runtime    Last Run
-------------------------------------------  -----  ---------  --------  ----------  --------------  -------------------
/opt/airflow/dags/youtube_monitoring_dag.py                           1           0  0.45s           2026-03-11T11:09:05
/opt/airflow/dags/youtube_trending_dag.py                             1           0  0.43s           2026-03-11T11:09:05
/opt/airflow/dags/youtube_analytics_dag.py                            1           0  1.97s           2026-03-11T11:08:46
/opt/airflow/dags/youtube_pipeline_dag.py                             1           0  0.41s           2026-03-11T11:09:06
================================================================================
[2026-03-11T11:09:46.241+0000] {manager.py:879} INFO - 
================================================================================
DAG File Processing Stats

File Path                                    PID    Runtime      # DAGs    # Errors  Last Runtime    Last Run
-------------------------------------------  -----  ---------  --------  ----------  --------------  -------------------
/opt/airflow/dags/youtube_monitoring_dag.py                           1           0  0.49s           2026-03-11T11:09:36
/opt/airflow/dags/youtube_trending_dag.py                             1           0  0.49s           2026-03-11T11:09:36
/opt/airflow/dags/youtube_analytics_dag.py                            1           0  1.97s           2026-03-11T11:09:18
/opt/airflow/dags/youtube_pipeline_dag.py                             1           0  0.82s           2026-03-11T11:09:38
================================================================================
[2026-03-11T11:10:16.283+0000] {manager.py:879} INFO - 
================================================================================
DAG File Processing Stats

File Path                                    PID    Runtime      # DAGs    # Errors  Last Runtime    Last Run
-------------------------------------------  -----  ---------  --------  ----------  --------------  -------------------
/opt/airflow/dags/youtube_monitoring_dag.py                           1           0  0.46s           2026-03-11T11:10:06
/opt/airflow/dags/youtube_trending_dag.py                             1           0  0.41s           2026-03-11T11:10:06
/opt/airflow/dags/youtube_analytics_dag.py                            1           0  1.90s           2026-03-11T11:09:51
/opt/airflow/dags/youtube_pipeline_dag.py                             1           0  0.51s           2026-03-11T11:10:09
================================================================================
[2026-03-11T11:10:47.068+0000] {manager.py:879} INFO - 
================================================================================
DAG File Processing Stats

File Path                                    PID    Runtime      # DAGs    # Errors  Last Runtime    Last Run
-------------------------------------------  -----  ---------  --------  ----------  --------------  -------------------
/opt/airflow/dags/youtube_monitoring_dag.py                           1           0  0.60s           2026-03-11T11:10:37
/opt/airflow/dags/youtube_trending_dag.py                             1           0  0.58s           2026-03-11T11:10:37
/opt/airflow/dags/youtube_analytics_dag.py                            1           0  2.37s           2026-03-11T11:10:23
/opt/airflow/dags/youtube_pipeline_dag.py                             1           0  0.51s           2026-03-11T11:10:40
================================================================================
[2026-03-11T11:11:17.172+0000] {manager.py:879} INFO - 
================================================================================
DAG File Processing Stats

File Path                                    PID    Runtime      # DAGs    # Errors  Last Runtime    Last Run
-------------------------------------------  -----  ---------  --------  ----------  --------------  -------------------
/opt/airflow/dags/youtube_monitoring_dag.py                           1           0  0.50s           2026-03-11T11:11:08
/opt/airflow/dags/youtube_trending_dag.py                             1           0  0.49s           2026-03-11T11:11:08
/opt/airflow/dags/youtube_analytics_dag.py                            1           0  1.30s           2026-03-11T11:10:55
/opt/airflow/dags/youtube_pipeline_dag.py                             1           0  0.50s           2026-03-11T11:11:10
================================================================================
[2026-03-11T11:11:47.489+0000] {manager.py:879} INFO - 
================================================================================
DAG File Processing Stats

File Path                                    PID    Runtime      # DAGs    # Errors  Last Runtime    Last Run
-------------------------------------------  -----  ---------  --------  ----------  --------------  -------------------
/opt/airflow/dags/youtube_monitoring_dag.py                           1           0  1.14s           2026-03-11T11:11:39
/opt/airflow/dags/youtube_trending_dag.py                             1           0  0.55s           2026-03-11T11:11:38
/opt/airflow/dags/youtube_analytics_dag.py                            1           0  2.05s           2026-03-11T11:11:27
/opt/airflow/dags/youtube_pipeline_dag.py                             1           0  0.60s           2026-03-11T11:11:41
================================================================================
[2026-03-11T11:12:12.092+0000] {manager.py:738} INFO - Searching for files in /opt/airflow/dags
[2026-03-11T11:12:12.157+0000] {manager.py:741} INFO - There are 4 files in /opt/airflow/dags
[2026-03-11T11:12:17.665+0000] {manager.py:879} INFO - 
================================================================================
DAG File Processing Stats

File Path                                    PID    Runtime      # DAGs    # Errors  Last Runtime    Last Run
-------------------------------------------  -----  ---------  --------  ----------  --------------  -------------------
/opt/airflow/dags/youtube_monitoring_dag.py                           1           0  0.65s           2026-03-11T11:12:10
/opt/airflow/dags/youtube_trending_dag.py                             1           0  0.59s           2026-03-11T11:12:10
/opt/airflow/dags/youtube_analytics_dag.py                            1           0  2.52s           2026-03-11T11:12:00
/opt/airflow/dags/youtube_pipeline_dag.py                             1           0  1.34s           2026-03-11T11:12:13
================================================================================
[2026-03-11T11:12:48.256+0000] {manager.py:879} INFO - 
================================================================================
DAG File Processing Stats

File Path                                    PID    Runtime      # DAGs    # Errors  Last Runtime    Last Run
-------------------------------------------  -----  ---------  --------  ----------  --------------  -------------------
/opt/airflow/dags/youtube_monitoring_dag.py                           1           0  0.89s           2026-03-11T11:12:41
/opt/airflow/dags/youtube_trending_dag.py                             1           0  0.46s           2026-03-11T11:12:41
/opt/airflow/dags/youtube_analytics_dag.py                            1           0  3.68s           2026-03-11T11:12:34
/opt/airflow/dags/youtube_pipeline_dag.py                             1           0  0.58s           2026-03-11T11:12:44
================================================================================
[2026-03-11T11:13:18.425+0000] {manager.py:879} INFO - 
================================================================================
DAG File Processing Stats

File Path                                    PID    Runtime      # DAGs    # Errors  Last Runtime    Last Run
-------------------------------------------  -----  ---------  --------  ----------  --------------  -------------------
/opt/airflow/dags/youtube_monitoring_dag.py                           1           0  0.81s           2026-03-11T11:13:12
/opt/airflow/dags/youtube_trending_dag.py                             1           0  0.44s           2026-03-11T11:13:11
/opt/airflow/dags/youtube_analytics_dag.py                            1           0  1.99s           2026-03-11T11:13:07
/opt/airflow/dags/youtube_pipeline_dag.py                             1           0  0.98s           2026-03-11T11:13:15
================================================================================
[2026-03-11T11:13:48.772+0000] {manager.py:879} INFO - 
================================================================================
DAG File Processing Stats

File Path                                    PID    Runtime      # DAGs    # Errors  Last Runtime    Last Run
-------------------------------------------  -----  ---------  --------  ----------  --------------  -------------------
/opt/airflow/dags/youtube_monitoring_dag.py                           1           0  0.53s           2026-03-11T11:13:43
/opt/airflow/dags/youtube_trending_dag.py                             1           0  0.68s           2026-03-11T11:13:42
/opt/airflow/dags/youtube_analytics_dag.py                            1           0  2.33s           2026-03-11T11:13:40
/opt/airflow/dags/youtube_pipeline_dag.py                             1           0  0.61s           2026-03-11T11:13:46
================================================================================
[2026-03-11T11:14:18.912+0000] {manager.py:879} INFO - 
================================================================================
DAG File Processing Stats

File Path                                    PID    Runtime      # DAGs    # Errors  Last Runtime    Last Run
-------------------------------------------  -----  ---------  --------  ----------  --------------  -------------------
/opt/airflow/dags/youtube_monitoring_dag.py                           1           0  0.97s           2026-03-11T11:14:14
/opt/airflow/dags/youtube_trending_dag.py                             1           0  0.97s           2026-03-11T11:14:13
/opt/airflow/dags/youtube_analytics_dag.py                            1           0  2.67s           2026-03-11T11:14:12
/opt/airflow/dags/youtube_pipeline_dag.py                             1           0  1.18s           2026-03-11T11:14:17
================================================================================
[2026-03-11T11:14:41.325+0000] {manager.py:451} INFO - Exiting gracefully upon receiving signal 15
[2026-03-11T11:16:10.331+0000] {manager.py:469} INFO - Processing files using up to 2 processes at a time 
[2026-03-11T11:16:10.333+0000] {manager.py:470} INFO - Process each file at most once every 30 seconds
[2026-03-11T11:16:10.337+0000] {manager.py:471} INFO - Checking for new files in /opt/airflow/dags every 300 seconds
[2026-03-11T11:16:10.339+0000] {manager.py:738} INFO - Searching for files in /opt/airflow/dags
[2026-03-11T11:16:10.400+0000] {manager.py:741} INFO - There are 6 files in /opt/airflow/dags
[2026-03-11T11:16:13.130+0000] {manager.py:879} INFO - 
================================================================================
DAG File Processing Stats

File Path                                      PID  Runtime      # DAGs    # Errors  Last Runtime    Last Run
-------------------------------------------  -----  ---------  --------  ----------  --------------  -------------------
/opt/airflow/dags/youtube_monitoring_dag.py    177  0.01s             0           0
/opt/airflow/dags/youtube_data_warehouse.py    173  0.54s             0           0
/opt/airflow/dags/youtube_trending_dag.py                             0           0
/opt/airflow/dags/youtube_analytics_dag.py                            0           0
/opt/airflow/dags/youtube_pipeline_dag.py                             0           0
/opt/airflow/dags/setup_data_warehouse.py                             1           0  1.83s           2026-03-11T11:16:12
================================================================================
[2026-03-11T11:16:43.281+0000] {manager.py:879} INFO - 
================================================================================
DAG File Processing Stats

File Path                                      PID  Runtime      # DAGs    # Errors  Last Runtime    Last Run
-------------------------------------------  -----  ---------  --------  ----------  --------------  -------------------
/opt/airflow/dags/youtube_monitoring_dag.py                           1           0  0.41s           2026-03-11T11:16:13
/opt/airflow/dags/youtube_data_warehouse.py                           1           0  4.37s           2026-03-11T11:16:16
/opt/airflow/dags/youtube_trending_dag.py                             1           0  0.36s           2026-03-11T11:16:13
/opt/airflow/dags/youtube_analytics_dag.py                            1           0  3.06s           2026-03-11T11:16:16
/opt/airflow/dags/youtube_pipeline_dag.py                             1           0  0.49s           2026-03-11T11:16:17
/opt/airflow/dags/setup_data_warehouse.py      200  0.56s             1           0  1.83s           2026-03-11T11:16:12
================================================================================
[2026-03-11T11:17:13.784+0000] {manager.py:879} INFO - 
================================================================================
DAG File Processing Stats

File Path                                    PID    Runtime      # DAGs    # Errors  Last Runtime    Last Run
-------------------------------------------  -----  ---------  --------  ----------  --------------  -------------------
/opt/airflow/dags/youtube_monitoring_dag.py                           1           0  0.76s           2026-03-11T11:16:44
/opt/airflow/dags/youtube_data_warehouse.py                           1           0  2.02s           2026-03-11T11:16:49
/opt/airflow/dags/youtube_trending_dag.py                             1           0  0.76s           2026-03-11T11:16:44
/opt/airflow/dags/youtube_analytics_dag.py                            1           0  2.08s           2026-03-11T11:16:49
/opt/airflow/dags/youtube_pipeline_dag.py                             1           0  0.89s           2026-03-11T11:16:50
/opt/airflow/dags/setup_data_warehouse.py                             1           0  1.27s           2026-03-11T11:16:43
================================================================================
[2026-03-11T11:17:43.946+0000] {manager.py:879} INFO - 
================================================================================
DAG File Processing Stats

File Path                                    PID    Runtime      # DAGs    # Errors  Last Runtime    Last Run
-------------------------------------------  -----  ---------  --------  ----------  --------------  -------------------
/opt/airflow/dags/youtube_monitoring_dag.py                           1           0  0.57s           2026-03-11T11:17:15
/opt/airflow/dags/youtube_data_warehouse.py                           1           0  2.13s           2026-03-11T11:17:21
/opt/airflow/dags/youtube_trending_dag.py                             1           0  0.54s           2026-03-11T11:17:15
/opt/airflow/dags/youtube_analytics_dag.py                            1           0  2.07s           2026-03-11T11:17:21
/opt/airflow/dags/youtube_pipeline_dag.py                             1           0  0.68s           2026-03-11T11:17:22
/opt/airflow/dags/setup_data_warehouse.py                             1           0  0.42s           2026-03-11T11:17:14
================================================================================
[2026-03-11T11:18:14.274+0000] {manager.py:879} INFO - 
================================================================================
DAG File Processing Stats

File Path                                    PID    Runtime      # DAGs    # Errors  Last Runtime    Last Run
-------------------------------------------  -----  ---------  --------  ----------  --------------  -------------------
/opt/airflow/dags/youtube_monitoring_dag.py                           1           0  0.64s           2026-03-11T11:17:46
/opt/airflow/dags/youtube_data_warehouse.py                           1           0  2.77s           2026-03-11T11:17:54
/opt/airflow/dags/youtube_trending_dag.py                             1           0  0.66s           2026-03-11T11:17:46
/opt/airflow/dags/youtube_analytics_dag.py                            1           0  2.80s           2026-03-11T11:17:54
/opt/airflow/dags/youtube_pipeline_dag.py                             1           0  0.53s           2026-03-11T11:17:55
/opt/airflow/dags/setup_data_warehouse.py                             1           0  0.52s           2026-03-11T11:17:45
================================================================================
[2026-03-11T11:18:44.529+0000] {manager.py:879} INFO - 
================================================================================
DAG File Processing Stats

File Path                                    PID    Runtime      # DAGs    # Errors  Last Runtime    Last Run
-------------------------------------------  -----  ---------  --------  ----------  --------------  -------------------
/opt/airflow/dags/youtube_monitoring_dag.py                           1           0  0.56s           2026-03-11T11:18:17
/opt/airflow/dags/youtube_data_warehouse.py                           1           0  2.50s           2026-03-11T11:18:27
/opt/airflow/dags/youtube_trending_dag.py                             1           0  0.52s           2026-03-11T11:18:17
/opt/airflow/dags/youtube_analytics_dag.py                            1           0  2.52s           2026-03-11T11:18:27
/opt/airflow/dags/youtube_pipeline_dag.py                             1           0  0.47s           2026-03-11T11:18:27
/opt/airflow/dags/setup_data_warehouse.py                             1           0  0.55s           2026-03-11T11:18:16
================================================================================
[2026-03-11T11:19:14.593+0000] {manager.py:879} INFO - 
================================================================================
DAG File Processing Stats

File Path                                    PID    Runtime      # DAGs    # Errors  Last Runtime    Last Run
-------------------------------------------  -----  ---------  --------  ----------  --------------  -------------------
/opt/airflow/dags/youtube_monitoring_dag.py                           1           0  0.42s           2026-03-11T11:18:48
/opt/airflow/dags/youtube_data_warehouse.py                           1           0  1.43s           2026-03-11T11:18:58
/opt/airflow/dags/youtube_trending_dag.py                             1           0  0.40s           2026-03-11T11:18:48
/opt/airflow/dags/youtube_analytics_dag.py                            1           0  1.44s           2026-03-11T11:18:59
/opt/airflow/dags/youtube_pipeline_dag.py                             1           0  0.37s           2026-03-11T11:18:59
/opt/airflow/dags/setup_data_warehouse.py                             1           0  0.42s           2026-03-11T11:18:46
================================================================================
[2026-03-11T11:19:44.895+0000] {manager.py:879} INFO - 
================================================================================
DAG File Processing Stats

File Path                                    PID    Runtime      # DAGs    # Errors  Last Runtime    Last Run
-------------------------------------------  -----  ---------  --------  ----------  --------------  -------------------
/opt/airflow/dags/youtube_monitoring_dag.py                           1           0  0.43s           2026-03-11T11:19:19
/opt/airflow/dags/youtube_data_warehouse.py                           1           0  1.58s           2026-03-11T11:19:30
/opt/airflow/dags/youtube_trending_dag.py                             1           0  0.44s           2026-03-11T11:19:19
/opt/airflow/dags/youtube_analytics_dag.py                            1           0  1.52s           2026-03-11T11:19:30
/opt/airflow/dags/youtube_pipeline_dag.py                             1           0  0.41s           2026-03-11T11:19:31
/opt/airflow/dags/setup_data_warehouse.py                             1           0  0.39s           2026-03-11T11:19:17
================================================================================
[2026-03-11T11:20:15.364+0000] {manager.py:879} INFO - 
================================================================================
DAG File Processing Stats

File Path                                    PID    Runtime      # DAGs    # Errors  Last Runtime    Last Run
-------------------------------------------  -----  ---------  --------  ----------  --------------  -------------------
/opt/airflow/dags/youtube_monitoring_dag.py                           1           0  0.51s           2026-03-11T11:19:49
/opt/airflow/dags/youtube_data_warehouse.py                           1           0  2.15s           2026-03-11T11:20:03
/opt/airflow/dags/youtube_trending_dag.py                             1           0  0.50s           2026-03-11T11:19:49
/opt/airflow/dags/youtube_analytics_dag.py                            1           0  2.20s           2026-03-11T11:20:03
/opt/airflow/dags/youtube_pipeline_dag.py                             1           0  0.45s           2026-03-11T11:20:03
/opt/airflow/dags/setup_data_warehouse.py                             1           0  0.70s           2026-03-11T11:19:48
================================================================================
[2026-03-11T11:20:45.641+0000] {manager.py:879} INFO - 
================================================================================
DAG File Processing Stats

File Path                                    PID    Runtime      # DAGs    # Errors  Last Runtime    Last Run
-------------------------------------------  -----  ---------  --------  ----------  --------------  -------------------
/opt/airflow/dags/youtube_monitoring_dag.py                           1           0  0.49s           2026-03-11T11:20:20
/opt/airflow/dags/youtube_data_warehouse.py                           1           0  2.68s           2026-03-11T11:20:36
/opt/airflow/dags/youtube_trending_dag.py                             1           0  0.46s           2026-03-11T11:20:20
/opt/airflow/dags/youtube_analytics_dag.py                            1           0  2.66s           2026-03-11T11:20:36
/opt/airflow/dags/youtube_pipeline_dag.py                             1           0  0.70s           2026-03-11T11:20:37
/opt/airflow/dags/setup_data_warehouse.py                             1           0  0.56s           2026-03-11T11:20:19
================================================================================
[2026-03-11T11:21:10.374+0000] {manager.py:738} INFO - Searching for files in /opt/airflow/dags
[2026-03-11T11:21:10.506+0000] {manager.py:741} INFO - There are 6 files in /opt/airflow/dags
[2026-03-11T11:21:15.738+0000] {manager.py:879} INFO - 
================================================================================
DAG File Processing Stats

File Path                                    PID    Runtime      # DAGs    # Errors  Last Runtime    Last Run
-------------------------------------------  -----  ---------  --------  ----------  --------------  -------------------
/opt/airflow/dags/youtube_monitoring_dag.py                           1           0  0.66s           2026-03-11T11:20:52
/opt/airflow/dags/youtube_data_warehouse.py                           1           0  3.02s           2026-03-11T11:21:10
/opt/airflow/dags/youtube_trending_dag.py                             1           0  0.62s           2026-03-11T11:20:52
/opt/airflow/dags/youtube_analytics_dag.py                            1           0  3.20s           2026-03-11T11:21:10
/opt/airflow/dags/youtube_pipeline_dag.py                             1           0  0.65s           2026-03-11T11:21:11
/opt/airflow/dags/setup_data_warehouse.py                             1           0  0.85s           2026-03-11T11:20:50
================================================================================
[2026-03-11T11:21:46.180+0000] {manager.py:879} INFO - 
================================================================================
DAG File Processing Stats

File Path                                    PID    Runtime      # DAGs    # Errors  Last Runtime    Last Run
-------------------------------------------  -----  ---------  --------  ----------  --------------  -------------------
/opt/airflow/dags/youtube_monitoring_dag.py                           1           0  0.70s           2026-03-11T11:21:22
/opt/airflow/dags/youtube_data_warehouse.py                           1           0  1.96s           2026-03-11T11:21:43
/opt/airflow/dags/youtube_trending_dag.py                             1           0  0.58s           2026-03-11T11:21:22
/opt/airflow/dags/youtube_analytics_dag.py                            1           0  1.97s           2026-03-11T11:21:43
/opt/airflow/dags/youtube_pipeline_dag.py                             1           0  0.41s           2026-03-11T11:21:43
/opt/airflow/dags/setup_data_warehouse.py                             1           0  0.44s           2026-03-11T11:21:21
================================================================================
[2026-03-11T11:22:16.317+0000] {manager.py:879} INFO - 
================================================================================
DAG File Processing Stats

File Path                                    PID    Runtime      # DAGs    # Errors  Last Runtime    Last Run
-------------------------------------------  -----  ---------  --------  ----------  --------------  -------------------
/opt/airflow/dags/youtube_monitoring_dag.py                           1           0  0.86s           2026-03-11T11:21:53
/opt/airflow/dags/youtube_data_warehouse.py                           1           0  1.59s           2026-03-11T11:22:14
/opt/airflow/dags/youtube_trending_dag.py                             1           0  0.73s           2026-03-11T11:21:53
/opt/airflow/dags/youtube_analytics_dag.py                            1           0  1.55s           2026-03-11T11:22:14
/opt/airflow/dags/youtube_pipeline_dag.py                             1           0  0.58s           2026-03-11T11:22:15
/opt/airflow/dags/setup_data_warehouse.py                             1           0  0.41s           2026-03-11T11:21:52
================================================================================
[2026-03-11T11:22:46.371+0000] {manager.py:879} INFO - 
================================================================================
DAG File Processing Stats

File Path                                      PID  Runtime      # DAGs    # Errors  Last Runtime    Last Run
-------------------------------------------  -----  ---------  --------  ----------  --------------  -------------------
/opt/airflow/dags/youtube_monitoring_dag.py                           1           0  0.48s           2026-03-11T11:22:25
/opt/airflow/dags/youtube_data_warehouse.py    613  1.04s             1           0  1.59s           2026-03-11T11:22:14
/opt/airflow/dags/youtube_trending_dag.py                             1           0  0.46s           2026-03-11T11:22:25
/opt/airflow/dags/youtube_analytics_dag.py     616  1.02s             1           0  1.55s           2026-03-11T11:22:14
/opt/airflow/dags/youtube_pipeline_dag.py                             1           0  0.58s           2026-03-11T11:22:15
/opt/airflow/dags/setup_data_warehouse.py                             1           0  0.42s           2026-03-11T11:22:22
================================================================================
[2026-03-11T11:23:16.822+0000] {manager.py:879} INFO - 
================================================================================
DAG File Processing Stats

File Path                                    PID    Runtime      # DAGs    # Errors  Last Runtime    Last Run
-------------------------------------------  -----  ---------  --------  ----------  --------------  -------------------
/opt/airflow/dags/youtube_monitoring_dag.py                           1           0  0.57s           2026-03-11T11:22:55
/opt/airflow/dags/youtube_data_warehouse.py                           1           0  1.66s           2026-03-11T11:22:46
/opt/airflow/dags/youtube_trending_dag.py                             1           0  0.55s           2026-03-11T11:22:55
/opt/airflow/dags/youtube_analytics_dag.py                            1           0  1.63s           2026-03-11T11:22:46
/opt/airflow/dags/youtube_pipeline_dag.py                             1           0  0.32s           2026-03-11T11:22:47
/opt/airflow/dags/setup_data_warehouse.py                             1           0  0.40s           2026-03-11T11:22:53
================================================================================
[2026-03-11T11:23:46.924+0000] {manager.py:879} INFO - 
================================================================================
DAG File Processing Stats

File Path                                    PID    Runtime      # DAGs    # Errors  Last Runtime    Last Run
-------------------------------------------  -----  ---------  --------  ----------  --------------  -------------------
/opt/airflow/dags/youtube_monitoring_dag.py                           1           0  0.46s           2026-03-11T11:23:26
/opt/airflow/dags/youtube_data_warehouse.py                           1           0  2.06s           2026-03-11T11:23:19
/opt/airflow/dags/youtube_trending_dag.py                             1           0  0.47s           2026-03-11T11:23:26
/opt/airflow/dags/youtube_analytics_dag.py                            1           0  1.99s           2026-03-11T11:23:19
/opt/airflow/dags/youtube_pipeline_dag.py                             1           0  0.69s           2026-03-11T11:23:19
/opt/airflow/dags/setup_data_warehouse.py                             1           0  0.50s           2026-03-11T11:23:24
================================================================================
[2026-03-11T11:24:17.370+0000] {manager.py:879} INFO - 
================================================================================
DAG File Processing Stats

File Path                                    PID    Runtime      # DAGs    # Errors  Last Runtime    Last Run
-------------------------------------------  -----  ---------  --------  ----------  --------------  -------------------
/opt/airflow/dags/youtube_monitoring_dag.py                           1           0  0.67s           2026-03-11T11:23:58
/opt/airflow/dags/youtube_data_warehouse.py                           1           0  2.32s           2026-03-11T11:23:52
/opt/airflow/dags/youtube_trending_dag.py                             1           0  0.65s           2026-03-11T11:23:58
/opt/airflow/dags/youtube_analytics_dag.py                            1           0  2.32s           2026-03-11T11:23:52
/opt/airflow/dags/youtube_pipeline_dag.py                             1           0  0.60s           2026-03-11T11:23:52
/opt/airflow/dags/setup_data_warehouse.py                             1           0  0.53s           2026-03-11T11:23:55
================================================================================
[2026-03-11T11:24:48.094+0000] {manager.py:879} INFO - 
================================================================================
DAG File Processing Stats

File Path                                    PID    Runtime      # DAGs    # Errors  Last Runtime    Last Run
-------------------------------------------  -----  ---------  --------  ----------  --------------  -------------------
/opt/airflow/dags/youtube_monitoring_dag.py                           1           0  0.53s           2026-03-11T11:24:28
/opt/airflow/dags/youtube_data_warehouse.py                           1           0  2.65s           2026-03-11T11:24:25
/opt/airflow/dags/youtube_trending_dag.py                             1           0  0.52s           2026-03-11T11:24:28
/opt/airflow/dags/youtube_analytics_dag.py                            1           0  2.68s           2026-03-11T11:24:25
/opt/airflow/dags/youtube_pipeline_dag.py                             1           0  0.71s           2026-03-11T11:24:25
/opt/airflow/dags/setup_data_warehouse.py                             1           0  0.66s           2026-03-11T11:24:26
================================================================================
[2026-03-11T11:25:19.018+0000] {manager.py:879} INFO - 
================================================================================
DAG File Processing Stats

File Path                                    PID    Runtime      # DAGs    # Errors  Last Runtime    Last Run
-------------------------------------------  -----  ---------  --------  ----------  --------------  -------------------
/opt/airflow/dags/youtube_monitoring_dag.py                           1           0  0.70s           2026-03-11T11:24:59
/opt/airflow/dags/youtube_data_warehouse.py                           1           0  2.28s           2026-03-11T11:24:57
/opt/airflow/dags/youtube_trending_dag.py                             1           0  0.73s           2026-03-11T11:24:59
/opt/airflow/dags/youtube_analytics_dag.py                            1           0  2.20s           2026-03-11T11:24:57
/opt/airflow/dags/youtube_pipeline_dag.py                             1           0  0.50s           2026-03-11T11:24:57
/opt/airflow/dags/setup_data_warehouse.py                             1           0  0.48s           2026-03-11T11:24:57
================================================================================
[2026-03-11T11:25:49.524+0000] {manager.py:879} INFO - 
================================================================================
DAG File Processing Stats

File Path                                    PID    Runtime      # DAGs    # Errors  Last Runtime    Last Run
-------------------------------------------  -----  ---------  --------  ----------  --------------  -------------------
/opt/airflow/dags/youtube_monitoring_dag.py                           1           0  0.52s           2026-03-11T11:25:31
/opt/airflow/dags/youtube_data_warehouse.py                           1           0  2.07s           2026-03-11T11:25:30
/opt/airflow/dags/youtube_trending_dag.py                             1           0  0.53s           2026-03-11T11:25:31
/opt/airflow/dags/youtube_analytics_dag.py                            1           0  2.09s           2026-03-11T11:25:30
/opt/airflow/dags/youtube_pipeline_dag.py                             1           0  0.47s           2026-03-11T11:25:31
/opt/airflow/dags/setup_data_warehouse.py                             1           0  0.49s           2026-03-11T11:25:28
================================================================================
[2026-03-11T11:26:10.893+0000] {manager.py:738} INFO - Searching for files in /opt/airflow/dags
[2026-03-11T11:26:10.934+0000] {manager.py:741} INFO - There are 6 files in /opt/airflow/dags
[2026-03-11T11:26:20.099+0000] {manager.py:879} INFO - 
================================================================================
DAG File Processing Stats

File Path                                    PID    Runtime      # DAGs    # Errors  Last Runtime    Last Run
-------------------------------------------  -----  ---------  --------  ----------  --------------  -------------------
/opt/airflow/dags/youtube_monitoring_dag.py                           1           0  0.67s           2026-03-11T11:26:04
/opt/airflow/dags/youtube_data_warehouse.py                           1           0  2.73s           2026-03-11T11:26:03
/opt/airflow/dags/youtube_trending_dag.py                             1           0  0.60s           2026-03-11T11:26:04
/opt/airflow/dags/youtube_analytics_dag.py                            1           0  2.65s           2026-03-11T11:26:03
/opt/airflow/dags/youtube_pipeline_dag.py                             1           0  0.54s           2026-03-11T11:26:05
/opt/airflow/dags/setup_data_warehouse.py                             1           0  0.45s           2026-03-11T11:25:59
================================================================================
[2026-03-11T11:26:50.164+0000] {manager.py:879} INFO - 
================================================================================
DAG File Processing Stats

File Path                                    PID    Runtime      # DAGs    # Errors  Last Runtime    Last Run
-------------------------------------------  -----  ---------  --------  ----------  --------------  -------------------
/opt/airflow/dags/youtube_monitoring_dag.py                           1           0  0.57s           2026-03-11T11:26:37
/opt/airflow/dags/youtube_data_warehouse.py                           1           0  2.93s           2026-03-11T11:26:36
/opt/airflow/dags/youtube_trending_dag.py                             1           0  0.56s           2026-03-11T11:26:37
/opt/airflow/dags/youtube_analytics_dag.py                            1           0  2.82s           2026-03-11T11:26:36
/opt/airflow/dags/youtube_pipeline_dag.py                             1           0  0.51s           2026-03-11T11:26:37
/opt/airflow/dags/setup_data_warehouse.py                             1           0  0.63s           2026-03-11T11:26:29
================================================================================
[2026-03-11T11:27:20.319+0000] {manager.py:879} INFO - 
================================================================================
DAG File Processing Stats

File Path                                    PID    Runtime      # DAGs    # Errors  Last Runtime    Last Run
-------------------------------------------  -----  ---------  --------  ----------  --------------  -------------------
/opt/airflow/dags/youtube_monitoring_dag.py                           1           0  0.70s           2026-03-11T11:27:10
/opt/airflow/dags/youtube_data_warehouse.py                           1           0  2.77s           2026-03-11T11:27:09
/opt/airflow/dags/youtube_trending_dag.py                             1           0  0.70s           2026-03-11T11:27:11
/opt/airflow/dags/youtube_analytics_dag.py                            1           0  2.67s           2026-03-11T11:27:09
/opt/airflow/dags/youtube_pipeline_dag.py                             1           0  0.68s           2026-03-11T11:27:11
/opt/airflow/dags/setup_data_warehouse.py                             1           0  0.52s           2026-03-11T11:27:00
================================================================================
[2026-03-11T11:27:50.662+0000] {manager.py:879} INFO - 
================================================================================
DAG File Processing Stats

File Path                                    PID    Runtime      # DAGs    # Errors  Last Runtime    Last Run
-------------------------------------------  -----  ---------  --------  ----------  --------------  -------------------
/opt/airflow/dags/youtube_monitoring_dag.py                           1           0  0.71s           2026-03-11T11:27:42
/opt/airflow/dags/youtube_data_warehouse.py                           1           0  2.36s           2026-03-11T11:27:42
/opt/airflow/dags/youtube_trending_dag.py                             1           0  0.69s           2026-03-11T11:27:43
/opt/airflow/dags/youtube_analytics_dag.py                            1           0  2.38s           2026-03-11T11:27:42
/opt/airflow/dags/youtube_pipeline_dag.py                             1           0  0.58s           2026-03-11T11:27:43
/opt/airflow/dags/setup_data_warehouse.py                             1           0  0.58s           2026-03-11T11:27:32
================================================================================
[2026-03-11T11:28:20.707+0000] {manager.py:879} INFO - 
================================================================================
DAG File Processing Stats

File Path                                    PID    Runtime      # DAGs    # Errors  Last Runtime    Last Run
-------------------------------------------  -----  ---------  --------  ----------  --------------  -------------------
/opt/airflow/dags/youtube_monitoring_dag.py                           1           0  0.54s           2026-03-11T11:28:15
/opt/airflow/dags/youtube_data_warehouse.py                           1           0  1.71s           2026-03-11T11:28:14
/opt/airflow/dags/youtube_trending_dag.py                             1           0  0.57s           2026-03-11T11:28:15
/opt/airflow/dags/youtube_analytics_dag.py                            1           0  1.72s           2026-03-11T11:28:14
/opt/airflow/dags/youtube_pipeline_dag.py                             1           0  0.59s           2026-03-11T11:28:15
/opt/airflow/dags/setup_data_warehouse.py                             1           0  0.61s           2026-03-11T11:28:02
================================================================================
[2026-03-11T11:28:50.732+0000] {manager.py:879} INFO - 
================================================================================
DAG File Processing Stats

File Path                                    PID    Runtime      # DAGs    # Errors  Last Runtime    Last Run
-------------------------------------------  -----  ---------  --------  ----------  --------------  -------------------
/opt/airflow/dags/youtube_monitoring_dag.py                           1           0  0.63s           2026-03-11T11:28:48
/opt/airflow/dags/youtube_data_warehouse.py                           1           0  2.19s           2026-03-11T11:28:47
/opt/airflow/dags/youtube_trending_dag.py                             1           0  0.59s           2026-03-11T11:28:48
/opt/airflow/dags/youtube_analytics_dag.py                            1           0  2.21s           2026-03-11T11:28:47
/opt/airflow/dags/youtube_pipeline_dag.py                             1           0  0.61s           2026-03-11T11:28:48
/opt/airflow/dags/setup_data_warehouse.py                             1           0  0.48s           2026-03-11T11:28:33
================================================================================
[2026-03-11T11:29:20.940+0000] {manager.py:879} INFO - 
================================================================================
DAG File Processing Stats

File Path                                      PID  Runtime      # DAGs    # Errors  Last Runtime    Last Run
-------------------------------------------  -----  ---------  --------  ----------  --------------  -------------------
/opt/airflow/dags/youtube_monitoring_dag.py                           1           0  0.60s           2026-03-11T11:29:20
/opt/airflow/dags/youtube_data_warehouse.py                           1           0  2.18s           2026-03-11T11:29:20
/opt/airflow/dags/youtube_trending_dag.py     1026  0.55s             1           0  0.59s           2026-03-11T11:28:48
/opt/airflow/dags/youtube_analytics_dag.py                            1           0  2.22s           2026-03-11T11:29:20
/opt/airflow/dags/youtube_pipeline_dag.py     1033  0.02s             1           0  0.61s           2026-03-11T11:28:48
/opt/airflow/dags/setup_data_warehouse.py                             1           0  0.35s           2026-03-11T11:29:04
================================================================================
[2026-03-11T11:29:51.364+0000] {manager.py:879} INFO - 
================================================================================
DAG File Processing Stats

File Path                                      PID  Runtime      # DAGs    # Errors  Last Runtime    Last Run
-------------------------------------------  -----  ---------  --------  ----------  --------------  -------------------
/opt/airflow/dags/youtube_monitoring_dag.py                           1           0  0.60s           2026-03-11T11:29:20
/opt/airflow/dags/youtube_data_warehouse.py   1043  1.03s             1           0  2.18s           2026-03-11T11:29:20
/opt/airflow/dags/youtube_trending_dag.py                             1           0  0.57s           2026-03-11T11:29:20
/opt/airflow/dags/youtube_analytics_dag.py    1047  0.70s             1           0  2.22s           2026-03-11T11:29:20
/opt/airflow/dags/youtube_pipeline_dag.py                             1           0  0.67s           2026-03-11T11:29:21
/opt/airflow/dags/setup_data_warehouse.py                             1           0  0.67s           2026-03-11T11:29:35
================================================================================
[2026-03-11T11:30:21.732+0000] {manager.py:879} INFO - 
================================================================================
DAG File Processing Stats

File Path                                    PID    Runtime      # DAGs    # Errors  Last Runtime    Last Run
-------------------------------------------  -----  ---------  --------  ----------  --------------  -------------------
/opt/airflow/dags/youtube_monitoring_dag.py                           1           0  0.78s           2026-03-11T11:29:53
/opt/airflow/dags/youtube_data_warehouse.py                           1           0  2.29s           2026-03-11T11:29:52
/opt/airflow/dags/youtube_trending_dag.py                             1           0  0.58s           2026-03-11T11:29:53
/opt/airflow/dags/youtube_analytics_dag.py                            1           0  2.34s           2026-03-11T11:29:53
/opt/airflow/dags/youtube_pipeline_dag.py                             1           0  0.55s           2026-03-11T11:29:54
/opt/airflow/dags/setup_data_warehouse.py                             1           0  0.66s           2026-03-11T11:30:06
================================================================================
[2026-03-11T11:30:52.013+0000] {manager.py:879} INFO - 
================================================================================
DAG File Processing Stats

File Path                                    PID    Runtime      # DAGs    # Errors  Last Runtime    Last Run
-------------------------------------------  -----  ---------  --------  ----------  --------------  -------------------
/opt/airflow/dags/youtube_monitoring_dag.py                           1           0  0.70s           2026-03-11T11:30:26
/opt/airflow/dags/youtube_data_warehouse.py                           1           0  2.85s           2026-03-11T11:30:25
/opt/airflow/dags/youtube_trending_dag.py                             1           0  0.78s           2026-03-11T11:30:27
/opt/airflow/dags/youtube_analytics_dag.py                            1           0  2.77s           2026-03-11T11:30:26
/opt/airflow/dags/youtube_pipeline_dag.py                             1           0  0.77s           2026-03-11T11:30:27
/opt/airflow/dags/setup_data_warehouse.py                             1           0  0.56s           2026-03-11T11:30:37
================================================================================
[2026-03-11T11:31:11.268+0000] {manager.py:738} INFO - Searching for files in /opt/airflow/dags
[2026-03-11T11:31:11.326+0000] {manager.py:741} INFO - There are 6 files in /opt/airflow/dags
[2026-03-11T11:31:22.556+0000] {manager.py:879} INFO - 
================================================================================
DAG File Processing Stats

File Path                                    PID    Runtime      # DAGs    # Errors  Last Runtime    Last Run
-------------------------------------------  -----  ---------  --------  ----------  --------------  -------------------
/opt/airflow/dags/youtube_monitoring_dag.py                           1           0  0.67s           2026-03-11T11:30:57
/opt/airflow/dags/youtube_data_warehouse.py                           1           0  2.66s           2026-03-11T11:30:58
/opt/airflow/dags/youtube_trending_dag.py                             1           0  0.65s           2026-03-11T11:30:59
/opt/airflow/dags/youtube_analytics_dag.py                            1           0  2.69s           2026-03-11T11:30:59
/opt/airflow/dags/youtube_pipeline_dag.py                             1           0  0.63s           2026-03-11T11:31:00
/opt/airflow/dags/setup_data_warehouse.py                             1           0  0.56s           2026-03-11T11:31:08
================================================================================
[2026-03-11T11:31:52.719+0000] {manager.py:879} INFO - 
================================================================================
DAG File Processing Stats

File Path                                    PID    Runtime      # DAGs    # Errors  Last Runtime    Last Run
-------------------------------------------  -----  ---------  --------  ----------  --------------  -------------------
/opt/airflow/dags/youtube_monitoring_dag.py                           1           0  0.43s           2026-03-11T11:31:28
/opt/airflow/dags/youtube_data_warehouse.py                           1           0  2.20s           2026-03-11T11:31:31
/opt/airflow/dags/youtube_trending_dag.py                             1           0  0.60s           2026-03-11T11:31:30
/opt/airflow/dags/youtube_analytics_dag.py                            1           0  1.90s           2026-03-11T11:31:32
/opt/airflow/dags/youtube_pipeline_dag.py                             1           0  0.48s           2026-03-11T11:31:31
/opt/airflow/dags/setup_data_warehouse.py                             1           0  0.44s           2026-03-11T11:31:39
================================================================================
[2026-03-11T11:32:22.889+0000] {manager.py:879} INFO - 
================================================================================
DAG File Processing Stats

File Path                                    PID    Runtime      # DAGs    # Errors  Last Runtime    Last Run
-------------------------------------------  -----  ---------  --------  ----------  --------------  -------------------
/opt/airflow/dags/youtube_monitoring_dag.py                           1           0  0.96s           2026-03-11T11:31:59
/opt/airflow/dags/youtube_data_warehouse.py                           1           0  1.88s           2026-03-11T11:32:03
/opt/airflow/dags/youtube_trending_dag.py                             1           0  0.54s           2026-03-11T11:32:01
/opt/airflow/dags/youtube_analytics_dag.py                            1           0  1.89s           2026-03-11T11:32:05
/opt/airflow/dags/youtube_pipeline_dag.py                             1           0  0.45s           2026-03-11T11:32:02
/opt/airflow/dags/setup_data_warehouse.py                             1           0  0.53s           2026-03-11T11:32:10
================================================================================
[2026-03-11T11:32:53.056+0000] {manager.py:879} INFO - 
================================================================================
DAG File Processing Stats

File Path                                    PID    Runtime      # DAGs    # Errors  Last Runtime    Last Run
-------------------------------------------  -----  ---------  --------  ----------  --------------  -------------------
/opt/airflow/dags/youtube_monitoring_dag.py                           1           0  0.58s           2026-03-11T11:32:30
/opt/airflow/dags/youtube_data_warehouse.py                           1           0  2.50s           2026-03-11T11:32:36
/opt/airflow/dags/youtube_trending_dag.py                             1           0  0.61s           2026-03-11T11:32:32
/opt/airflow/dags/youtube_analytics_dag.py                            1           0  2.50s           2026-03-11T11:32:37
/opt/airflow/dags/youtube_pipeline_dag.py                             1           0  0.57s           2026-03-11T11:32:33
/opt/airflow/dags/setup_data_warehouse.py                             1           0  1.21s           2026-03-11T11:32:42
================================================================================
[2026-03-11T11:33:23.552+0000] {manager.py:879} INFO - 
================================================================================
DAG File Processing Stats

File Path                                    PID    Runtime      # DAGs    # Errors  Last Runtime    Last Run
-------------------------------------------  -----  ---------  --------  ----------  --------------  -------------------
/opt/airflow/dags/youtube_monitoring_dag.py                           1           0  0.58s           2026-03-11T11:33:01
/opt/airflow/dags/youtube_data_warehouse.py                           1           0  2.05s           2026-03-11T11:33:08
/opt/airflow/dags/youtube_trending_dag.py                             1           0  0.63s           2026-03-11T11:33:02
/opt/airflow/dags/youtube_analytics_dag.py                            1           0  2.09s           2026-03-11T11:33:10
/opt/airflow/dags/youtube_pipeline_dag.py                             1           0  0.46s           2026-03-11T11:33:04
/opt/airflow/dags/setup_data_warehouse.py                             1           0  0.48s           2026-03-11T11:33:12
================================================================================
[2026-03-11T11:33:54.208+0000] {manager.py:879} INFO - 
================================================================================
DAG File Processing Stats

File Path                                    PID    Runtime      # DAGs    # Errors  Last Runtime    Last Run
-------------------------------------------  -----  ---------  --------  ----------  --------------  -------------------
/opt/airflow/dags/youtube_monitoring_dag.py                           1           0  0.99s           2026-03-11T11:33:32
/opt/airflow/dags/youtube_data_warehouse.py                           1           0  1.84s           2026-03-11T11:33:40
/opt/airflow/dags/youtube_trending_dag.py                             1           0  0.86s           2026-03-11T11:33:34
/opt/airflow/dags/youtube_analytics_dag.py                            1           0  1.98s           2026-03-11T11:33:42
/opt/airflow/dags/youtube_pipeline_dag.py                             1           0  0.41s           2026-03-11T11:33:34
/opt/airflow/dags/setup_data_warehouse.py                             1           0  0.43s           2026-03-11T11:33:43
================================================================================
[2026-03-11T11:34:24.343+0000] {manager.py:879} INFO - 
================================================================================
DAG File Processing Stats

File Path                                    PID    Runtime      # DAGs    # Errors  Last Runtime    Last Run
-------------------------------------------  -----  ---------  --------  ----------  --------------  -------------------
/opt/airflow/dags/youtube_monitoring_dag.py                           1           0  0.60s           2026-03-11T11:34:03
/opt/airflow/dags/youtube_data_warehouse.py                           1           0  1.92s           2026-03-11T11:34:12
/opt/airflow/dags/youtube_trending_dag.py                             1           0  0.59s           2026-03-11T11:34:05
/opt/airflow/dags/youtube_analytics_dag.py                            1           0  2.19s           2026-03-11T11:34:15
/opt/airflow/dags/youtube_pipeline_dag.py                             1           0  0.59s           2026-03-11T11:34:06
/opt/airflow/dags/setup_data_warehouse.py                             1           0  0.91s           2026-03-11T11:34:15
================================================================================
[2026-03-11T11:34:55.078+0000] {manager.py:879} INFO - 
================================================================================
DAG File Processing Stats

File Path                                    PID    Runtime      # DAGs    # Errors  Last Runtime    Last Run
-------------------------------------------  -----  ---------  --------  ----------  --------------  -------------------
/opt/airflow/dags/youtube_monitoring_dag.py                           1           0  0.76s           2026-03-11T11:34:35
/opt/airflow/dags/youtube_data_warehouse.py                           1           0  1.82s           2026-03-11T11:34:45
/opt/airflow/dags/youtube_trending_dag.py                             1           0  0.49s           2026-03-11T11:34:36
/opt/airflow/dags/youtube_analytics_dag.py                            1           0  2.29s           2026-03-11T11:34:48
/opt/airflow/dags/youtube_pipeline_dag.py                             1           0  0.49s           2026-03-11T11:34:36
/opt/airflow/dags/setup_data_warehouse.py                             1           0  0.47s           2026-03-11T11:34:46
================================================================================
[2026-03-11T11:35:25.154+0000] {manager.py:879} INFO - 
================================================================================
DAG File Processing Stats

File Path                                    PID    Runtime      # DAGs    # Errors  Last Runtime    Last Run
-------------------------------------------  -----  ---------  --------  ----------  --------------  -------------------
/opt/airflow/dags/youtube_monitoring_dag.py                           1           0  0.81s           2026-03-11T11:35:07
/opt/airflow/dags/youtube_data_warehouse.py                           1           0  2.11s           2026-03-11T11:35:18
/opt/airflow/dags/youtube_trending_dag.py                             1           0  0.83s           2026-03-11T11:35:07
/opt/airflow/dags/youtube_analytics_dag.py                            1           0  1.90s           2026-03-11T11:35:19
/opt/airflow/dags/youtube_pipeline_dag.py                             1           0  0.84s           2026-03-11T11:35:07
/opt/airflow/dags/setup_data_warehouse.py                             1           0  0.92s           2026-03-11T11:35:17
================================================================================
[2026-03-11T11:35:55.409+0000] {manager.py:879} INFO - 
================================================================================
DAG File Processing Stats

File Path                                    PID    Runtime      # DAGs    # Errors  Last Runtime    Last Run
-------------------------------------------  -----  ---------  --------  ----------  --------------  -------------------
/opt/airflow/dags/youtube_monitoring_dag.py                           1           0  0.54s           2026-03-11T11:35:37
/opt/airflow/dags/youtube_data_warehouse.py                           1           0  1.81s           2026-03-11T11:35:50
/opt/airflow/dags/youtube_trending_dag.py                             1           0  0.43s           2026-03-11T11:35:38
/opt/airflow/dags/youtube_analytics_dag.py                            1           0  1.99s           2026-03-11T11:35:52
/opt/airflow/dags/youtube_pipeline_dag.py                             1           0  0.40s           2026-03-11T11:35:38
/opt/airflow/dags/setup_data_warehouse.py                             1           0  0.49s           2026-03-11T11:35:49
================================================================================
[2026-03-11T11:36:11.511+0000] {manager.py:738} INFO - Searching for files in /opt/airflow/dags
[2026-03-11T11:36:11.557+0000] {manager.py:741} INFO - There are 6 files in /opt/airflow/dags
[2026-03-11T11:36:26.029+0000] {manager.py:879} INFO - 
================================================================================
DAG File Processing Stats

File Path                                    PID    Runtime      # DAGs    # Errors  Last Runtime    Last Run
-------------------------------------------  -----  ---------  --------  ----------  --------------  -------------------
/opt/airflow/dags/youtube_monitoring_dag.py                           1           0  0.88s           2026-03-11T11:36:08
/opt/airflow/dags/youtube_data_warehouse.py                           1           0  1.13s           2026-03-11T11:36:22
/opt/airflow/dags/youtube_trending_dag.py                             1           0  0.68s           2026-03-11T11:36:09
/opt/airflow/dags/youtube_analytics_dag.py                            1           0  1.02s           2026-03-11T11:36:23
/opt/airflow/dags/youtube_pipeline_dag.py                             1           0  0.67s           2026-03-11T11:36:09
/opt/airflow/dags/setup_data_warehouse.py                             1           0  0.25s           2026-03-11T11:36:20
================================================================================
[2026-03-11T11:36:56.756+0000] {manager.py:879} INFO - 
================================================================================
DAG File Processing Stats

File Path                                    PID    Runtime      # DAGs    # Errors  Last Runtime    Last Run
-------------------------------------------  -----  ---------  --------  ----------  --------------  -------------------
/opt/airflow/dags/youtube_monitoring_dag.py                           1           0  0.43s           2026-03-11T11:36:39
/opt/airflow/dags/youtube_data_warehouse.py                           1           0  1.39s           2026-03-11T11:36:53
/opt/airflow/dags/youtube_trending_dag.py                             1           0  0.45s           2026-03-11T11:36:40
/opt/airflow/dags/youtube_analytics_dag.py                            1           0  1.64s           2026-03-11T11:36:55
/opt/airflow/dags/youtube_pipeline_dag.py                             1           0  0.46s           2026-03-11T11:36:40
/opt/airflow/dags/setup_data_warehouse.py                             1           0  0.44s           2026-03-11T11:36:50
================================================================================
[2026-03-11T11:37:26.870+0000] {manager.py:879} INFO - 
================================================================================
DAG File Processing Stats

File Path                                      PID  Runtime      # DAGs    # Errors  Last Runtime    Last Run
-------------------------------------------  -----  ---------  --------  ----------  --------------  -------------------
/opt/airflow/dags/youtube_monitoring_dag.py                           1           0  0.37s           2026-03-11T11:37:10
/opt/airflow/dags/youtube_data_warehouse.py                           1           0  0.94s           2026-03-11T11:37:24
/opt/airflow/dags/youtube_trending_dag.py                             1           0  0.42s           2026-03-11T11:37:10
/opt/airflow/dags/youtube_analytics_dag.py    1531  0.63s             1           0  1.64s           2026-03-11T11:36:55
/opt/airflow/dags/youtube_pipeline_dag.py                             1           0  0.43s           2026-03-11T11:37:10
/opt/airflow/dags/setup_data_warehouse.py                             1           0  0.35s           2026-03-11T11:37:21
================================================================================
[2026-03-11T11:37:57.598+0000] {manager.py:879} INFO - 
================================================================================
DAG File Processing Stats

File Path                                      PID  Runtime      # DAGs    # Errors  Last Runtime    Last Run
-------------------------------------------  -----  ---------  --------  ----------  --------------  -------------------
/opt/airflow/dags/youtube_monitoring_dag.py                           1           0  0.57s           2026-03-11T11:37:40
/opt/airflow/dags/youtube_data_warehouse.py                           1           0  0.89s           2026-03-11T11:37:55
/opt/airflow/dags/youtube_trending_dag.py                             1           0  0.41s           2026-03-11T11:37:41
/opt/airflow/dags/youtube_analytics_dag.py    1563  0.02s             1           0  1.17s           2026-03-11T11:37:27
/opt/airflow/dags/youtube_pipeline_dag.py                             1           0  0.41s           2026-03-11T11:37:41
/opt/airflow/dags/setup_data_warehouse.py                             1           0  0.40s           2026-03-11T11:37:51
================================================================================
[2026-03-11T11:38:28.244+0000] {manager.py:879} INFO - 
================================================================================
DAG File Processing Stats

File Path                                    PID    Runtime      # DAGs    # Errors  Last Runtime    Last Run
-------------------------------------------  -----  ---------  --------  ----------  --------------  -------------------
/opt/airflow/dags/youtube_monitoring_dag.py                           1           0  0.39s           2026-03-11T11:38:12
/opt/airflow/dags/youtube_data_warehouse.py                           1           0  1.31s           2026-03-11T11:38:27
/opt/airflow/dags/youtube_trending_dag.py                             1           0  0.40s           2026-03-11T11:38:12
/opt/airflow/dags/youtube_analytics_dag.py                            1           0  0.97s           2026-03-11T11:37:58
/opt/airflow/dags/youtube_pipeline_dag.py                             1           0  0.43s           2026-03-11T11:38:12
/opt/airflow/dags/setup_data_warehouse.py                             1           0  0.38s           2026-03-11T11:38:22
================================================================================
